scientific_name,class,iucn_status,range_km2,range_pct_country,range_runap_km2,range_pct_runap,range_omec_km2,range_pct_omec
Nothocercus julius,Aves,LC,161091.8835383093,14.09,40430.6986236297,25.1,57702.325160059816,35.82
Nothocercus bonapartei,Aves,LC,156778.13729445517,13.71,29586.53701780792,18.87,49207.03995874146,31.39
Tinamus tao,Aves,VU,251734.12841114943,22.01,56928.34897357404,22.61,87230.96067513306,34.65
Tinamus osgoodi,Aves,VU,94026.02501960192,8.22,17673.55811676706,18.8,28583.33214940616,30.4
Tinamus major,Aves,LC,889954.4856684144,77.81,172956.94073588366,19.43,261219.4532470697,29.35
Tinamus guttatus,Aves,NT,671485.3514060178,58.71,124579.09976262695,18.55,195887.43585510255,29.17
Crypturellus berlepschi,Aves,LC,73432.01819281008,6.42,8997.532525254883,12.25,11084.92874884082,15.1
Crypturellus cinereus,Aves,LC,671250.8487764252,58.69,129589.22858803412,19.31,197442.9283307269,29.41
Crypturellus soui,Aves,LC,839180.9047301813,73.37,147012.4655885218,17.52,238874.0535500156,28.47
Crypturellus obsoletus,Aves,LC,105547.61971430611,9.23,21016.718459319854,19.91,34388.249028851125,32.58
Crypturellus undulatus,Aves,LC,642738.339180294,56.2,116697.79214686793,18.16,179604.9156292107,27.94
Crypturellus erythropus,Aves,LC,21441.96961096823,1.87,1379.8968898507997,6.44,2762.5641097966613,12.88
Crypturellus variegatus,Aves,LC,403445.6818431269,35.28,100946.10431553224,25.02,138555.82900890725,34.34
Anhima cornuta,Aves,LC,808262.1474599445,70.67,150529.9574473201,18.62,231150.75156075225,28.6
Chauna chavaria,Aves,LC,118839.27658818882,10.39,12401.70997398584,10.44,47005.677077808105,39.55
Dendrocygna bicolor,Aves,LC,295240.39382958255,25.81,46763.1540537191,15.84,101072.36285293291,34.23
Dendrocygna viduata,Aves,LC,707130.6504041324,61.83,125456.5472538064,17.74,232226.10756260395,32.84
Dendrocygna autumnalis,Aves,LC,512012.7389029924,44.77,88429.44308837125,17.27,168616.25732485825,32.93
Oressochen jubatus,Aves,NA,367665.7576520597,32.15,63208.2745361001,17.19,106549.59665601196,28.98
Cairina moschata,Aves,LC,868514.1089684715,75.94,164459.44889330346,18.94,266273.82087402977,30.66
Amazonetta brasiliensis,Aves,LC,225777.72434168204,19.74,28263.152910390625,12.52,45396.928805984375,20.11
Merganetta armata,Aves,LC,86057.46980153726,7.52,20023.059391531067,23.27,30070.761340267574,34.94
Anas bahamensis,Aves,LC,3663.290217161933,0.32,479.724204375,13.1,1393.98078996875,38.05
Anas georgica,Aves,LC,3785.0974602891783,0.33,634.9079926760254,16.77,1769.4242566447754,46.75
Aythya collaris,Aves,LC,15095.423806242814,1.32,1417.694288421875,9.39,2251.728732375,14.92
Aythya affinis,Aves,LC,339286.21421831276,29.67,55679.00204795117,16.41,111735.91927225636,32.93
Nomonyx dominicus,Aves,LC,799360.9303168347,69.89,146737.00551499802,18.36,266879.99292403704,33.39
Oxyura jamaicensis,Aves,LC,71589.4548459497,6.26,18289.158996425416,25.55,23434.471413534364,32.73
Chamaepetes goudotii,Aves,LC,190094.03892676617,16.62,42017.88959225543,22.1,63593.418425533695,33.45
Penelope argyrotis,Aves,LC,133321.31084009042,11.66,33992.7448567724,25.5,49630.20102105017,37.23
Penelope ortoni,Aves,EN,102405.22784826758,8.95,12294.591640868408,12.01,16605.98494289209,16.22
Penelope montagnii,Aves,LC,109842.76940249214,9.6,29259.088414107544,26.64,40488.89772348303,36.86
Penelope jacquacu,Aves,LC,548285.8999998362,47.94,116013.21169405272,21.16,176449.66659834125,32.18
Penelope purpurascens,Aves,NT,560651.7923754567,49.02,127409.17869176171,22.73,215932.3174920455,38.51
Penelope perspicax,Aves,VU,51624.50965838749,4.51,14524.919027904569,28.14,18739.68597270587,36.3
Aburria aburri,Aves,LC,231656.47695983335,20.26,43892.49207478223,18.95,68031.74007965236,29.37
Ortalis cinereiceps,Aves,LC,7704.262786254281,0.67,1408.772400591797,18.29,2222.573184560547,28.85
Ortalis garrula,Aves,LC,76127.40434504193,6.66,6783.202936628418,8.91,37639.613382803225,49.44
Ortalis ruficauda,Aves,LC,292852.3684924443,25.61,41909.40351979712,14.31,80838.6585283313,27.6
Ortalis erythroptera,Aves,VU,349.4628776917898,0.03,1.897018875,0.54,33.961772875,9.72
Ortalis columbiana,Aves,LC,119883.26850432307,10.48,17402.05403005229,14.52,32320.47488173173,26.96
Ortalis guttata,Aves,LC,664717.6123722167,58.12,108830.55665896831,16.37,184234.4122988707,27.72
Ortalis motmot,Aves,LC,570222.3986623844,49.86,114151.10900148976,20.02,179610.9054614286,31.5
Nothocrax urumutum,Aves,LC,173277.5374861012,15.15,33808.9400120896,19.51,34824.28638780835,20.1
Crax rubra,Aves,VU,32543.02505607238,2.85,7069.436959933594,21.72,8574.235529871094,26.35
Crax alberti,Aves,CR,119645.63345358292,10.46,16983.541069293944,14.19,45846.20367812305,38.32
Crax daubentoni,Aves,NT,1149.127190742943,0.1,0.0012845400390625,0,1.27454825,0.11
Crax alector,Aves,LC,81282.94339646012,7.11,8283.841720375,10.19,17928.294424359374,22.06
Crax globulosa,Aves,EN,88027.07549139691,7.7,18043.62615425,20.5,18487.65965825,21
Mitu tomentosum,Aves,LC,476964.1394838312,41.7,83054.81578671851,17.41,139707.38343315016,29.29
Mitu salvini,Aves,LC,234697.7518038256,20.52,50710.30953058569,21.61,68299.60855439038,29.1
Mitu tuberosum,Aves,NT,130425.53911939186,11.4,22613.886983196287,17.34,24196.6043483916,18.55
Pauxi pauxi,Aves,VU,13790.173710090248,1.21,2170.116456025177,15.74,6632.812583897858,48.1
Rhynchortyx cinctus,Aves,NT,21425.705641438304,1.87,2547.2034156796876,11.89,3547.286436113281,16.56
Colinus cristatus,Aves,LC,218549.0357942055,19.11,22500.720914377867,10.3,66642.92466841657,30.49
Odontophorus gujanensis,Aves,LC,1012617.8805008607,88.54,181218.44209297025,17.9,288091.3264739988,28.45
Odontophorus atrifrons,Aves,LC,68925.60547084115,6.03,18134.075113216277,26.31,22194.971708746856,32.2
Odontophorus erythrops,Aves,LC,8124.075922713329,0.71,292.074237375,3.6,790.788509375,9.73
Odontophorus hyperythrus,Aves,LC,72130.73751971651,6.31,17040.45756214313,23.62,24314.16841275903,33.71
Odontophorus melanonotus,Aves,LC,2479.220173805882,0.22,61.17581559375,2.47,247.63866359375,9.99
Odontophorus speciosus,Aves,LC,9627.980237448635,0.84,2825.292078812256,29.34,3073.575751812256,31.92
Odontophorus strophium,Aves,VU,46180.79116185085,4.04,8932.978073697228,19.34,13232.595223277214,28.65
Phoenicopterus ruber,Aves,LC,781.2798037268889,0.07,150.51517190625,19.27,188.5385884375,24.13
Tachybaptus dominicus,Aves,LC,962456.6576039494,84.15,176639.1472648534,18.35,302758.72074370825,31.46
Podilymbus podiceps,Aves,LC,49235.209386911105,4.3,6826.75492970044,13.87,20131.005831103023,40.89
Podiceps occipitalis,Aves,LC,2670.030952925371,0.23,456.16029325317385,17.08,1492.6184691906735,55.9
Columba livia,Aves,LC,249352.39039176452,21.8,48478.3208984013,19.44,86469.48315228894,34.68
Patagioenas speciosa,Aves,LC,1052265.7139599638,92.01,192520.89015649472,18.3,317897.43225571816,30.21
Patagioenas corensis,Aves,LC,140.44452416109146,0.01,23.292382,16.58,23.292382,16.58
Patagioenas fasciata,Aves,LC,152194.9674730626,13.31,37973.2561898719,24.95,53915.8791203709,35.43
Patagioenas cayennensis,Aves,LC,952683.0851180496,83.3,184076.74673513483,19.32,295960.3481944158,31.07
Patagioenas plumbea,Aves,LC,611792.8159237955,53.49,123196.4251482312,20.14,186085.1778605825,30.42
Patagioenas subvinacea,Aves,LC,900019.5089746139,78.69,164931.91033028657,18.33,248746.64950688975,27.64
Patagioenas nigrirostris,Aves,LC,0,0,0,NA,0,NA
Patagioenas goodsoni,Aves,LC,35315.31753044664,3.09,5982.157020874023,16.94,7571.552671344239,21.44
Geotrygon purpurata,Aves,EN,11728.589030975918,1.03,2254.3801234592283,19.22,3875.292258174317,33.04
Geotrygon saphirina,Aves,LC,57937.5684039778,5.07,7992.0571271105955,13.79,12876.801923087158,22.23
Geotrygon montana,Aves,LC,767267.7122059119,67.09,157821.67955861584,20.57,234570.43575473767,30.57
Leptotila verreauxi,Aves,LC,628841.721876387,54.98,134994.70553042222,21.47,241547.35585781667,38.41
Leptotila cassinii,Aves,LC,143716.18856529958,12.57,17844.252951923827,12.42,52296.617218365725,36.39
Leptotila conoveri,Aves,NT,32200.4060555875,2.82,6010.45050516581,18.67,9679.723484855936,30.06
Leptotila plumbeiceps,Aves,LC,50306.32425094823,4.4,6766.7543110592915,13.45,12643.305174099089,25.13
Leptotila rufaxilla,Aves,LC,931079.7078226164,81.41,167975.79492079004,18.04,262413.81371625536,28.18
Leptotila pallida,Aves,LC,7831.936884254334,0.68,265.617416125,3.39,688.628440125,8.79
Zentrygon frenata,Aves,LC,243990.25416614735,21.33,40083.175531849745,16.43,67598.12827662635,27.71
Zentrygon linearis,Aves,LC,142547.29484160585,12.46,38047.478574859495,26.69,53478.19648988765,37.52
Zenaida asiatica,Aves,LC,25035.91733744979,2.19,2511.019961875,10.03,4042.298745875,16.15
Zenaida auriculata,Aves,LC,165155.69859088867,14.44,31778.269915110137,19.24,48716.20886261697,29.5
Claravis pretiosa,Aves,LC,771508.2782808362,67.46,123607.49054846636,16.02,225767.7087707036,29.26
Metriopelia melanoptera,Aves,LC,2286.281052441316,0.2,275.5881351098633,12.05,1192.4518706098634,52.16
Columbina passerina,Aves,LC,13149.205468788885,1.15,1061.6179775,8.07,1455.2943810625,11.07
Columbina minuta,Aves,LC,1003165.7392134176,87.71,177998.3381809725,17.74,309001.3999838087,30.8
Columbina talpacoti,Aves,LC,613833.6027871221,53.67,117477.2395636114,19.14,203667.56442752745,33.18
Columbina buckleyi,Aves,LC,0,0,0,NA,0,NA
Columbina squammata,Aves,LC,306134.4868250407,26.77,61399.36636126856,20.06,109227.26871672607,35.68
Columbina cruziana,Aves,LC,0,0,0,NA,0,NA
Columbina picui,Aves,LC,0,0,0,NA,0,NA
Crotophaga major,Aves,LC,984352.8623918326,86.07,182466.22692746125,18.54,297673.49151947093,30.24
Crotophaga ani,Aves,LC,765335.0214415055,66.92,143547.25973622466,18.76,224485.7036047335,29.33
Crotophaga sulcirostris,Aves,LC,70868.54654282249,6.2,9726.346023339844,13.72,27193.735912874025,38.37
Tapera naevia,Aves,LC,717322.6782865636,62.72,137247.17098162835,19.13,244635.3673301298,34.1
Dromococcyx phasianellus,Aves,LC,964755.6109176582,84.35,155715.80409330165,16.14,267586.0925926269,27.74
Dromococcyx pavoninus,Aves,LC,237663.62718357117,20.78,52738.35571415579,22.19,91454.1144985626,38.48
Neomorphus geoffroyi,Aves,VU,426310.62683905184,37.27,96659.61627247704,22.67,148757.2555009729,34.89
Neomorphus radiolosus,Aves,VU,43601.72459765753,3.81,6191.12107069812,14.2,7650.082781006012,17.55
Neomorphus rufipennis,Aves,LC,0,0,0,NA,0,NA
Piaya cayana,Aves,LC,739500.1281259244,64.66,155263.04672135436,21,230234.23723572277,31.13
Piaya melanogaster,Aves,LC,787676.6306228744,68.87,136330.83081646924,17.31,213880.0285353153,27.15
Coccyzus melacoryphus,Aves,LC,947564.726261364,82.85,173117.29756086107,18.27,267032.3684791416,28.18
Coccyzus americanus,Aves,LC,423152.7378338754,37,106497.91333492428,25.17,184755.38204651605,43.66
Coccyzus minor,Aves,LC,921.1506295238664,0.08,306.7149520625,33.3,544.111224046875,59.07
Coccyzus erythropthalmus,Aves,LC,207684.26141170325,18.16,44881.22996376312,21.61,69942.7261346698,33.68
Coccyzus lansbergi,Aves,LC,0,0,0,NA,0,NA
Steatornis caripensis,Aves,LC,504765.5077284612,44.13,114430.9152676324,22.67,182059.58986703283,36.07
Nyctibius grandis,Aves,LC,857831.7836347104,75.01,159707.71333608404,18.62,242852.2169891165,28.31
Nyctibius aethereus,Aves,LC,341139.14893412543,29.83,96176.5691688252,28.19,133663.873125958,39.18
Nyctibius griseus,Aves,LC,961919.4384354292,84.11,182204.9108625001,18.94,280318.5870961371,29.14
Nyctibius maculosus,Aves,LC,64364.1000363281,5.63,15843.413656460938,24.62,21445.350173370607,33.32
Chordeiles rupestris,Aves,LC,593756.679408005,51.92,108192.3624346416,18.22,166087.48541774903,27.97
Chordeiles acutipennis,Aves,LC,428096.19229591056,37.43,76693.10557097364,17.91,136421.25737817798,31.87
Chordeiles minor,Aves,LC,788698.843739016,68.96,166059.0214239309,21.05,271675.73518470663,34.45
Lurocalis semitorquatus,Aves,LC,533296.7606757045,46.63,121552.63806351392,22.79,180535.31962131857,33.85
Lurocalis rufiventris,Aves,LC,237420.53801258447,20.76,47291.17704409772,19.92,70180.22817149945,29.56
Nyctiprogne leucopyga,Aves,LC,513125.26314922,44.87,97459.72625458692,18.99,168855.8727469209,32.91
Nyctipolus nigrescens,Aves,LC,192633.54966685863,16.84,39301.97735425757,20.4,41520.98071138257,21.55
Systellura longirostris,Aves,LC,110945.8004637969,9.7,30426.3101903233,27.42,41100.277273965454,37.05
Nyctidromus albicollis,Aves,LC,986573.2633542411,86.26,185794.7121884422,18.83,297433.8579195758,30.15
Uropsalis segmentata,Aves,LC,122325.73380621558,10.7,32708.00232280377,26.74,45475.27882014112,37.18
Uropsalis lyra,Aves,LC,117347.56634757004,10.26,23490.431093363677,20.02,37208.15216430029,31.71
Hydropsalis maculicaudus,Aves,LC,539808.7606251838,47.2,99691.88178017146,18.47,170372.02621094696,31.56
Hydropsalis climacocerca,Aves,LC,467670.5920699424,40.89,107759.52472404273,23.04,157815.82022984742,33.75
Nyctiphrynus rosenbergi,Aves,LC,27399.266968727043,2.4,2529.189614419922,9.23,3491.6549905976563,12.74
Nyctiphrynus ocellatus,Aves,LC,289683.4082504802,25.33,81332.77053161303,28.08,120236.89151498803,41.51
Antrostomus rufus,Aves,LC,448079.3519803279,39.18,54222.76573486249,12.1,120726.54272047308,26.94
Cypseloides cherriei,Aves,LC,3282.494408568338,0.29,134.942365875,4.11,538.408254375,16.4
Cypseloides cryptus,Aves,LC,51427.32555805529,4.5,7258.533238234131,14.11,8589.467139671631,16.7
Cypseloides lemosi,Aves,LC,193738.67027095635,16.94,34709.53560244305,17.92,53934.92859157752,27.84
Streptoprocne rutila,Aves,LC,215722.00330502447,18.86,45001.89445949167,20.86,70026.23084123676,32.46
Streptoprocne zonaris,Aves,LC,354938.1771856729,31.03,64588.06527332794,18.2,99871.07342432592,28.14
Chaetura spinicaudus,Aves,LC,55434.001521062266,4.85,12271.88870942932,22.14,18753.19271373645,33.83
Chaetura cinereiventris,Aves,LC,843266.6198915341,73.73,160828.49164927404,19.07,244894.53980094788,29.04
Chaetura pelagica,Aves,VU,493589.9591706036,43.16,121445.25497975876,24.6,172223.71790946508,34.89
Chaetura chapmani,Aves,LC,668780.239581022,58.48,110826.75890161296,16.57,211744.11885674417,31.66
Chaetura brachyura,Aves,LC,895583.1343259374,78.31,175765.36163041284,19.63,272468.53078143304,30.42
Aeronautes montivagus,Aves,LC,184641.7476935613,16.14,37322.14133449493,20.21,59514.283364705814,32.23
Tachornis squamata,Aves,LC,420754.76640868647,36.79,90653.29317666969,21.55,131454.89004929565,31.24
Panyptila cayennensis,Aves,LC,981121.6392521142,85.79,177720.78794052545,18.11,276996.73334132275,28.23
Topaza pyra,Aves,LC,582765.5009302844,50.95,129491.4997850877,22.22,201752.23255097735,34.62
Florisuga mellivora,Aves,LC,690339.9158579828,60.36,153388.50383341886,22.22,229938.45043397663,33.31
Eutoxeres aquila,Aves,LC,319015.5408211099,27.89,58963.48408359567,18.48,92880.72431111713,29.11
Eutoxeres condamini,Aves,LC,10326.565645240358,0.9,2226.3463492539063,21.56,2499.1595394960937,24.2
Glaucis aeneus,Aves,LC,22854.36968518955,2,1987.213317859375,8.7,3831.7627986972657,16.77
Glaucis hirsutus,Aves,LC,1017280.2121865394,88.95,189532.58071819833,18.63,314439.2461737185,30.91
Threnetes ruckeri,Aves,LC,121615.1481210825,10.63,18297.698651975585,15.05,34379.152470366214,28.27
Threnetes leucurus,Aves,LC,242627.45332624728,21.21,38229.02421070874,15.76,52965.365766206785,21.83
Phaethornis rupurumii,Aves,LC,232033.67635557408,20.29,12814.566916116944,5.52,25937.479340679445,11.18
Phaethornis atrimentalis,Aves,LC,546714.4591076971,47.8,127643.61687995764,23.35,202368.2770433832,37.02
Phaethornis striigularis,Aves,LC,288411.1365464202,25.22,54894.10843930777,19.03,93275.41085269029,32.34
Phaethornis griseogularis,Aves,LC,276322.68070050876,24.16,46256.175109846925,16.74,77250.81731623175,27.96
Phaethornis ruber,Aves,LC,602303.1574407574,52.66,101147.38161496483,16.79,170764.1695622679,28.35
Phaethornis augusti,Aves,LC,184925.6945530195,16.17,43823.358581964785,23.7,66843.64028274245,36.15
Phaethornis anthophilus,Aves,LC,530535.6887503292,46.39,65088.83325656752,12.27,142618.518647941,26.88
Phaethornis hispidus,Aves,LC,842445.369912492,73.66,145575.6907640644,17.28,231793.55702216973,27.51
Phaethornis yaruqui,Aves,LC,69341.4153095871,6.06,13621.735603758423,19.64,19563.932075403565,28.21
Phaethornis guy,Aves,LC,298314.567811856,26.08,52270.33869225541,17.52,92173.89107626009,30.9
Phaethornis syrmatophorus,Aves,LC,246231.21587264605,21.53,47082.43054736102,19.12,73175.73278104578,29.72
Phaethornis bourcieri,Aves,LC,334817.4760018698,29.28,89929.3887070127,26.86,125578.7550743877,37.51
Phaethornis longirostris,Aves,LC,94149.34966392252,8.23,17259.7281480625,18.33,36578.14297558203,38.85
Phaethornis superciliosus,Aves,LC,1118699.5129724322,97.81,195930.93909614335,17.51,327584.1550878757,29.28
Phaethornis malaris,Aves,LC,396872.5287818967,34.7,74386.60605973913,18.74,114228.5705251588,28.78
Doryfera ludovicae,Aves,LC,209048.55549577455,18.28,39686.801310241055,18.98,64507.43024609696,30.86
Doryfera johannae,Aves,LC,87109.4737811561,7.62,15125.671319299105,17.36,27805.276052171663,31.92
Schistes albogularis,Aves,LC,45084.729510148376,3.94,12610.21385284576,27.97,18082.473128003658,40.11
Schistes geoffroyi,Aves,LC,178794.46951651093,15.63,32604.800146138732,18.24,55113.119870518065,30.82
Colibri delphinae,Aves,LC,397721.4442446638,34.78,71138.1130191073,17.89,117888.30630003993,29.64
Colibri coruscans,Aves,LC,142054.97523079076,12.42,35824.65513396252,25.22,50946.110406914304,35.86
Androdon aequatorialis,Aves,LC,97426.3461397664,8.52,11723.467036875,12.03,15338.395777774414,15.74
Heliothryx barroti,Aves,LC,139508.43861519382,12.2,23303.812478098647,16.7,42081.63703146415,30.16
Heliothryx auritus,Aves,LC,446002.38221771416,39,107087.26038064135,24.01,162759.40427000268,36.49
Polytmus guainumbi,Aves,LC,576770.885353796,50.43,116265.4914676305,20.16,168773.9858908756,29.26
Polytmus theresiae,Aves,LC,439736.2501479606,38.45,100978.32516247558,22.96,141187.9642110459,32.11
Chrysolampis mosquitus,Aves,LC,0,0,0,NA,0,NA
Anthracothorax prevostii,Aves,LC,0,0,0,NA,0,NA
Anthracothorax nigricollis,Aves,LC,1007689.4644289422,88.11,185157.504482746,18.37,295552.7438604202,29.33
Heliangelus amethysticollis,Aves,LC,64722.00502010027,5.66,17071.807684988464,26.38,23133.188835757857,35.74
Heliangelus strophianus,Aves,LC,1867.2795353710555,0.16,33.0641455625,1.77,225.0444335625,12.05
Heliangelus exortis,Aves,LC,57673.19195037795,5.04,16825.85794866705,29.17,23081.31737531274,40.02
Discosura conversii,Aves,LC,52968.81594847478,4.63,12862.421956001404,24.28,17518.54164030133,33.07
Discosura popelairii,Aves,LC,7555.64229349464,0.66,2090.893198660156,27.67,2185.4459539023437,28.92
Discosura langsdorffi,Aves,LC,356157.4083982296,31.14,85664.27835993408,24.05,121782.03028008886,34.19
Lophornis delattrei,Aves,LC,785783.8333878642,68.71,135710.03887135023,17.27,232243.1593086937,29.56
Lophornis stictolophus,Aves,LC,5784.021503944669,0.51,1618.6173713208009,27.98,1657.070456435547,28.65
Phlogophilus hemileucurus,Aves,LC,57550.97780187576,5.03,11838.334784035584,20.57,19303.011695192992,33.54
Adelomyia melanogenys,Aves,LC,153342.66133160156,13.41,33329.57991345092,21.74,51380.98592498382,33.51
Aglaiocercus kingii,Aves,LC,144165.2423631916,12.61,34975.85570612417,24.26,51228.65585522672,35.53
Aglaiocercus coelestis,Aves,LC,34554.800418968494,3.02,7256.190142607387,21,10072.981287627164,29.15
Oreotrochilus chimborazo,Aves,LC,0,0,0,NA,0,NA
Opisthoprora euryptera,Aves,LC,214315.0396737575,18.74,45334.278766125215,21.15,70253.29152030288,32.78
Lesbia victoriae,Aves,LC,17218.413893698194,1.51,2903.5390752155763,16.86,4117.542104830566,23.91
Lesbia nuna,Aves,LC,50418.19678089855,4.41,13067.61243751831,25.92,17421.840436113052,34.55
Ramphomicron dorsale,Aves,NT,3447.0024035085894,0.3,2824.05355146875,81.93,2824.076079199219,81.93
Ramphomicron microrhynchum,Aves,LC,78859.78553971645,6.9,24092.06440199081,30.55,30942.450639238003,39.24
Chalcostigma stanleyi,Aves,LC,2250.3924020819586,0.2,388.4077605891113,17.26,1253.6066405266113,55.71
Chalcostigma heteropogon,Aves,LC,119736.4090040242,10.47,29474.637171922364,24.62,43804.75121607739,36.58
Chalcostigma herrani,Aves,LC,27250.34685198296,2.38,9664.57977723828,35.47,12300.790073795106,45.14
Chalcostigma ruficeps,Aves,LC,0,0,0,NA,0,NA
Oxypogon stubelii,Aves,NA,1137.2317886328062,0.1,615.2517875688477,54.1,643.7758091938476,56.61
Oxypogon guerinii,Aves,LC,10586.87203022724,0.93,5378.050082995605,50.8,5762.213412083008,54.43
Metallura tyrianthina,Aves,LC,90152.69811126262,7.88,29020.64694087964,32.19,36328.27312399042,40.3
Metallura iracunda,Aves,NT,3451.2131131672604,0.3,1097.1647928125,31.79,1772.7440413125,51.37
Metallura williami,Aves,LC,33103.71627857513,2.89,9837.3969207619,29.72,13095.854697695437,39.56
Haplophaedia aureliae,Aves,LC,330518.87775097945,28.9,60822.28369156186,18.4,96899.6945768102,29.32
Haplophaedia lugens,Aves,NT,19522.56023891847,1.71,3558.5366353400877,18.23,5734.025103277588,29.37
Eriocnemis vestita,Aves,LC,52646.51168088292,4.6,16958.897039209718,32.21,20145.67637512036,38.27
Eriocnemis derbyi,Aves,LC,31682.278809068237,2.77,8910.294291927792,28.12,11572.474263672604,36.53
Eriocnemis cupreoventris,Aves,LC,20404.005130055328,1.78,4815.429067626221,23.6,6589.834981124512,32.3
Eriocnemis luciani,Aves,LC,4928.8953453443055,0.43,781.8554943391114,15.86,2363.0455422766113,47.94
Eriocnemis mosquera,Aves,LC,19670.620022501014,1.72,7153.471595760681,36.37,8550.199971136353,43.47
Eriocnemis aline,Aves,LC,94695.8575738882,8.28,22345.235393326173,23.6,31624.71029025464,33.4
Aglaeactis cupripennis,Aves,LC,47883.69668122624,4.19,15710.29584509082,32.81,19269.857199685302,40.24
Coeligena coeligena,Aves,LC,173438.8925146132,15.16,35998.012380558575,20.76,56896.55070510374,32.8
Coeligena wilsoni,Aves,LC,26200.175948790125,2.29,5911.897668071346,22.56,7653.9879718864095,29.21
Coeligena prunellei,Aves,VU,28291.68452119653,2.47,4511.874527281739,15.95,6184.085161680664,21.86
Coeligena torquata,Aves,LC,186763.71806289183,16.33,43788.907889340335,23.45,62124.91260117743,33.26
Coeligena phalerata,Aves,NT,3788.766762656413,0.33,3111.847909671875,82.13,3111.847909203125,82.13
Coeligena orina,Aves,EN,3347.523664909681,0.29,1403.3447937519531,41.92,1424.3629103984374,42.55
Coeligena lutetiae,Aves,LC,40693.12445996345,3.56,11643.946047821712,28.61,16208.6480114508,39.83
Coeligena bonapartei,Aves,LC,101427.7841681604,8.87,19500.631995322452,19.23,26372.744274891727,26
Coeligena helianthea,Aves,LC,111455.36451794748,9.75,28160.13227231963,25.27,41393.82220823394,37.14
Lafresnaya lafresnayi,Aves,LC,119009.58835781024,10.41,36027.63287378729,30.27,47303.34383426331,39.75
Ensifera ensifera,Aves,LC,83484.38691674657,7.3,23608.38031889306,28.28,30487.377592094355,36.52
Pterophanes cyanopterus,Aves,LC,86668.34017034758,7.58,23787.402584419004,27.45,31633.83222396545,36.5
Boissonneaua flavescens,Aves,LC,107187.27577603304,9.37,29359.83084730722,27.39,40785.0424127764,38.05
Boissonneaua matthewsii,Aves,LC,19082.175482338433,1.67,3596.558947064209,18.85,7015.19609047876,36.76
Boissonneaua jardini,Aves,LC,20161.400959945702,1.76,4915.178852331054,24.38,5492.039305582061,27.24
Ocreatus underwoodii,Aves,LC,183802.06643477804,16.07,36379.28458940711,19.79,58271.56979444202,31.7
Urochroa bougueri,Aves,LC,82659.35165711158,7.23,15388.06195722052,18.62,22549.943946574214,27.28
Urochroa leucura,Aves,LC,63815.37166440376,5.58,12552.572452701335,19.67,18671.674073652204,29.26
Urosticte benjamini,Aves,LC,106073.36381654305,9.27,21823.41570298102,20.57,31108.73650931787,29.33
Urosticte ruficrissa,Aves,LC,8960.495037446924,0.78,2674.260946338623,29.85,2842.672122338623,31.72
Heliodoxa schreibersii,Aves,LC,19391.53086719845,1.7,3204.9619725567018,16.53,5012.989931860535,25.85
Heliodoxa aurescens,Aves,LC,51275.99731590838,4.48,6611.5921819270325,12.89,11677.51042219754,22.77
Heliodoxa rubinoides,Aves,LC,259504.55256827755,22.69,49364.25555774255,19.02,77445.80708385778,29.84
Heliodoxa jacula,Aves,LC,212680.34046415708,18.6,42002.56914022141,19.75,67178.9425536066,31.59
Heliodoxa imperatrix,Aves,LC,18661.343119536257,1.63,4816.895879685058,25.81,5452.389509049347,29.22
Heliodoxa leadbeateri,Aves,LC,139360.1726339881,12.19,25802.217152573823,18.51,44014.16618596514,31.58
Patagona gigas,Aves,LC,0,0,0,NA,0,NA
Heliomaster longirostris,Aves,LC,952637.476798884,83.29,183018.4263532074,19.21,286655.65455604676,30.09
Chaetocercus mulsant,Aves,LC,170056.0283824186,14.87,39434.03594360509,23.19,58738.86003246197,34.54
Chaetocercus bombus,Aves,NT,11604.450390273296,1.01,677.6909402700195,5.84,3987.5076490512697,34.36
Chaetocercus heliodor,Aves,LC,135838.64632555493,11.88,31576.9047435567,23.25,44881.37542484961,33.04
Chaetocercus astreans,Aves,LC,877.4669372559781,0.08,385.83326746875,43.97,385.85579519921873,43.97
Calliphlox amethystina,Aves,LC,447283.3247223423,39.11,99323.51729893482,22.21,151686.04333157692,33.91
Calliphlox mitchellii,Aves,NA,201671.02943653485,17.63,36834.216006474424,18.26,54421.92910720973,26.99
Chlorostilbon melanorhynchus,Aves,NA,116306.89770579687,10.17,19304.94287164386,16.6,32462.70490580664,27.91
Chlorostilbon gibsoni,Aves,LC,197110.9745193942,17.23,19360.736656751847,9.82,61549.02939607838,31.23
Chlorostilbon mellisugus,Aves,LC,951226.0503029828,83.17,184249.2722232323,19.37,295990.2106742384,31.12
Chlorostilbon russatus,Aves,LC,98103.09951362052,8.58,11373.037670042206,11.59,38738.96260599979,39.49
Chlorostilbon poortmani,Aves,LC,27528.943867298563,2.41,5453.840084791015,19.81,6061.3205313095705,22.02
Klais guimeti,Aves,LC,190301.6177900783,16.64,31166.11288802655,16.38,56739.136301149294,29.82
Anthocephala floriceps,Aves,VU,5860.155645934598,0.51,4413.981706167969,75.32,4414.004237910156,75.32
Anthocephala berlepschi,Aves,VU,10668.346834954618,0.93,1622.4676405672608,15.21,3327.301172016052,31.19
Campylopterus largipennis,Aves,LC,337671.874183353,29.52,72833.74266773902,21.57,110167.55374198708,32.63
Campylopterus falcatus,Aves,LC,172286.74036442742,15.06,46024.75768990474,26.71,65421.483873684374,37.97
Campylopterus phainopeplus,Aves,CR,7007.598096988575,0.61,5012.40036775,71.53,5012.40036784375,71.53
Campylopterus villaviscensio,Aves,LC,14457.125765152254,1.26,2912.058318615967,20.14,3348.404666858154,23.16
Chalybura buffonii,Aves,LC,668068.5617958286,58.41,141960.15991753063,21.25,247634.2667712796,37.07
Chalybura urochrysia,Aves,LC,161651.05196146294,14.13,33268.4985172277,20.58,54987.02471108115,34.02
Thalurania colombica,Aves,LC,149939.01145320132,13.11,31858.39102590129,21.25,50139.905385345795,33.44
Thalurania furcata,Aves,LC,701518.7176406798,61.34,129606.03616949586,18.48,203199.32242233813,28.97
Goldmania violiceps,Aves,NT,0,0,0,NA,0,NA
Phaeochroa cuvierii,Aves,LC,27659.55994276454,2.42,2502.1047749140625,9.05,16120.23763076172,58.28
Leucippus fallax,Aves,LC,13509.897260147533,1.18,915.5838004328308,6.78,915.5838009685364,6.78
Taphrospilus hypostictus,Aves,LC,74099.96836237423,6.48,13016.15707213214,17.57,20544.692388543703,27.73
Amazilia tzacatl,Aves,LC,325485.25952112116,28.46,56506.250016138736,17.36,102471.10228472827,31.48
Chrysuronia oenone,Aves,LC,162106.75631100053,14.17,24582.12392531556,15.16,46696.443662673955,28.81
Hylocharis sapphirina,Aves,LC,448502.0120935583,39.22,98971.21499381616,22.07,138146.26093819118,30.8
Chlorestes notata,Aves,LC,2148.401243210289,0.19,8.2233689296875,0.38,8.22336883935547,0.38
Opisthocomus hoazin,Aves,LC,656719.1488101623,57.42,122426.03014112286,18.64,190763.1231706855,29.05
Aramus guarauna,Aves,LC,936969.3962124896,81.92,170859.4374681839,18.24,293137.2912034893,31.29
Rallus longirostris,Aves,LC,0,0,0,NA,0,NA
Rallus semiplumbeus,Aves,VU,8178.935531864419,0.72,1798.2379480405043,21.99,1851.0011251642911,22.63
Porphyrio flavirostris,Aves,LC,529558.3454884528,46.3,97879.4125470048,18.48,140627.24675808195,26.56
Anurolimnas castaneiceps,Aves,NA,243772.84242206116,21.31,50644.10300572754,20.78,80915.812055289,33.19
Anurolimnas viridis,Aves,NA,57491.16013170281,5.03,11994.968880005616,20.86,17898.90900590845,31.13
Anurolimnas fasciatus,Aves,NA,145910.78667820003,12.76,25132.259977644288,17.22,32126.493656761475,22.02
Laterallus melanophaius,Aves,LC,249806.99428706133,21.84,47710.57108174744,19.1,72176.86719916199,28.89
Laterallus albigularis,Aves,LC,269448.15352275467,23.56,40161.26826009668,14.91,84502.33791867031,31.36
Laterallus exilis,Aves,LC,722501.5505053045,63.17,124270.89456632032,17.2,191855.81837701073,26.55
Laterallus jamaicensis,Aves,EN,0,0,0,NA,0,NA
Micropygia schomburgkii,Aves,LC,189.75552395522467,0.02,0,0,0,0
Pardirallus maculatus,Aves,LC,174662.0787127454,15.27,30638.152276950255,17.54,53896.29131889984,30.86
Pardirallus nigricans,Aves,LC,191555.266499539,16.75,33167.286426532606,17.31,52743.73579948207,27.53
Amaurolimnas concolor,Aves,LC,980396.0425881258,85.72,175947.38126803303,17.95,276987.2645995496,28.25
Aramides wolfi,Aves,LC,387.9193785800072,0.03,12.987248,3.35,41.651164,10.74
Aramides axillaris,Aves,LC,425795.70479509153,37.23,73098.61722439139,17.17,161409.21422660677,37.91
Porzana carolina,Aves,LC,5408.762517467177,0.47,1394.788406518555,25.79,2124.1626592644043,39.27
Fulica americana,Aves,LC,118188.6993042392,10.33,20290.38342197145,17.17,30063.53295434212,25.44
Fulica ardesiaca,Aves,LC,3138.513957203585,0.27,432.1033879094238,13.77,1406.1517608239749,44.8
Heliornis fulica,Aves,LC,630433.650006321,55.12,117252.04397305036,18.6,183395.08937712575,29.09
Pluvialis dominica,Aves,LC,30822.079661938737,2.69,2794.679860527344,9.07,16606.325799721435,53.88
Pluvialis squatarola,Aves,VU,0,0,0,NA,0,NA
Vanellus chilensis,Aves,LC,928959.1503207678,81.22,168618.0631812432,18.15,287254.3471076648,30.92
Vanellus resplendens,Aves,LC,6147.110369797707,0.54,2743.963475822296,44.64,3182.619450601288,51.77
Charadrius vociferus,Aves,NT,1200.1868799665738,0.1,283.531954953125,23.62,460.01104296875,38.33
Charadrius semipalmatus,Aves,LC,1103.049822044405,0.1,261.2745228203125,23.69,370.9683073359375,33.63
Charadrius wilsonia,Aves,LC,321.531160064306,0.03,211.10168,65.66,291.751704,90.74
Charadrius collaris,Aves,LC,707785.1481032782,61.89,130379.1981673838,18.42,200557.62376623365,28.34
Charadrius nivosus,Aves,NT,0,0,0,NA,0,NA
Haematopus palliatus,Aves,LC,10.882114509577516,0,0.431316,3.96,0.431316125,3.96
Himantopus mexicanus,Aves,NA,160121.73698728543,14,21219.480135262205,13.25,56297.8190211626,35.16
Burhinus bistriatus,Aves,LC,151340.50042255613,13.23,12980.42395057422,8.58,36908.791802870546,24.39
Bartramia longicauda,Aves,LC,588733.0978668345,51.48,98120.40126701463,16.67,162372.78351702538,27.58
Numenius phaeopus,Aves,LC,26122.035953610943,2.28,3037.3144123964844,11.63,7156.311486525391,27.4
Limosa haemastica,Aves,VU,79330.13076288473,6.94,14689.848948479492,18.52,32674.73437441992,41.19
Arenaria interpres,Aves,NT,120.87279199340256,0.01,100.336984,83.01,115.102568,95.23
Calidris canutus,Aves,NT,150.25303830948576,0.01,114.173424,75.99,137.09443,91.24
Calidris himantopus,Aves,NT,54820.30550828548,4.79,8090.8800733125,14.76,19541.65105055762,35.65
Calidris alba,Aves,LC,11634.140046659371,1.02,725.54534915625,6.24,882.3378131875,7.58
Calidris bairdii,Aves,LC,62788.04551953326,5.49,19812.80048218219,31.56,25771.386070620178,41.05
Calidris minutilla,Aves,NT,33331.65209375788,2.91,3778.229677306641,11.34,9891.89530750586,29.68
Calidris melanotos,Aves,LC,440266.08400613425,38.5,121805.14379733172,27.67,196858.5934040636,44.71
Calidris pusilla,Aves,NT,1272.4569219512916,0.11,282.487293484375,22.2,565.2608051875,44.42
Calidris mauri,Aves,LC,3127.1968579469462,0.27,337.267559390625,10.78,527.854752625,16.88
Limnodromus griseus,Aves,VU,1232.3238336703232,0.11,257.046551625,20.86,371.074264,30.11
Gallinago imperialis,Aves,NT,7350.339993566531,0.64,1575.1987978898926,21.43,3528.3804938039552,48
Gallinago jamesoni,Aves,LC,20892.887961431676,1.83,6760.758531549622,32.36,9199.921798333497,44.03
Gallinago nobilis,Aves,NT,54127.61357310047,4.73,14659.936626386076,27.08,17265.531445704804,31.9
Gallinago paraguaiae,Aves,LC,673034.805542119,58.85,126046.46859890918,18.73,198286.3978617275,29.46
Phalaropus tricolor,Aves,NA,0,0,0,NA,0,NA
Actitis macularius,Aves,LC,428832.5709685464,37.5,91483.7882294432,21.33,150364.96960291188,35.06
Tringa solitaria,Aves,LC,699717.113430152,61.18,131485.90569554135,18.79,232311.17340087128,33.2
Tringa incana,Aves,LC,0,0,0,NA,0,NA
Tringa melanoleuca,Aves,NT,69920.37694865877,6.11,11847.881681799943,16.94,19045.686285965778,27.24
Tringa flavipes,Aves,VU,63521.832645441325,5.55,7134.91790501828,11.23,20764.347816430694,32.69
Jacana jacana,Aves,LC,959470.8706836205,83.89,176450.3315932553,18.39,300596.52405855944,31.33
Rynchops niger,Aves,LC,549012.6299344699,48,88864.17808266525,16.19,157125.42572593826,28.62
Chroicocephalus serranus,Aves,NA,6381.147488302376,0.56,1473.2144886398926,23.09,3263.818472553955,51.15
Leucophaeus modestus,Aves,NA,0,0,0,NA,0,NA
Leucophaeus atricilla,Aves,NA,19593.92660550777,1.71,1824.2821056777343,9.31,4068.9878035253905,20.77
Leucophaeus pipixcan,Aves,NA,0,0,0,NA,0,NA
Larus delawarensis,Aves,LC,0,0,0,NA,0,NA
Larus argentatus,Aves,LC,0,0,0,NA,0,NA
Anous stolidus,Aves,LC,0,0,0,NA,0,NA
Onychoprion fuscatus,Aves,LC,0,0,0,NA,0,NA
Sternula antillarum,Aves,LC,150.2903440058145,0.01,95.750624,63.71,151.230008,100.63
Sternula superciliaris,Aves,LC,617542.2656608941,54,113492.84410612012,18.38,172348.64948054493,27.91
Phaetusa simplex,Aves,LC,822246.6513223791,71.89,145578.5658412074,17.7,253390.72368587012,30.82
Gelochelidon nilotica,Aves,LC,1518.661549543941,0.13,361.065934,23.78,905.03439,59.59
Hydroprogne caspia,Aves,LC,1862.943829751872,0.16,531.605856,28.54,1981.437504,106.36
Larosterna inca,Aves,NT,0,0,0,NA,0,NA
Chlidonias niger,Aves,LC,133710.17552418457,11.69,22376.027887538086,16.73,51050.712799326175,38.18
Sterna dougallii,Aves,LC,0,0,0,NA,0,NA
Thalasseus elegans,Aves,NT,177.12760806608637,0.02,96.745352,54.62,113.396308,64.02
Thalasseus sandvicensis,Aves,LC,0,0,0,NA,0,NA
Thalasseus maximus,Aves,LC,0,0,0,NA,0,NA
Larus belcheri,Aves,LC,0,0,0,NA,0,NA
Eurypyga helias,Aves,LC,936845.9190931692,81.91,168641.60820532707,18,262334.801073797,28
Phaethon aethereus,Aves,LC,0,0,0,NA,0,NA
Spheniscus humboldti,Aves,VU,0,0,0,NA,0,NA
Phoebastria irrorata,Aves,CR,0,0,0,NA,0,NA
Ciconia maguari,Aves,LC,57993.614031384706,5.07,4378.883230960938,7.55,12013.153340811525,20.71
Jabiru mycteria,Aves,LC,434990.3390442091,38.03,72064.81323206208,16.57,133701.3516679483,30.74
Mycteria americana,Aves,LC,447646.4008917617,39.14,67849.9582591654,15.16,138849.1849058468,31.02
Fregata magnificens,Aves,LC,4871.291921232558,0.43,832.3074798964843,17.09,1756.1844242236327,36.05
Sula nebouxii,Aves,LC,0,0,0,NA,0,NA
Sula sula,Aves,LC,0,0,0,NA,0,NA
Sula leucogaster,Aves,LC,0,0,0,NA,0,NA
Anhinga anhinga,Aves,LC,715276.2656729162,62.54,137441.92625945245,19.22,209866.8463576784,29.34
Phalacrocorax brasilianus,Aves,NA,939391.2181760956,82.14,175283.88835871217,18.66,299558.3063056322,31.89
Pelecanus occidentalis,Aves,LC,19467.358019901483,1.7,1751.0014234160155,8.99,4533.082694728516,23.29
Tigrisoma lineatum,Aves,LC,663504.7070173816,58.01,117831.667317542,17.76,190775.7698878833,28.75
Tigrisoma fasciatum,Aves,LC,87931.81995052788,7.69,13016.791488974564,14.8,21794.473465133964,24.79
Tigrisoma mexicanum,Aves,LC,5111.769531507773,0.45,1012.345744,19.8,1872.651292,36.63
Agamia agami,Aves,NT,683771.4487923043,59.79,122673.51290942237,17.94,185086.15102122657,27.07
Cochlearius cochlearius,Aves,LC,745387.9706207729,65.17,133997.65621061937,17.98,219305.1661805371,29.42
Zebrilus undulatus,Aves,LC,112377.60824843246,9.83,19610.530840655152,17.45,19614.77172503015,17.45
Botaurus pinnatus,Aves,LC,698678.2694246733,61.09,130952.93141716222,18.74,226145.24495924328,32.37
Ixobrychus exilis,Aves,LC,570755.8813703328,49.9,140019.95317211535,24.53,227668.8815540927,39.89
Nycticorax nycticorax,Aves,LC,245900.23986236152,21.5,40884.89615228589,16.63,82150.04278026654,33.41
Nyctanassa violacea,Aves,LC,9432.71471499282,0.82,1346.1396680039063,14.27,3163.48523221875,33.54
Butorides virescens,Aves,NA,29591.80387287484,2.59,4742.23815935791,16.03,9249.117042799317,31.26
Butorides striata,Aves,LC,856457.4152147612,74.89,172929.35438690777,20.19,282903.9351205118,33.03
Bubulcus ibis,Aves,LC,884395.696538353,77.33,169637.76474008535,19.18,271605.19452963537,30.71
Ardea herodias,Aves,LC,36464.012381933775,3.19,5381.885358134766,14.76,12895.407973607422,35.36
Ardea cocoi,Aves,LC,901832.6522034372,78.85,157441.14007946505,17.46,273956.25158983533,30.38
Ardea alba,Aves,LC,890314.4729706671,77.85,170652.91161702352,19.17,282779.112681723,31.76
Syrigma sibilatrix,Aves,LC,713246.3259815569,62.36,128560.45932540194,18.02,225195.53133216168,31.57
Pilherodius pileatus,Aves,LC,755255.3991394731,66.04,132391.70224042577,17.53,213744.56220399024,28.3
Egretta tricolor,Aves,LC,19867.838957262134,1.74,1897.0444076074216,9.55,4546.321863685547,22.88
Egretta rufescens,Aves,NT,512.808540999824,0.04,162.4446770625,31.68,226.6000935625,44.19
Egretta thula,Aves,LC,927284.9308960276,81.08,175207.99008866286,18.89,294452.08028721507,31.75
Egretta caerulea,Aves,LC,952701.827451356,83.3,182619.90287521775,19.17,304402.976818599,31.95
Eudocimus albus,Aves,LC,39272.948735933925,3.43,4266.608029509765,10.86,11265.620287759766,28.69
Eudocimus ruber,Aves,LC,481623.3338998499,42.11,102458.11311456788,21.27,182378.44273025,37.87
Plegadis falcinellus,Aves,LC,100562.05442256528,8.79,12968.96097436496,12.9,36031.70976587503,35.83
Cercibis oxycerca,Aves,LC,210346.81123901292,18.39,12267.951893148438,5.83,25435.09433896875,12.09
Mesembrinibis cayennensis,Aves,LC,954875.1776526914,83.49,169580.19547058045,17.76,268911.54552582494,28.16
Phimosus infuscatus,Aves,LC,988026.5428042164,86.39,174465.89776124424,17.66,300713.94472098316,30.44
Theristicus caudatus,Aves,LC,532345.5129756464,46.55,73029.08748229437,13.72,156427.0664202919,29.38
Platalea ajaja,Aves,LC,598982.735274408,52.37,101334.41621492404,16.92,185359.44166042752,30.95
Sarcoramphus papa,Aves,LC,932217.3443811212,81.51,180539.5368854425,19.37,271682.1161827159,29.14
Vultur gryphus,Aves,VU,61086.40525132737,5.34,19297.493085854996,31.59,24362.629324499707,39.88
Coragyps atratus,Aves,LC,502809.9811787741,43.96,109581.47531585,21.79,176152.23751335806,35.03
Cathartes aura,Aves,LC,1068887.9810025597,93.46,192070.16833195055,17.97,312654.1043140211,29.25
Cathartes burrovianus,Aves,LC,776642.4735129268,67.91,132739.2146121731,17.09,235241.0575829924,30.29
Cathartes melambrotus,Aves,LC,409256.68634764635,35.78,88019.91449967163,21.51,128410.93836182592,31.38
Pandion haliaetus,Aves,LC,940273.47459881,82.21,178775.68467914336,19.01,296512.7265917117,31.53
Elanus leucurus,Aves,LC,275649.5207256441,24.1,70430.03373233102,25.55,114084.50070693546,41.39
Gampsonyx swainsonii,Aves,LC,1012387.2720762952,88.52,182350.33630220668,18.01,312208.58136520936,30.84
Chondrohierax uncinatus,Aves,LC,593320.9911191054,51.88,111223.79201788508,18.75,170935.27951273305,28.81
Leptodon cayanensis,Aves,LC,764029.8340597969,66.8,161630.21859239182,21.15,239486.26317908455,31.35
Elanoides forficatus,Aves,LC,601622.8982663319,52.6,122553.81727151312,20.37,178730.99118490668,29.71
Morphnus guianensis,Aves,NT,975667.3922486774,85.31,182282.8855179827,18.68,301218.1865142195,30.87
Harpia harpyja,Aves,VU,299640.4338224914,26.2,70531.69877762988,23.54,98037.71871352637,32.72
Spizaetus tyrannus,Aves,LC,777410.4389443637,67.97,165993.69788793853,21.35,241772.50660425873,31.1
Spizaetus melanoleucus,Aves,LC,609158.4041461471,53.26,127856.15988658868,20.99,208847.81311449097,34.28
Spizaetus ornatus,Aves,NT,586701.7430455488,51.3,137601.03159048883,23.45,195180.11742839715,33.27
Spizaetus isidori,Aves,EN,165199.2341474083,14.44,39538.086472097326,23.93,57721.96443230336,34.94
Busarellus nigricollis,Aves,LC,766790.3702077358,67.05,125342.93459196716,16.35,219895.68002546424,28.68
Rostrhamus sociabilis,Aves,LC,743141.3143881451,64.98,126408.39708472352,17.01,223775.64298761933,30.11
Helicolestes hamatus,Aves,LC,700913.9422592832,61.29,110528.30051606348,15.77,190196.42742921383,27.14
Harpagus bidentatus,Aves,LC,968457.387334897,84.68,182841.2029283604,18.88,287885.72467775503,29.73
Ictinia mississippiensis,Aves,LC,370669.68254580913,32.41,56653.53799787814,15.28,114716.2192356686,30.95
Ictinia plumbea,Aves,LC,676678.5919621183,59.17,136146.32476621197,20.12,203844.37834270325,30.12
Circus cinereus,Aves,LC,2737.503104949396,0.24,417.1286637446289,15.24,1564.250311682129,57.14
Circus buffoni,Aves,LC,44.188406902311165,0,0,0,0,0
Accipiter poliogaster,Aves,NT,353177.7241000717,30.88,100410.56388106616,28.43,138812.43031544116,39.3
Accipiter superciliosus,Aves,LC,831580.2530798895,72.71,151992.01270138097,18.28,230991.70148580067,27.78
Accipiter collaris,Aves,LC,163031.20043528036,14.25,38513.16497340954,23.62,57149.97910681744,35.05
Accipiter striatus,Aves,LC,263440.08802482096,23.03,58403.576263744595,22.17,88965.29973367228,33.77
Accipiter bicolor,Aves,LC,752867.8690937978,65.83,163549.19714844896,21.72,239577.58657289893,31.82
Geranospiza caerulescens,Aves,LC,796415.3583659325,69.64,139695.66960628078,17.54,227149.755652229,28.52
Cryptoleucopteryx plumbea,Aves,NT,98712.014268573,8.63,15207.999724700929,15.41,25963.364389932616,26.3
Buteogallus anthracinus,Aves,LC,21970.457623017945,1.92,4271.24785659552,19.44,9500.258854642396,43.24
Buteogallus meridionalis,Aves,LC,587009.2458166406,51.33,101173.95799499004,17.24,181098.34655427324,30.85
Buteogallus urubitinga,Aves,LC,883452.806049116,77.25,166089.25158697745,18.8,265646.5820293609,30.07
Rupornis magnirostris,Aves,LC,989287.5204226096,86.5,180468.48393023736,18.24,279058.6256744384,28.21
Parabuteo unicinctus,Aves,LC,29541.54962900772,2.58,6265.564959519531,21.21,8218.989563316407,27.82
Geranoaetus melanoleucus,Aves,LC,63808.85328889459,5.58,21650.02281278772,33.93,26521.66376137097,41.56
Leucopternis semiplumbeus,Aves,LC,14733.152150347045,1.29,1761.2887673671876,11.95,2490.9553033007815,16.91
Leucopternis melanops,Aves,LC,586313.3501633782,51.26,114512.400975385,19.53,170750.78093892115,29.12
Buteo nitidus,Aves,LC,876517.683499388,76.64,167277.32401787123,19.08,283930.87887590454,32.39
Buteo platypterus,Aves,LC,500676.6568331651,43.78,121142.76286500762,24.2,201154.53669380065,40.18
Buteo albigula,Aves,LC,0,0,0,NA,0,NA
Buteo brachyurus,Aves,LC,589568.2005534716,51.55,129263.6555409273,21.93,201414.16985194528,34.16
Buteo swainsoni,Aves,LC,408771.6364109675,35.74,74918.83372293842,18.33,138804.49626934316,33.96
Buteo albonotatus,Aves,LC,359233.4763672166,31.41,96198.63131980885,26.78,149946.59590047778,41.74
Tyto alba,Aves,LC,354425.8505593759,30.99,86883.90339520239,24.51,154207.2615210905,43.51
Megascops clarkii,Aves,LC,121.01703630197729,0.01,96.442016,79.69,96.442016,79.69
Megascops albogularis,Aves,LC,130676.89398357722,11.43,35605.17101763184,27.25,48397.720230007326,37.04
Megascops choliba,Aves,LC,838362.1514359444,73.3,166734.69959808397,19.89,252953.93929462976,30.17
Megascops ingens,Aves,LC,161496.9795696417,14.12,30797.301641316284,19.07,50917.98084387292,31.53
Megascops petersoni,Aves,LC,189586.9753237836,16.58,33907.53570901395,17.88,57366.60027912012,30.26
Megascops gilesi,Aves,VU,439.97313697255953,0.04,278.8412834375,63.38,278.8412835625,63.38
Megascops watsonii,Aves,LC,666765.2732075328,58.3,130179.71872857372,19.52,198386.44441885108,29.75
Lophostrix cristata,Aves,LC,650695.8337258071,56.89,128022.75585099182,19.67,185597.09968363945,28.52
Pulsatrix perspicillata,Aves,LC,845595.783724366,73.94,165608.28031903144,19.58,257473.06780274463,30.45
Pulsatrix melanota,Aves,LC,16435.683559728837,1.44,2604.9330878056335,15.85,4763.031066058686,28.98
Bubo virginianus,Aves,LC,592027.1014712823,51.76,144188.41510063878,24.36,239305.79576467516,40.42
Glaucidium nubicola,Aves,VU,16564.362616958442,1.45,4088.872736829956,24.68,5009.877745308106,30.24
Glaucidium jardinii,Aves,LC,206899.5601029897,18.09,46487.09388293191,22.47,67550.73901812844,32.65
Glaucidium griseiceps,Aves,LC,97024.81234012106,8.48,14675.4515359274,15.13,22321.118321764192,23.01
Glaucidium brasilianum,Aves,LC,945393.397276758,82.66,182562.83080658657,19.31,288836.2749954884,30.55
Athene cunicularia,Aves,LC,389481.6967873673,34.05,79784.37456422146,20.48,135056.14562478906,34.68
Aegolius harrisii,Aves,LC,98011.89869733404,8.57,22136.82200764682,22.59,34296.10074795645,34.99
Asio stygius,Aves,LC,173964.97561371903,15.21,43865.80916436088,25.22,63413.55605718974,36.45
Asio flammeus,Aves,LC,83622.34693373463,7.31,19742.71957792633,23.61,29558.674257826904,35.35
Pharomachrus pavoninus,Aves,LC,465313.8039549313,40.69,106798.05881511426,22.95,155426.49897591895,33.4
Pharomachrus auriceps,Aves,LC,139699.0797278305,12.21,30257.264163026488,21.66,46637.07241568372,33.38
Pharomachrus fulgidus,Aves,LC,9185.96077976064,0.8,5565.423663873108,60.59,5565.446191615295,60.59
Pharomachrus antisianus,Aves,LC,142576.90601116634,12.47,28987.733975725456,20.33,43726.96878166387,30.67
Trogon massena,Aves,LC,2475.802310730394,0.22,1291.8783431171876,52.18,1774.4387990507812,71.67
Trogon comptus,Aves,LC,115480.79443999288,10.1,20778.81349138639,17.99,26578.707336518197,23.02
Trogon melanurus,Aves,LC,803055.7306035429,70.22,148433.42302022633,18.48,226268.77081365112,28.18
Trogon chionurus,Aves,LC,80967.70904417914,7.08,13156.256319266113,16.25,22131.465232814942,27.33
Trogon viridis,Aves,LC,943468.1776893263,82.49,163347.00785424578,17.31,259682.90825971912,27.52
Trogon caligatus,Aves,NA,343239.51415155205,30.01,84625.59243910373,24.65,140084.02951760817,40.81
Trogon ramonianus,Aves,NA,367677.75604016025,32.15,89471.25481376953,24.33,134766.038326042,36.65
Trogon curucui,Aves,LC,163498.13398624453,14.3,30527.983065103337,18.67,53810.323113886414,32.91
Trogon rufus,Aves,LC,743924.8867246563,65.05,149134.00911133317,20.05,220529.83625237344,29.64
Trogon collaris,Aves,LC,879993.8795321373,76.94,171424.19222284795,19.48,255332.08988301095,29.02
Trogon personatus,Aves,LC,178528.89075674908,15.61,44213.8535521453,24.77,63959.03657758646,35.83
Hylomanes momotula,Aves,LC,79317.7169839814,6.94,12128.4688026391,15.29,18561.705834297,23.4
Electron platyrhynchum,Aves,LC,994064.8414043288,86.92,182537.43891966608,18.36,296162.7546609202,29.79
Baryphthengus martii,Aves,LC,967538.0292645672,84.6,179591.21729541064,18.56,289221.0953726623,29.89
Momotus subrufescens,Aves,LC,575734.2066791996,50.34,116812.18496220867,20.29,219169.47926352883,38.07
Momotus momota,Aves,LC,913774.5152721088,79.9,169354.0527465947,18.53,268944.1728759789,29.43
Momotus aequatorialis,Aves,LC,284728.8837850052,24.9,49118.83792945172,17.25,80042.88950717017,28.11
Megaceryle torquata,Aves,LC,900594.5341311989,78.74,167904.46254129792,18.64,275293.2863498385,30.57
Megaceryle alcyon,Aves,LC,1.6790016409552098,0,0.55912325,33.3,1.689493375,100.62
Chloroceryle amazona,Aves,LC,990143.6706033782,86.57,176032.91107477684,17.78,294502.926701586,29.74
Chloroceryle aenea,Aves,LC,858464.3010467696,75.06,145690.41213036625,16.97,248597.5605610293,28.96
Chloroceryle americana,Aves,LC,1008734.6005657252,88.2,186845.26965889463,18.52,310258.5902466307,30.76
Chloroceryle inda,Aves,LC,640631.4999276701,56.01,118762.95485768293,18.54,184053.3947256624,28.73
Galbalcyrhynchus leucotis,Aves,LC,394122.6834821027,34.46,91234.9729511958,23.15,132792.79945519872,33.69
Brachygalba lugubris,Aves,LC,677037.6113962799,59.2,130673.383791885,19.3,198390.18239500097,29.3
Brachygalba salmoni,Aves,LC,68114.09166559356,5.96,6616.451537843262,9.71,32666.42735966809,47.96
Galbula albirostris,Aves,LC,341597.06324854656,29.87,88199.01673406348,25.82,123522.53121411082,36.16
Galbula ruficauda,Aves,LC,974536.8747792628,85.21,179784.00835377074,18.45,304701.03981906106,31.27
Galbula galbula,Aves,LC,88624.94385317544,7.75,4530.06854625,5.11,7019.2493795,7.92
Galbula tombacea,Aves,LC,470133.1163857004,41.11,89901.55749879907,19.12,129178.130498937,27.48
Galbula pastazae,Aves,LC,4403.733150232922,0.39,1631.583730484375,37.05,1673.366367671875,38
Galbula cyanescens,Aves,LC,52676.40379408425,4.61,6477.497400407226,12.3,7473.093398602539,14.19
Galbula chalcothorax,Aves,LC,152065.50230146362,13.3,31759.129619207277,20.89,34777.190729562746,22.87
Galbula leucogastra,Aves,LC,397507.18747035245,34.76,96636.05856986524,24.31,139562.75959495117,35.11
Galbula dea,Aves,LC,491403.2895492755,42.97,92420.1868689961,18.81,137860.41968409327,28.05
Jacamerops aureus,Aves,LC,833703.1274729883,72.9,149057.88677354925,17.88,238185.85365111663,28.57
Notharchus hyperrhynchus,Aves,LC,549544.6532186673,48.05,123428.14987485114,22.46,172548.77926107196,31.4
Notharchus pectoralis,Aves,LC,127575.97892180584,11.15,13427.620863759768,10.53,40771.69441400586,31.96
Notharchus ordii,Aves,LC,301626.86261715344,26.37,89351.38530569628,29.62,125783.67868085254,41.7
Notharchus tectus,Aves,LC,925159.5874745882,80.89,169198.35971610525,18.29,286011.4425116771,30.91
Bucco macrodactylus,Aves,NA,672585.1378300932,58.81,125131.61056727234,18.6,197173.2283784896,29.32
Bucco tamatia,Aves,NA,598351.9838725633,52.32,114394.48062760643,19.12,168240.52153636425,28.12
Bucco capensis,Aves,LC,615291.7578790649,53.8,113616.30604862158,18.47,169938.6311499492,27.62
Nystalus radiatus,Aves,LC,145625.72797695352,12.73,19960.134861677,13.71,34593.779889381105,23.76
Hypnelus ruficollis,Aves,LC,289127.5339347888,25.28,28772.622363291655,9.95,81916.2856832858,28.33
Malacoptila fusca,Aves,LC,126651.08186692942,11.07,28774.286934632568,22.72,29273.649828874757,23.11
Malacoptila panamensis,Aves,LC,59730.908782069935,5.22,9787.852821433593,16.39,16285.644224974609,27.27
Malacoptila fulvogularis,Aves,LC,87401.96198310363,7.64,13601.769306799011,15.56,21280.802649368532,24.35
Malacoptila mystacalis,Aves,LC,196384.912217246,17.17,35017.72257876965,17.83,64358.95388445117,32.77
Micromonacha lanceolata,Aves,LC,302730.8587453806,26.47,47047.766443373446,15.54,80261.69492569809,26.51
Nonnula rubecula,Aves,LC,331587.03339366737,28.99,90545.789249583,27.31,123267.8465607158,37.18
Nonnula brunnea,Aves,LC,13916.347292056373,1.22,868.8564330830078,6.24,1083.919759075195,7.79
Nonnula frontalis,Aves,LC,10586.35860912018,0.93,1315.601630796875,12.43,1831.3789152890624,17.3
Hapaloptila castanea,Aves,LC,109122.85612759416,9.54,29480.301149639952,27.02,40352.20689683961,36.98
Monasa nigrifrons,Aves,LC,678399.8159749734,59.32,124830.96050612288,18.4,192875.43423888815,28.43
Monasa morphoeus,Aves,LC,804802.3723425613,70.37,147284.02897047924,18.3,227952.78818788083,28.32
Monasa flavirostris,Aves,LC,451278.6509433546,39.46,108078.40997705836,23.95,171577.44250701673,38.02
Monasa atra,Aves,LC,178743.85225630406,15.63,12701.62355459375,7.11,21165.83773225,11.84
Chelidoptera tenebrosa,Aves,LC,620691.2211112342,54.27,116667.66434683082,18.8,180598.9400797439,29.1
Capito aurovirens,Aves,LC,389707.69273684075,34.07,97116.74772192528,24.92,142476.80681262354,36.56
Capito maculicoronatus,Aves,LC,33879.563049606586,2.96,9041.303801557007,26.69,10078.75002005603,29.75
Capito squamatus,Aves,LC,13466.070831237595,1.18,689.5849523422852,5.12,4406.131746279785,32.72
Capito hypoleucus,Aves,LC,49550.46978616857,4.33,6865.419183169922,13.86,15061.607815091307,30.4
Capito quinticolor,Aves,NT,25773.178131245717,2.25,1665.6077419941407,6.46,2729.0895339941408,10.59
Capito auratus,Aves,LC,578466.4496069972,50.58,107867.35356978912,18.65,170711.7673481324,29.51
Eubucco richardsoni,Aves,LC,180433.1222572992,15.78,25917.74576559473,14.36,37486.520290969725,20.78
Eubucco bourcierii,Aves,LC,319617.7112924758,27.95,57680.67793285553,18.05,92499.0432777174,28.94
Semnornis ramphastinus,Aves,NT,30692.285691940273,2.68,6616.597678267853,21.56,8708.792340991242,28.37
Ramphastos ambiguus,Aves,LC,294891.1568748024,25.78,55836.84911952092,18.93,86269.7278807943,29.25
Ramphastos tucanus,Aves,LC,772224.1301951675,67.52,145261.2883203589,18.81,227459.04787273853,29.46
Ramphastos sulfuratus,Aves,NT,7300.270701646581,0.64,4316.011041535156,59.12,4490.616513277344,61.51
Ramphastos brevis,Aves,LC,31763.769759552637,2.78,4749.2116794198455,14.95,6951.80489817656,21.89
Ramphastos vitellinus,Aves,LC,841587.6676059639,73.59,161796.4270848541,19.23,268214.3924971507,31.87
Aulacorhynchus prasinus,Aves,LC,262022.4642497888,22.91,51868.083913824186,19.8,81443.85102998477,31.08
Aulacorhynchus sulcatus,Aves,LC,32183.095888957236,2.81,12337.6334700791,38.34,15543.578741750976,48.3
Aulacorhynchus derbianus,Aves,LC,8256.37006204927,0.72,2410.398309928467,29.19,2516.880735928467,30.48
Aulacorhynchus haematopygus,Aves,LC,115987.69741493434,10.14,24903.35071719672,21.47,38453.48068185535,33.15
Andigena hypoglauca,Aves,LC,130490.19980592746,11.41,33683.957033323306,25.81,46982.75414235461,36
Andigena laminirostris,Aves,NT,6564.481501738592,0.57,134.35436889941406,2.05,1949.018400899414,29.69
Andigena nigrirostris,Aves,LC,90829.35799487348,7.94,26369.22997706293,29.03,35684.1906169989,39.29
Selenidera spectabilis,Aves,LC,15338.118359713506,1.34,2080.7089798671873,13.57,3075.527816300781,20.05
Selenidera reinwardtii,Aves,LC,333243.1016799294,29.14,92823.05721256616,27.85,131689.95391394116,39.52
Selenidera nattereri,Aves,LC,254286.5122009485,22.23,76853.97007731641,30.22,110881.67614678937,43.61
Pteroglossus inscriptus,Aves,LC,798668.562497093,69.83,146720.42938726424,18.37,223762.59595849272,28.02
Pteroglossus torquatus,Aves,LC,237424.17715469343,20.76,42987.76400613971,18.11,68241.56618666174,28.74
Pteroglossus castanotis,Aves,LC,639975.6452170146,55.96,126613.7902416112,19.78,194619.88605918345,30.41
Pteroglossus pluricinctus,Aves,LC,526418.172835313,46.03,107539.99169370045,20.43,157990.6779148379,30.01
Pteroglossus aracari,Aves,LC,0,0,0,NA,0,NA
Pteroglossus azara,Aves,LC,310130.5695340389,27.12,71347.65505979651,23.01,100517.29299804285,32.41
Picumnus aurifrons,Aves,LC,809002.5959123359,70.74,139057.46688880926,17.19,223288.05624978273,27.6
Picumnus lafresnayi,Aves,LC,407278.50881611573,35.61,75763.74319137634,18.6,103869.94506702064,25.5
Picumnus exilis,Aves,LC,147193.08272039355,12.87,6613.058655332031,4.49,12509.61178888086,8.5
Picumnus squamulatus,Aves,LC,480616.88149144663,42.02,96551.73689561457,20.09,149801.2956115966,31.17
Picumnus rufiventris,Aves,LC,31576.5424194974,2.76,4463.86240145668,14.14,4641.916574636368,14.7
Picumnus olivaceus,Aves,LC,347717.24083590147,30.4,59396.60166008331,17.08,113795.70624919068,32.73
Picumnus granadensis,Aves,LC,51427.91743601835,4.5,5850.3532265008835,11.38,12530.84592357408,24.37
Picumnus cinnamomeus,Aves,LC,77356.52993971338,6.76,6620.980335491425,8.56,29977.1065426951,38.75
Melanerpes formicivorus,Aves,LC,226832.4853060777,19.83,41221.639256136354,18.17,65803.27753017066,29.01
Melanerpes cruentatus,Aves,LC,545441.3437238537,47.69,115834.92233920105,21.24,179732.84241646362,32.95
Melanerpes pulcher,Aves,LC,48018.969440782224,4.2,7513.3399355783695,15.65,14656.896923487304,30.52
Melanerpes pucherani,Aves,LC,17724.78174418936,1.55,3504.471830447266,19.77,3909.020458017578,22.05
Melanerpes rubricapillus,Aves,LC,320548.3735515414,28.03,50999.14318238883,15.91,108860.69771051224,33.96
Picoides fumigatus,Aves,NA,167958.98299097526,14.69,37894.16980753985,22.56,54706.168861158934,32.57
Veniliornis kirkii,Aves,LC,539595.4611939462,47.18,85298.64907399524,15.81,152442.59090131184,28.25
Veniliornis passerinus,Aves,LC,700888.5684987068,61.28,131872.0484241183,18.81,203156.4393604645,28.99
Veniliornis callonotus,Aves,LC,2512.6278600770997,0.22,190.35491975,7.58,666.69144375,26.53
Veniliornis dignus,Aves,LC,252468.69497922144,22.07,43003.43473882892,17.03,64424.28792300635,25.52
Veniliornis nigriceps,Aves,LC,130280.46422413856,11.39,29103.781698101167,22.34,44204.5101647847,33.93
Veniliornis affinis,Aves,LC,298243.43860778824,26.08,67151.64142886036,22.52,108446.52065854394,36.36
Campephilus pollens,Aves,LC,156058.38912060592,13.65,38926.889798026976,24.94,53846.553593877565,34.5
Campephilus haematogaster,Aves,LC,490284.1783582993,42.87,80745.67665767817,16.47,145895.9096959242,29.76
Campephilus rubricollis,Aves,LC,675400.9802395193,59.05,124450.18695060816,18.43,195729.30949917456,28.98
Campephilus melanoleucos,Aves,LC,923339.5623510143,80.73,167383.24097622346,18.13,263745.2269157918,28.56
Campephilus gayaquilensis,Aves,LC,1771.3141373839924,0.15,84.10376,4.75,202.78532,11.45
Dryocopus lineatus,Aves,NA,914383.671869562,79.95,171873.2352001954,18.8,274984.60879522486,30.07
Celeus loricatus,Aves,LC,114422.79506331582,10,17484.258157824217,15.28,31232.550225583494,27.3
Celeus torquatus,Aves,LC,622524.9213466686,54.43,114484.3595668125,18.39,173203.29833064257,27.82
Celeus grammicus,Aves,NA,625446.2857610331,54.69,115627.120202125,18.49,177438.8720086006,28.37
Celeus flavus,Aves,LC,383972.9013537408,33.57,81664.59441702637,21.27,112705.1269754248,29.35
Celeus elegans,Aves,LC,501377.0332848687,43.84,105357.09605910938,21.01,150952.22357520412,30.11
Piculus leucolaemus,Aves,LC,329872.888173952,28.84,78939.34902384033,23.93,116039.37192799512,35.18
Piculus litae,Aves,LC,31394.804960185353,2.75,3540.578687808472,11.28,4826.2307579744875,15.37
Piculus flavigula,Aves,LC,495527.6852895654,43.33,98111.06333393946,19.8,148039.16211058007,29.88
Piculus chrysochloros,Aves,LC,817970.9729239661,71.52,149984.61760568465,18.34,250317.32955064368,30.6
Colaptes rubiginosus,Aves,LC,770388.096552081,67.36,146525.3342287638,19.02,231883.6515761205,30.1
Colaptes rivolii,Aves,LC,119949.71825901842,10.49,33184.81476188183,27.67,44558.42951889594,37.15
Colaptes punctigula,Aves,LC,944616.634937056,82.59,148243.6675199783,15.69,265014.3498719336,28.06
Herpetotheres cachinnans,Aves,LC,995681.0231964584,87.06,173443.0702441201,17.42,276309.7459977661,27.75
Micrastur ruficollis,Aves,LC,1012891.694986752,88.56,188129.20234734545,18.57,300245.7029387939,29.64
Micrastur gilvicollis,Aves,LC,665312.1082227755,58.17,127031.78942494704,19.09,194438.41473196069,29.23
Micrastur mirandollei,Aves,LC,681943.5570981229,59.63,124322.08072885692,18.23,190213.63729716992,27.89
Micrastur semitorquatus,Aves,LC,929753.812470812,81.29,178573.92307280592,19.21,276803.7358438503,29.77
Micrastur buckleyi,Aves,LC,141227.9603890298,12.35,25291.029995062258,17.91,27054.295006499757,19.16
Ibycter americanus,Aves,LC,843560.9619393252,73.76,152746.23270414775,18.11,237387.2758090743,28.14
Phalcoboenus carunculatus,Aves,LC,1892.393748066437,0.17,601.757154625,31.8,1091.986837390625,57.7
Daptrius ater,Aves,LC,670752.4391171572,58.65,130178.6118615353,19.41,202539.8711346737,30.2
Milvago chimachima,Aves,LC,919464.7191183044,80.39,148781.91034585264,16.18,275410.98863937514,29.95
Falco sparverius,Aves,LC,190260.12693739348,16.64,35705.22582678146,18.77,61746.05459453311,32.45
Falco columbarius,Aves,LC,21279.257272995947,1.86,3088.6766295428465,14.51,4709.221814900513,22.13
Falco rufigularis,Aves,LC,1001046.9367192042,87.53,188851.56551024035,18.87,295011.01726517273,29.47
Falco deiroleucus,Aves,NT,736647.3187125884,64.41,151557.0623773147,20.57,226643.75882981592,30.77
Falco femoralis,Aves,LC,559855.0578185167,48.95,98652.84191671052,17.62,190302.13309821367,33.99
Falco peregrinus,Aves,LC,150604.61486963797,13.17,37681.01463044934,25.02,60544.25842991272,40.2
Touit batavicus,Aves,LC,1.6824376139726638,0,0,0,0,0
Touit huetii,Aves,LC,447344.64592110657,39.11,101426.8251926709,22.67,143741.60625032714,32.13
Touit dilectissimus,Aves,LC,126279.1183201219,11.04,26139.71144394799,20.7,41106.074550730635,32.55
Touit stictopterus,Aves,NT,153754.70410713216,13.44,31103.82665293524,20.23,50477.97447002942,32.83
Bolborhynchus lineola,Aves,LC,155504.87392269037,13.6,37031.46948649659,23.81,53492.623216136926,34.4
Bolborhynchus ferrugineifrons,Aves,VU,13159.549701614991,1.15,5384.555296396973,40.92,5883.35992104834,44.71
Brotogeris sanctithomae,Aves,LC,420852.28925287095,36.8,99306.3438413408,23.6,142919.23117447362,33.96
Brotogeris versicolurus,Aves,LC,457127.0976985246,39.97,95660.39058795507,20.93,139680.7004474707,30.56
Brotogeris jugularis,Aves,LC,219752.43326703703,19.21,25859.90993290625,11.77,68661.29509050342,31.24
Brotogeris cyanoptera,Aves,LC,776723.4007893784,67.91,139963.74096583528,18.02,218449.06287740383,28.12
Hapalopsittaca amazonina,Aves,NT,89659.47307204246,7.84,26251.16131423663,29.28,33472.33793223364,37.33
Hapalopsittaca fuertesi,Aves,EN,20262.100231030036,1.77,6405.845744185669,31.61,7429.352301068176,36.67
Pionus fuscus,Aves,LC,0,0,0,NA,0,NA
Pionus sordidus,Aves,LC,126999.55303168004,11.1,26972.711311239844,21.24,40598.08923562053,31.97
Pionus tumultuosus,Aves,LC,109712.76117828386,9.59,23952.30901428404,21.83,36038.80761071984,32.85
Pionus menstruus,Aves,LC,900309.3381441304,78.72,166872.48204450557,18.54,256756.32011477672,28.52
Pionus chalcopterus,Aves,LC,118237.6064115178,10.34,20113.176951381105,17.01,34141.720582882874,28.88
Graydidascalus brachyurus,Aves,LC,533879.9884879345,46.68,101670.11509191796,19.04,149435.31060433204,27.99
Amazona festiva,Aves,LC,167066.7739138032,14.61,25802.6959611745,15.44,60376.30014054952,36.14
Amazona autumnalis,Aves,LC,269186.9215867768,23.54,47406.56489176782,17.61,94643.28485050476,35.16
Amazona ochrocephala,Aves,LC,847759.3562531436,74.12,157826.7724447769,18.62,277654.01400673366,32.75
Amazona farinosa,Aves,LC,940175.6784681516,82.21,166451.85825521694,17.7,295460.8672635375,31.43
Amazona amazonica,Aves,LC,672806.231973705,58.83,135949.87725132058,20.21,242931.1293000382,36.11
Forpus modestus,Aves,LC,287538.15942819323,25.14,69318.31737349219,24.11,98545.3180283828,34.27
Forpus xanthopterygius,Aves,LC,482224.9810587712,42.16,107187.03974695748,22.23,193003.33905774777,40.02
Forpus passerinus,Aves,LC,21883.62513358336,1.91,4368.144597019531,19.96,5522.218046355469,25.23
Forpus conspicillatus,Aves,LC,467893.2087241246,40.91,62094.42049009747,13.27,135217.39813271558,28.9
Pionites melanocephalus,Aves,LC,596065.0770383002,52.12,111102.76515107178,18.64,166844.4349429575,27.99
Pionites leucogaster,Aves,VU,3577.009370731643,0.31,72.402872,2.02,166.13856,4.64
Deroptyus accipitrinus,Aves,LC,518412.7526545649,45.33,108678.10579694256,20.96,155034.7189031654,29.91
Pyrrhura picta,Aves,LC,137624.03472148525,12.03,17499.382608847747,12.72,34245.48511114444,24.88
Pyrrhura viridicata,Aves,EN,899.3071241615369,0.08,649.84698390625,72.26,649.84698396875,72.26
Pyrrhura melanura,Aves,LC,543128.4994921909,47.49,104585.88848466556,19.26,154754.74911648376,28.49
Pyrrhura calliptera,Aves,VU,42691.124826775704,3.73,11667.379267113678,27.33,14654.57472036227,34.33
Aratinga weddellii,Aves,LC,548830.5322564362,47.99,119022.4028571724,21.69,180195.0051415281,32.83
Ara ararauna,Aves,LC,719077.5986932568,62.87,157757.56781748292,21.94,234239.67348082643,32.58
Ara militaris,Aves,VU,730980.6937479038,63.91,149194.5387334245,20.41,219699.44746493665,30.06
Ara ambiguus,Aves,CR,11269.652382117823,0.99,3714.467857341797,32.96,4500.239757765625,39.93
Ara macao,Aves,LC,759734.6735688946,66.43,137605.73589834047,18.11,211411.932360722,27.83
Ara chloropterus,Aves,LC,940150.6607838176,82.2,173306.25476206894,18.43,266632.17668588687,28.36
Ara severus,Aves,LC,950253.2658394208,83.09,166641.7380399749,17.54,261943.8468776914,27.57
Leptosittaca branickii,Aves,LC,174869.93086046015,15.29,41245.212798407025,23.59,60797.0446978238,34.77
Ognorhynchus icterotis,Aves,VU,102383.44155386373,8.95,28645.501362106752,27.98,39415.63992997193,38.5
Sapayoa aenigma,Aves,LC,51923.40681111728,4.54,7894.44456606836,15.2,9899.296414769531,19.07
Cymbilaimus lineatus,Aves,LC,999695.0524439516,87.41,183822.1116889637,18.39,305561.3432415764,30.57
Frederickena unduliger,Aves,LC,273905.4917469708,23.95,68629.9973422002,25.06,95255.04600639553,34.78
Frederickena fulva,Aves,NA,18382.33595643937,1.61,1332.8796046581117,7.25,2513.792267290924,13.68
Taraba major,Aves,LC,748014.6430459919,65.4,129540.49853933293,17.32,213192.43444159644,28.5
Sakesphorus canadensis,Aves,LC,470127.74978385423,41.11,74207.43361246555,15.78,143335.45771260234,30.49
Thamnophilus doliatus,Aves,LC,1027658.7448401976,89.85,189346.26915871873,18.43,318496.0513757078,30.99
Thamnophilus multistriatus,Aves,LC,164669.73885052276,14.4,25356.954359247233,15.4,44479.31396253068,27.01
Thamnophilus tenuepunctatus,Aves,LC,19912.853709494186,1.74,3398.271612343811,17.07,5325.21957515155,26.74
Thamnophilus atrinucha,Aves,LC,185713.125627992,16.24,25761.34952112576,13.87,55974.86564998245,30.14
Thamnophilus schistaceus,Aves,LC,385879.54385131574,33.74,78305.5128462616,20.29,121197.74073561146,31.41
Thamnophilus murinus,Aves,LC,433769.2711550666,37.93,100239.62986784472,23.11,140308.27236921972,32.35
Thamnophilus nigriceps,Aves,LC,201413.45017081243,17.61,23234.09867105054,11.54,57277.28943078458,28.44
Thamnophilus cryptoleucus,Aves,LC,326934.7649631901,28.59,74482.8900892627,22.78,97263.9256623955,29.75
Thamnophilus nigrocinereus,Aves,LC,531006.3394052531,46.43,102465.5241876006,19.3,164312.86013439845,30.94
Thamnophilus punctatus,Aves,LC,266577.58672933985,23.31,54107.65045566158,20.3,104879.52236349673,39.34
Thamnophilus unicolor,Aves,LC,197915.61918356255,17.3,36292.150974193144,18.34,60973.21789785259,30.81
Thamnophilus aethiops,Aves,LC,510295.63974402193,44.62,118870.99186782984,23.29,179797.52329657006,35.23
Thamnophilus melanonotus,Aves,LC,29928.32206027872,2.62,5633.630444667206,18.82,8749.328270050568,29.23
Thamnophilus amazonicus,Aves,LC,584706.9954932163,51.12,111559.90281394434,19.08,171980.518721584,29.41
Megastictus margaritatus,Aves,LC,775329.1414388602,67.79,134344.2928995366,17.33,234003.23534147025,30.18
Neoctantes niger,Aves,LC,587668.2116334059,51.38,112682.50381021948,19.17,164513.5183522273,27.99
Clytoctantes alixii,Aves,EN,77191.85124795124,6.75,21030.3739652287,27.24,28825.29962067932,37.34
Thamnistes anabatinus,Aves,LC,145015.1999462967,12.68,19924.183710440386,13.74,35595.21990260623,24.55
Dysithamnus mentalis,Aves,LC,177569.10164576813,15.53,30114.22314637353,16.96,53786.45177676446,30.29
Dysithamnus puncticeps,Aves,LC,47012.761436191635,4.11,10310.926691034423,21.93,13780.500893775146,29.31
Dysithamnus occidentalis,Aves,NT,94627.0485150962,8.27,22547.470522460808,23.83,31503.13014289117,33.29
Dysithamnus leucostictus,Aves,LC,28914.59810430207,2.53,6234.067175550354,21.56,9758.68320650116,33.75
Thamnomanes ardesiacus,Aves,LC,430846.2158682749,37.67,100293.59201506562,23.28,148823.48396426483,34.54
Thamnomanes caesius,Aves,LC,888874.0872410759,77.72,170080.02551192933,19.13,258325.6886790584,29.06
Xenornis setifrons,Aves,NT,1612.2044780078024,0.14,826.1781342421875,51.25,983.2481261757812,60.99
Isleria hauxwelli,Aves,LC,367838.4964223901,32.16,105017.54230245289,28.55,149946.20133225757,40.76
Pygiptila stellaris,Aves,LC,340614.87328129704,29.78,83988.69552359912,24.66,119321.72672189196,35.03
Epinecrophylla fulviventris,Aves,LC,79719.56513186292,6.97,12218.662239274536,15.33,19442.50670693469,24.39
Epinecrophylla haematonota,Aves,LC,516024.5912556743,45.12,107664.57666433055,20.86,159435.15336499413,30.9
Epinecrophylla spodionota,Aves,LC,18411.30395028717,1.61,3965.270797987305,21.54,5736.2928273632815,31.16
Epinecrophylla ornata,Aves,LC,32933.17598325459,2.88,4927.734093607819,14.96,8748.751452349517,26.57
Epinecrophylla erythrura,Aves,LC,36732.35944118664,3.21,6473.627322823974,17.62,7487.3191384646,20.38
Myrmotherula brachyura,Aves,LC,671133.4685812403,58.68,125309.67496498156,18.67,195594.1461843684,29.14
Myrmotherula ignota,Aves,LC,427070.0998187213,37.34,96737.7563164736,22.65,133614.803567433,31.29
Myrmotherula ambigua,Aves,LC,338273.7102603525,29.58,89380.0377470498,26.42,119889.7384792998,35.44
Myrmotherula surinamensis,Aves,LC,830761.9762937309,72.64,141039.94346692815,16.98,251604.22875507327,30.29
Myrmotherula multostriata,Aves,LC,641699.9679611938,56.11,121282.16334432972,18.9,186748.65284500172,29.1
Myrmotherula pacifica,Aves,LC,76991.0163971712,6.73,11904.806353856811,15.46,19045.09185353113,24.74
Myrmotherula cherriei,Aves,LC,572035.6047259284,50.02,108098.81202611233,18.9,164471.41000527344,28.75
Myrmotherula longicauda,Aves,LC,30647.077523725107,2.68,5354.038258322998,17.47,7495.607952724365,24.46
Myrmotherula axillaris,Aves,LC,718343.1078716415,62.81,135004.98397576,18.79,207189.56121001588,28.84
Myrmotherula schisticolor,Aves,LC,207477.35614716957,18.14,39587.91203706296,19.08,65209.82101693472,31.43
Myrmotherula sunensis,Aves,LC,14389.986207871763,1.26,983.6342399697264,6.84,1279.625920211914,8.89
Myrmotherula longipennis,Aves,LC,691605.5518415774,60.47,123694.45061888336,17.89,195588.80545426995,28.28
Myrmotherula menetriesii,Aves,LC,618587.9325116858,54.09,125733.42587968554,20.33,194827.2092018899,31.5
Myrmotherula assimilis,Aves,LC,87742.63242441243,7.67,18043.62615425,20.56,18487.65965825,21.07
Dichrozona cincta,Aves,LC,379259.7954754108,33.16,90163.2547100105,23.77,127124.1922138152,33.52
Herpsilochmus dugandi,Aves,LC,251647.50420389493,22,57984.25882514063,23.04,78604.88464102344,31.24
Herpsilochmus dorsimaculatus,Aves,LC,339712.2023883062,29.7,86498.78805301563,25.46,124148.85892501562,36.55
Herpsilochmus axillaris,Aves,LC,65835.29083210697,5.76,10751.689972416976,16.33,17339.373368455443,26.34
Herpsilochmus rufimarginatus,Aves,LC,544205.9793239901,47.58,109605.88136785776,20.14,172848.97017988755,31.76
Microrhopias quixensis,Aves,LC,985753.5343713892,86.19,182615.9685953504,18.53,294768.78311739134,29.9
Formicivora grisea,Aves,LC,945021.957563372,82.63,173709.80479599154,18.38,300553.0633713727,31.8
Drymophila devillei,Aves,LC,9678.583138913553,0.85,1393.2969203944397,14.4,2394.590354913971,24.74
Drymophila hellmayri,Aves,NT,2448.216045564471,0.21,1587.4248235625,64.84,1587.4473512929687,64.84
Drymophila klagesi,Aves,LC,64692.616135621465,5.66,13670.074358914062,21.13,20279.040955463624,31.35
Drymophila caudata,Aves,LC,164235.56668199235,14.36,33432.322209472186,20.36,53420.79823437595,32.53
Drymophila striaticeps,Aves,LC,222348.38125963567,19.44,46836.272046305545,21.06,68385.67384628454,30.76
Hypocnemis flavescens,Aves,LC,452826.89916383394,39.59,98048.56612276463,21.65,148199.0362972168,32.73
Hypocnemis peruviana,Aves,LC,350557.0086148653,30.65,98785.83810311036,28.18,136357.32252148536,38.9
Hypocnemis hypoxantha,Aves,LC,433310.11893855216,37.89,99605.32637546948,22.99,138706.917204782,32.01
Cercomacroides parkeri,Aves,LC,57943.88602553247,5.07,8921.771277812744,15.4,17250.121004561828,29.77
Cercomacra cinerascens,Aves,LC,659386.0415387726,57.65,122660.33596908645,18.6,191718.457515271,29.08
Cercomacra nigricans,Aves,LC,889431.0737710535,77.77,157249.20098830303,17.68,279460.1726332666,31.42
Pyriglena leuconota,Aves,LC,309996.5475089061,27.1,65259.85466553473,21.05,90298.30088469214,29.13
Myrmoborus leucophrys,Aves,LC,719632.9645680225,62.92,125968.9451112467,17.5,200145.46509141944,27.81
Myrmoborus lugubris,Aves,LC,388186.63438704575,33.94,78748.0828559248,20.29,109840.28521087696,28.3
Myrmoborus myotherinus,Aves,LC,607913.0005933525,53.15,132287.78051502092,21.76,205316.68858607928,33.77
Hypocnemoides melanopogon,Aves,LC,637835.2351458968,55.77,117430.77859671287,18.41,181481.9283745674,28.45
Myrmochanes hemileucus,Aves,LC,443301.1983769776,38.76,102909.16631771192,23.21,145988.46513986035,32.93
Gymnocichla nudiceps,Aves,LC,106208.2885380868,9.29,15517.908211233398,14.61,43622.69586309961,41.07
Sclateria naevia,Aves,LC,570475.3818911884,49.88,111293.46326396092,19.51,163799.1442184287,28.71
Percnostola rufifrons,Aves,LC,354533.01773639774,31,90487.26090598828,25.52,128383.95562542578,36.21
Myrmeciza longipes,Aves,LC,432222.6308985174,37.79,108989.83909628529,25.22,197171.33291450673,45.62
Myrmornis torquata,Aves,LC,732587.9536490095,64.05,145718.41562181988,19.89,230134.761247924,31.41
Pithys albifrons,Aves,LC,365324.4676981786,31.94,89510.11125864454,24.5,132066.90678555248,36.15
Gymnopithys leucaspis,Aves,LC,651498.4359869696,56.96,146027.5314021366,22.41,208788.27974056025,32.05
Rhegmatorhina cristata,Aves,LC,215877.5646614929,18.88,63007.876112,29.19,93602.159328,43.36
Rhegmatorhina melanosticta,Aves,LC,405350.8427517343,35.44,110395.26051534276,27.23,153150.99448054444,37.78
Hylophylax naevioides,Aves,LC,61913.55835999151,5.41,9696.74233266797,15.66,15134.20688876172,24.44
Hylophylax naevius,Aves,LC,440118.54419496533,38.48,104510.69847428644,23.75,156285.3973750447,35.51
Hylophylax punctulatus,Aves,LC,449738.4283069041,39.32,90528.54618923143,20.13,127430.93308842675,28.33
Willisornis poecilinotus,Aves,LC,388175.8170735978,33.94,103181.2331837926,26.58,150539.33396279748,38.78
Phlegopsis nigromaculata,Aves,LC,583489.2138075032,51.02,108420.8622948242,18.58,167368.3963712373,28.68
Phlegopsis erythroptera,Aves,LC,447232.594162639,39.1,103354.48651737475,23.11,143535.44437781227,32.09
Phaenostictus mcleannani,Aves,LC,49366.647292850765,4.32,9161.48473207666,18.56,15207.139607924317,30.8
Pittasoma michleri,Aves,LC,9743.115807978442,0.85,1761.6691376171875,18.08,2575.5221340507815,26.43
Pittasoma rufopileatum,Aves,LC,35122.43170916745,3.07,6788.039648254517,19.33,15422.888317039671,43.91
Conopophaga aurita,Aves,LC,224005.3674018575,19.59,41244.654677297855,18.41,44516.00284193066,19.87
Conopophaga castaneiceps,Aves,LC,99006.20749294697,8.66,16309.250414183996,16.47,28425.556252975708,28.71
Grallaria squamigera,Aves,LC,131258.57311893435,11.48,35791.803556332336,27.27,47752.17618338147,36.38
Grallaria gigantea,Aves,VU,60.67033937419871,0.01,61.07682,100.67,61.07682,100.67
Grallaria alleni,Aves,VU,59402.20213262577,5.19,16563.75326777234,27.88,23067.917492470155,38.83
Grallaria guatimalensis,Aves,LC,467224.87272602494,40.85,79388.10085068732,16.99,126197.88129577026,27.01
Grallaria haplonota,Aves,LC,555504.6646089914,48.57,99909.39182066236,17.99,142585.94308106494,25.67
Grallaria dignissima,Aves,LC,112578.32261608656,9.84,19177.35463720215,17.03,19440.33516151465,17.27
Grallaria ruficapilla,Aves,LC,144240.18442847504,12.61,36935.80109842407,25.61,49911.72142526336,34.6
Grallaria bangsi,Aves,VU,1428.4814561567966,0.12,944.34664796875,66.11,944.3691756992188,66.11
Grallaria kaestneri,Aves,EN,4728.654397273371,0.41,1634.4412938378907,34.56,1658.7681702783202,35.08
Grallaria rufocinerea,Aves,LC,24551.185679339196,2.15,8519.440784149108,34.7,10871.954726634644,44.28
Grallaria nuchalis,Aves,LC,40956.852105865255,3.58,13546.658264599422,33.08,17685.453167420284,43.18
Grallaria flavotincta,Aves,LC,19045.945773027197,1.67,4462.609130199627,23.43,5699.539339312145,29.93
Grallaria hypoleuca,Aves,LC,157112.14467581542,13.74,31239.190904640443,19.88,48493.90990519482,30.87
Grallaria rufula,Aves,LC,82563.46131763393,7.22,26064.997974130616,31.57,33088.1321106878,40.08
Grallaria quitensis,Aves,LC,32507.86627879099,2.84,12771.464108515716,39.29,15886.300282033051,48.87
Grallaria urraoensis,Aves,NA,344.86081905232163,0.03,293.7807965625,85.19,293.552860578125,85.12
Grallaria milleri,Aves,VU,26681.533273014873,2.33,8951.933251188046,33.55,10747.247204323485,40.28
Hylopezus perspicillatus,Aves,LC,46630.950771967786,4.08,8764.841562422242,18.8,14593.562757234376,31.3
Hylopezus dives,Aves,LC,105663.30927770076,9.24,13121.095988116394,12.42,22403.096389777525,21.2
Hylopezus fulviventris,Aves,LC,16839.666854093128,1.47,1144.2625275322266,6.8,1546.556543774414,9.18
Myrmothera campanisona,Aves,LC,686838.4037963032,60.05,130254.32050686644,18.96,205073.72242273853,29.86
Grallaricula flavirostris,Aves,LC,199727.3873297468,17.46,31958.84426286337,16,52716.854046612854,26.39
Grallaricula lineifrons,Aves,LC,132424.63622325403,11.58,30674.7417813424,23.16,43824.67467722466,33.09
Grallaricula cucullata,Aves,NT,31921.40084112081,2.79,10785.505559054134,33.79,13866.771747745235,43.44
Grallaricula ferrugineipectus,Aves,LC,155683.19605721204,13.61,36073.8175037995,23.17,52313.73812052844,33.6
Grallaricula nana,Aves,LC,211535.8204797617,18.5,46516.86082932745,21.99,64383.853501878664,30.44
Liosceles thoracicus,Aves,LC,136329.84477985132,11.92,23458.36576373413,17.21,25162.26249117163,18.46
Acropternis orthonyx,Aves,LC,127812.1680937298,11.18,36297.71866772015,28.4,47970.28525558081,37.53
Myornis senilis,Aves,LC,72606.97488060732,6.35,22891.50467381729,31.53,29612.148807667807,40.78
Scytalopus latrans,Aves,LC,112021.30655096498,9.79,32213.504235737342,28.76,43056.35274342046,38.44
Scytalopus sanctaemartae,Aves,NT,1288.0846918504585,0.11,605.01972021875,46.97,605.0422479492188,46.97
Scytalopus micropterus,Aves,LC,107912.75773104688,9.44,24628.060753153808,22.82,34105.734274394774,31.6
Scytalopus atratus,Aves,LC,76072.10248746538,6.65,11485.20845774652,15.1,21421.787004400452,28.16
Scytalopus chocoensis,Aves,LC,48809.143781825514,4.27,10891.672645438844,22.31,16184.460980240843,33.16
Scytalopus rodriguezi,Aves,EN,62134.944845286176,5.43,11765.28583299945,18.94,19361.480347595098,31.16
Scytalopus stilesi,Aves,LC,16611.324194841654,1.45,3559.360150305294,21.43,6368.0825607152065,38.34
Scytalopus alvarezlopezi,Aves,NT,37413.69618494033,3.27,10278.708856026456,27.47,11891.957095423184,31.79
Scytalopus vicinior,Aves,LC,32716.15075965784,2.86,6625.872629716061,20.25,8853.567396041988,27.06
Scytalopus latebricola,Aves,NT,3735.78851828996,0.33,2751.354057118164,73.65,2751.376584883789,73.65
Scytalopus perijanus,Aves,NT,1601.8142842760103,0.14,788.0399986875,49.2,788.0399986875,49.2
Scytalopus spillmanni,Aves,LC,66336.57320040086,5.8,18717.545819501276,28.22,26405.91932759521,39.81
Scytalopus griseicollis,Aves,LC,20461.346077960272,1.79,6336.566331772339,30.97,6843.343450756836,33.45
Scytalopus canus,Aves,NT,227.6946667710605,0.02,190.6285215,83.72,190.49861887988283,83.66
Scytalopus opacus,Aves,LC,18924.643694168015,1.65,7081.135111278564,37.42,9195.669545116454,48.59
Formicarius colma,Aves,LC,625051.2564903676,54.65,114716.5279166328,18.35,174240.72471243652,27.88
Formicarius analis,Aves,LC,763577.9927936585,66.76,148323.5125837136,19.42,227974.96574553996,29.86
Formicarius nigricapillus,Aves,LC,30047.143568345073,2.63,4067.3840966835937,13.54,5684.852109121094,18.92
Formicarius rufipectus,Aves,LC,167574.0757271692,14.65,29940.0813542702,17.87,51177.50143354565,30.54
Chamaeza campanisona,Aves,LC,409700.8252237076,35.82,85373.57757910654,20.84,146168.49456371058,35.68
Chamaeza nobilis,Aves,LC,325269.4436616013,28.44,94043.66972944116,28.91,133382.63344281615,41.01
Chamaeza turdina,Aves,LC,168610.41051359478,14.74,33842.28968253162,20.07,54805.333454642394,32.5
Chamaeza mollissima,Aves,LC,144745.0660659642,12.66,35796.00426653577,24.73,51620.459991272706,35.66
Sclerurus mexicanus,Aves,LC,613231.6177381712,53.62,118638.19269411411,19.35,176532.5700301466,28.79
Sclerurus rufigularis,Aves,LC,492803.9642854059,43.09,120919.73413245374,24.54,183476.15314023913,37.23
Sclerurus guatemalensis,Aves,LC,10207.156906396602,0.89,1752.6805037421875,17.17,2566.533508175781,25.14
Sclerurus caudacutus,Aves,LC,370301.754893952,32.38,93327.05983724096,25.2,136637.38511609254,36.9
Sclerurus albigularis,Aves,LC,897581.6202067161,78.48,180776.90367953668,20.14,276015.60776765854,30.75
Sittasomus griseicapillus,Aves,LC,645828.5157819333,56.47,142615.908952534,22.08,214773.00902552076,33.26
Deconychura longicauda,Aves,LC,689891.3627409898,60.32,153015.5843018665,22.18,234088.49474763405,33.93
Dendrocincla tyrannina,Aves,LC,283346.7065952995,24.77,57294.34034620798,20.22,92363.66531843276,32.6
Dendrocincla merula,Aves,LC,542844.9120970874,47.46,104813.4228525293,19.31,151351.5332930996,27.88
Dendrocincla homochroa,Aves,LC,59965.91546249797,5.24,8071.182083807831,13.46,15210.277648488069,25.36
Dendrocincla fuliginosa,Aves,LC,828359.9633914967,72.43,162050.2600182683,19.56,242318.09887514453,29.25
Glyphorynchus spirurus,Aves,LC,864651.7989657689,75.6,158884.45223362665,18.38,243660.03838143908,28.18
Dendrexetastes rufigula,Aves,LC,600167.4425441987,52.48,117156.88069943164,19.52,181295.86356940723,30.21
Nasica longirostris,Aves,LC,617231.6672701486,53.97,114671.36494405102,18.58,174497.49880238817,28.27
Dendrocolaptes sanctithomae,Aves,LC,80070.10583468308,7,14093.042075115874,17.6,20429.706862789582,25.51
Dendrocolaptes certhia,Aves,LC,522116.1341553108,45.65,110600.77694513267,21.18,169418.42822064392,32.45
Dendrocolaptes picumnus,Aves,LC,755030.0026131655,66.02,166182.0031929622,22.01,246220.21048262305,32.61
Hylexetastes stresemanni,Aves,LC,303438.77131477045,26.53,93977.5794288125,30.97,130485.6492758125,43
Xiphocolaptes promeropirhynchus,Aves,LC,347146.52527746244,30.35,65821.7644403167,18.96,103818.5935754563,29.91
Xiphorhynchus obsoletus,Aves,LC,675303.1148895865,59.05,117689.36405600636,17.43,178800.6004813545,26.48
Xiphorhynchus ocellatus,Aves,LC,564539.9992781073,49.36,131824.6724002651,23.35,199138.60410707752,35.27
Xiphorhynchus elegans,Aves,LC,544747.9392069046,47.63,106192.55148323924,19.49,156570.46270443848,28.74
Xiphorhynchus susurrans,Aves,LC,343384.5800584433,30.02,53610.53309800983,15.61,106305.39601351,30.96
Xiphorhynchus guttatus,Aves,LC,915323.0133112132,80.03,156905.34226104055,17.14,250291.2516598103,27.34
Xiphorhynchus lachrymosus,Aves,LC,28802.894731626508,2.52,4024.4154282421873,13.97,7721.346404058594,26.81
Xiphorhynchus erythropygius,Aves,LC,54059.832409586925,4.73,11254.10768396228,20.82,15930.159677715088,29.47
Xiphorhynchus triangularis,Aves,LC,136722.98284511696,11.95,24318.771992727143,17.79,39801.041723757175,29.11
Dendroplex kienerii,Aves,LC,37081.14424851227,3.24,14137.316608,38.13,14581.350112,39.32
Campylorhamphus trochilirostris,Aves,LC,795636.0806566664,69.57,154435.22393136506,19.41,232458.41417824855,29.22
Campylorhamphus procurvoides,Aves,LC,582115.7375449727,50.9,111762.46367504205,19.2,167767.72654030035,28.82
Campylorhamphus pusillus,Aves,LC,176446.47187289587,15.43,34252.35691233542,19.41,57075.89235886783,32.35
Drymotoxeres pucheranii,Aves,LC,213791.7405392632,18.69,46291.42109157274,21.65,71529.58476692162,33.46
Lepidocolaptes souleyetii,Aves,LC,319115.6918738754,27.9,63584.54912242505,19.93,108295.96451820136,33.94
Lepidocolaptes lacrymiger,Aves,LC,155014.05584259587,13.55,33395.25888641467,21.54,51160.68031505132,33
Xenops tenuirostris,Aves,LC,628277.8732732928,54.93,110527.59842607324,17.59,175918.64220701662,28
Xenops minutus,Aves,LC,1069888.175130678,93.55,193489.12708756264,18.08,318006.00934606727,29.72
Xenops rutilans,Aves,NA,286345.1522542472,25.04,57009.96530542575,19.91,91606.46955363272,31.99
Berlepschia rikeri,Aves,LC,487464.1989273104,42.62,110795.96663312695,22.73,160766.06625305853,32.98
Pseudocolaptes lawrencii,Aves,LC,161788.52026733843,14.15,37212.108159107025,23,52249.03225989059,32.29
Pseudocolaptes boissonneautii,Aves,NA,145399.08793244854,12.71,35103.0524718855,24.14,51446.77144119302,35.38
Premnornis guttuliger,Aves,LC,135567.57202043588,11.85,26225.887605969467,19.35,42357.818065803454,31.24
Furnarius leucopus,Aves,LC,920675.0473530795,80.5,157820.16737503523,17.14,280956.2243601036,30.52
Furnarius minor,Aves,LC,329035.86158010707,28.77,90355.4923840752,27.46,125072.607837208,38.01
Lochmias nematura,Aves,LC,341929.56234158034,29.9,58921.015686009094,17.23,91508.49591094264,26.76
Cinclodes albidiventris,Aves,LC,5289.4614417544035,0.46,2672.373265921875,50.52,2920.3970932304687,55.21
Cinclodes excelsior,Aves,LC,1265.0561131147629,0.11,547.243523578125,43.26,807.1697493046875,63.81
Anabazenops dorsalis,Aves,LC,9087.880581268622,0.79,1471.545827788086,16.19,1631.7986840302735,17.96
Philydor fuscipenne,Aves,LC,266340.88526695623,23.29,28757.51260209131,10.8,69637.50369523242,26.15
Philydor erythrocercum,Aves,LC,398174.85412857065,34.81,86970.36797656422,21.84,136401.24870975636,34.26
Philydor pyrrhodes,Aves,LC,629550.7473210827,55.05,116291.416391823,18.47,176223.82201902516,27.99
Anabacerthia striaticollis,Aves,LC,178060.12894454054,15.57,35499.219497384074,19.94,57121.2025067063,32.08
Anabacerthia variegaticeps,Aves,LC,43717.05046291835,3.82,11644.267168827517,26.64,16495.41355904248,37.73
Syndactyla subalaris,Aves,LC,187087.08479178563,16.36,36609.18173616241,19.57,58574.08525261792,31.31
Ancistrops strigilatus,Aves,LC,593450.7641607176,51.89,111225.91653460644,18.74,164913.0490274893,27.79
Clibanornis rufipectus,Aves,VU,1023.4700051279542,0.09,339.16903221875,33.14,339.19155994921874,33.14
Thripadectes ignobilis,Aves,LC,65048.22873498484,5.69,12226.730435599122,18.8,18582.946120068147,28.57
Thripadectes flammulatus,Aves,LC,151550.9971578481,13.25,37588.640670903165,24.8,52537.95287173074,34.67
Thripadectes holostictus,Aves,LC,221066.97608419848,19.33,48155.03529180945,21.78,75005.10214031262,33.93
Thripadectes virgaticeps,Aves,LC,81430.60894953925,7.12,14550.154366721836,17.87,25674.33180305344,31.53
Thripadectes melanorhynchus,Aves,LC,86426.46874984016,7.56,17352.97218161389,20.08,27757.050714230347,32.12
Automolus rufipileatus,Aves,LC,491515.71199811954,42.98,103143.95760624878,20.98,160439.6459980647,32.64
Automolus melanopezus,Aves,LC,37044.74916658966,3.24,4905.7208942314455,13.24,5515.604027043945,14.89
Automolus ochrolaemus,Aves,LC,737990.2174774273,64.53,139988.7166198564,18.97,213153.3021486533,28.88
Automolus infuscatus,Aves,LC,608894.7228387871,53.24,113433.5819236626,18.63,168866.75312174024,27.73
Premnoplex brunnescens,Aves,LC,171669.6155666309,15.01,35507.5261364833,20.68,56511.603580941046,32.92
Margarornis stellatus,Aves,LC,70047.65720028042,6.12,8149.384212941773,11.63,12065.779530001342,17.23
Margarornis squamiger,Aves,LC,110772.77024168568,9.69,30759.047665317503,27.77,41140.79387343469,37.14
Leptasthenura andicola,Aves,LC,55488.9892776158,4.85,20252.135938066614,36.5,25290.151963272612,45.58
Phacellodomus rufifrons,Aves,LC,335123.4224359249,29.3,62192.52035478278,18.56,115146.45493049346,34.36
Hellmayrea gularis,Aves,LC,87835.15096373472,7.68,25609.299880300103,29.16,33474.77742595215,38.11
Asthenes flammulata,Aves,LC,32819.22845875031,2.87,12053.015402501069,36.73,15466.470613665377,47.13
Asthenes wyatti,Aves,LC,40604.74542469877,3.55,13772.485523232424,33.92,16807.38522384204,41.39
Asthenes perijana,Aves,EN,1724.5540880335984,0.15,911.2833986875,52.84,911.2833986875,52.84
Metopothrix aurantiaca,Aves,LC,305080.97286742827,26.68,70449.38196273413,23.09,96192.95410010911,31.53
Siptornis striaticollis,Aves,LC,6898.135956308833,0.6,2122.6437456328126,30.77,2269.3178906328126,32.9
Cranioleuca vulpina,Aves,LC,259869.5530081493,22.72,19113.15559192163,7.35,36579.91181679663,14.08
Cranioleuca subcristata,Aves,LC,75168.89112986399,6.57,13538.090206923827,18.01,23206.57034997241,30.87
Cranioleuca erythrops,Aves,LC,121222.99407972772,10.6,19975.498875966492,16.48,31640.450385769655,26.1
Cranioleuca hellmayri,Aves,LC,4896.114969476513,0.43,3001.366721234375,61.3,3006.178856941406,61.4
Cranioleuca curtata,Aves,LC,128699.65423684457,11.25,23328.38726182776,18.13,38975.20040132184,30.28
Cranioleuca gutturata,Aves,NA,470064.2220012854,41.1,106242.370971948,22.6,150489.54758088844,32.01
Certhiaxis cinnamomeus,Aves,LC,217253.5891211677,19,25724.690553617187,11.84,68229.99374264649,31.41
Synallaxis gujanensis,Aves,LC,773458.8799051282,67.63,133575.77012191943,17.27,218674.29604712763,28.27
Synallaxis brachyura,Aves,LC,147193.0257366597,12.87,22986.817353273356,15.62,40697.3251830968,27.65
Synallaxis subpudica,Aves,LC,21947.88502683766,1.92,5061.805051975708,23.06,5890.479621634521,26.84
Synallaxis moesta,Aves,LC,77605.94555965812,6.79,14440.031265556794,18.61,26499.762822603607,34.15
Synallaxis albigularis,Aves,LC,203591.95597106556,17.8,34104.96512674707,16.75,43615.51166953784,21.42
Synallaxis albescens,Aves,LC,812176.3134916465,71.01,138602.46722049854,17.07,259856.33221434455,32
Synallaxis azarae,Aves,LC,176160.72508509955,15.4,37096.214333232725,21.06,57718.77277475708,32.76
Synallaxis candei,Aves,LC,99269.79906287394,8.68,9574.22292671408,9.64,37615.04136468728,37.89
Synallaxis fuscorufa,Aves,NT,2989.379763157788,0.26,2306.97187421875,77.17,2306.9944019492186,77.17
Synallaxis unirufa,Aves,LC,150285.83458674714,13.14,37407.301468867176,24.89,54200.89367706639,36.07
Synallaxis cinnamomea,Aves,LC,91472.83798240448,8,23924.022674175445,26.15,41810.27671636851,45.71
Synallaxis rutilans,Aves,LC,638713.3266780229,55.85,117541.59811630304,18.4,181619.68459798177,28.44
Synallaxis cherriei,Aves,LC,58000.30220037319,5.07,8605.603489437255,14.84,10024.890464874756,17.28
Tyranneutes stolzmanni,Aves,LC,678503.5143387162,59.33,129660.1894865625,19.11,200347.91612325585,29.53
Neopelma chrysocephalum,Aves,LC,503511.4263687846,44.03,114415.49474743567,22.72,171894.4401960631,34.14
Chiroxiphia lanceolata,Aves,LC,514043.0429141807,44.95,70274.83255591174,13.67,145752.39287737073,28.35
Chiroxiphia pareola,Aves,LC,506427.18273018464,44.28,110059.96825191456,21.73,151713.8510242578,29.96
Masius chrysopterus,Aves,LC,166430.07855254636,14.55,32848.467464938505,19.74,52740.413794087945,31.69
Corapipo altera,Aves,NA,3502.4236886254184,0.31,769.56683,21.97,1116.212686,31.87
Corapipo leucorrhoa,Aves,LC,184380.02621945212,16.12,36071.7347517321,19.56,69115.82725415907,37.49
Xenopipo atronitens,Aves,LC,477849.3573060037,41.78,82704.56455834374,17.31,134932.01565396876,28.24
Lepidothrix coronata,Aves,LC,739496.8991816188,64.66,143164.2814915683,19.36,215668.2724951425,29.16
Lepidothrix isidorei,Aves,LC,16865.18873993614,1.47,4019.5926576933593,23.83,5578.541393060547,33.08
Heterocercus flavivertex,Aves,LC,558572.2457721508,48.84,107068.99583954156,19.17,173875.4983843201,31.13
Manacus manacus,Aves,LC,991730.1383671312,86.71,186607.56797799811,18.82,296200.90887879516,29.87
Pipra filicauda,Aves,LC,752143.7798392628,65.76,148796.9545482197,19.78,223917.15176364427,29.77
Machaeropterus deliciosus,Aves,LC,26740.60452647159,2.34,7176.938589078125,26.84,8203.068217896149,30.68
Machaeropterus striolatus,Aves,LC,455172.594214595,39.8,87283.75430241022,19.18,130517.74448828876,28.67
Pipreola riefferii,Aves,LC,161297.8829910536,14.1,39090.96415244928,24.24,57194.77582971704,35.46
Pipreola arcuata,Aves,LC,69137.16943210579,6.05,18380.85783037085,26.59,25205.05792326825,36.46
Pipreola aureopectus,Aves,LC,78644.09982353076,6.88,22961.734287460877,29.2,33010.42093950421,41.97
Pipreola jucunda,Aves,LC,10739.690508631667,0.94,2684.9233325999016,25,3338.9876530992074,31.09
Pipreola lubomirskii,Aves,LC,26357.58227026181,2.3,8141.288825442627,30.89,10097.526424993895,38.31
Pipreola chlorolepidota,Aves,LC,19247.179215571676,1.68,2887.677678882568,15,3327.5037231247557,17.29
Ampelioides tschudii,Aves,LC,162720.50141747983,14.23,29401.084310805632,18.07,48802.50260415457,29.99
Doliornis remseni,Aves,NT,1282.891612839631,0.11,195.7478137890625,15.26,754.3227257265625,58.8
Ampelion rubrocristatus,Aves,LC,63358.81453887429,5.54,19962.38425479556,31.51,24990.73994913058,39.44
Ampelion rufaxilla,Aves,LC,47889.39237367499,4.19,10194.754685565977,21.29,16184.579664610104,33.8
Phoenicircus nigricollis,Aves,LC,361141.88986392616,31.58,86854.71793378613,24.05,121830.66215262144,33.73
Rupicola rupicola,Aves,LC,369327.6270981105,32.29,91102.31970093628,24.67,133480.91617106908,36.14
Rupicola peruvianus,Aves,LC,322522.6713726058,28.2,58030.809818424685,17.99,87454.5420114715,27.12
Snowornis subalaris,Aves,LC,7448.87262323258,0.65,2013.5305259882812,27.03,2134.2617782304687,28.65
Snowornis cryptolophus,Aves,LC,148367.2120955577,12.97,31449.540096682496,21.2,47811.049988602725,32.22
Querula purpurata,Aves,LC,820295.265158578,71.72,148534.81195612086,18.11,230843.29803929737,28.14
Pyroderus scutatus,Aves,LC,135887.10637190656,11.88,26613.773995044983,19.59,43328.97290879175,31.89
Cephalopterus ornatus,Aves,LC,682734.913147572,59.7,134783.79674815087,19.74,213331.96352982055,31.25
Cephalopterus penduliger,Aves,VU,6893.721600411851,0.6,442.343370765625,6.42,1070.457994765625,15.53
Perissocephalus tricolor,Aves,LC,120991.14097678188,10.58,3605.5559860625,2.98,8365.406254203124,6.91
Cotinga nattererii,Aves,LC,6038.9080505128095,0.53,1205.9204071171876,19.97,1995.0745830507813,33.04
Cotinga maynana,Aves,LC,84009.4978684624,7.35,7606.734699290039,9.05,8252.753926227539,9.82
Cotinga cayana,Aves,LC,707975.6586404254,61.9,134385.74895963527,18.98,213444.59583128392,30.15
Lipaugus weberi,Aves,CR,2372.7177292809192,0.21,320.3214801171875,13.5,396.74680828125,16.72
Lipaugus fuscocinereus,Aves,LC,62173.36063265744,5.44,16064.388458614594,25.84,23694.33289248538,38.11
Lipaugus unirufus,Aves,LC,222841.67698394705,19.48,42864.886812107485,19.24,81094.65840361279,36.39
Lipaugus vociferans,Aves,LC,611779.3978565242,53.49,116474.88826995702,19.04,181464.61585149512,29.66
Procnias averano,Aves,NT,0,0,0,NA,0,NA
Porphyrolaema porphyrolaema,Aves,LC,97994.56636768984,8.57,19622.1828304541,20.02,19631.5583424541,20.03
Xipholena punicea,Aves,LC,535921.9547292839,46.86,100877.7437859453,18.82,143566.1756427422,26.79
Gymnoderus foetidus,Aves,LC,540761.8316937089,47.28,98300.40891856932,18.18,145669.41814880274,26.94
Tityra inquisitor,Aves,LC,961911.926466082,84.11,161159.34375585697,16.75,265453.72090386983,27.6
Tityra cayana,Aves,LC,693280.4224453887,60.62,130383.34687995544,18.81,196801.4801556284,28.39
Tityra semifasciata,Aves,LC,1056302.4364145682,92.36,192938.98906601893,18.27,310462.7114480982,29.39
Schiffornis major,Aves,LC,445476.7250693854,38.95,101022.69654282033,22.68,142434.90797907033,31.97
Schiffornis turdina,Aves,LC,992602.811606397,86.79,179488.23305055004,18.08,276598.9283627563,27.87
Laniocera rufescens,Aves,LC,10986.550954416243,0.96,2102.8899574296875,19.14,2916.7429458632814,26.55
Laniocera hypopyrra,Aves,LC,632034.946066031,55.26,116482.06163252392,18.43,176630.84685028906,27.95
Iodopleura isabellae,Aves,LC,395205.6278876956,34.56,98579.18347953713,24.94,149870.08487670997,37.92
Pachyramphus versicolor,Aves,LC,142316.41291402135,12.44,33333.19933448618,23.42,48920.794373019926,34.37
Pachyramphus rufus,Aves,LC,611667.6880332368,53.48,93756.95004114333,15.33,190485.20325409283,31.14
Pachyramphus cinnamomeus,Aves,LC,328884.05475019617,28.76,59513.47764376517,18.1,108611.58158068891,33.02
Pachyramphus castaneus,Aves,LC,76671.2966146292,6.7,11728.990623713533,15.3,24843.811722154936,32.4
Pachyramphus polychopterus,Aves,LC,869987.7985208669,76.07,160185.20567907588,18.41,246672.3472468127,28.35
Pachyramphus albogriseus,Aves,LC,215288.50962041476,18.82,40075.321765706976,18.61,67363.82441215786,31.29
Pachyramphus marginatus,Aves,LC,681549.3056399819,59.59,128603.93065726342,18.87,200558.9323926306,29.43
Pachyramphus homochrous,Aves,LC,65641.21969809536,5.74,12528.12124847754,19.09,23978.190187188477,36.53
Pachyramphus minor,Aves,LC,684257.0150853017,59.83,128821.3817392489,18.83,201294.97215612928,29.42
Oxyruncus cristatus,Aves,LC,496628.88518989016,43.42,100383.250383156,20.21,144374.12492210095,29.07
Onychorhynchus coronatus,Aves,LC,764985.9656255905,66.89,133707.42230903075,17.48,209531.27113819128,27.39
Terenotriccus erythrurus,Aves,LC,1027206.422824524,89.81,183105.2165742955,17.83,297274.58993785694,28.94
Myiobius villosus,Aves,LC,234999.91687963923,20.55,44249.274600857694,18.83,72191.2272949683,30.72
Myiobius barbatus,Aves,LC,1028366.563727149,89.92,186644.31797537432,18.15,306264.26237628737,29.78
Myiobius atricaudus,Aves,LC,444932.8782270035,38.9,90891.31504108247,20.43,155932.01613491835,35.05
Piprites chloris,Aves,LC,774852.2564790634,67.75,152598.43991266467,19.69,234440.74799386392,30.26
Neopipo cinnamomea,Aves,LC,330640.51544151385,28.91,84213.42714499976,25.47,118715.05665737476,35.9
Platyrinchus saturatus,Aves,LC,268833.306694126,23.51,74656.07859024609,27.77,104012.93537348048,38.69
Platyrinchus mystaceus,Aves,LC,233553.8833668634,20.42,48854.50181554062,20.92,77610.62071809625,33.23
Platyrinchus coronatus,Aves,LC,863435.4526828453,75.5,165085.03173292548,19.12,252067.97989016472,29.19
Platyrinchus flavigularis,Aves,LC,120724.46553404324,10.56,30591.125505206724,25.34,40221.49605157727,33.32
Platyrinchus platyrhynchos,Aves,LC,597387.4296864693,52.23,112216.31563476074,18.78,163248.80541565135,27.33
Pseudotriccus pelzelni,Aves,LC,189668.54654886728,16.58,34850.94613774667,18.37,57931.00001349663,30.54
Pseudotriccus ruficeps,Aves,LC,118941.63816502209,10.4,29298.819113560945,24.63,42039.25241301028,35.34
Corythopis torquatus,Aves,LC,493186.67713474354,43.12,106692.04449204273,21.63,149929.64099641773,30.4
Phylloscartes poecilotis,Aves,NA,143628.76183751322,12.56,27429.557077347716,19.1,44219.02795661548,30.79
Phylloscartes ophthalmicus,Aves,NA,201647.73798831896,17.63,35115.62173464399,17.41,59807.055213556305,29.66
Phylloscartes lanyoni,Aves,NA,29922.616053472153,2.62,4606.3195786733395,15.39,10329.66861190503,34.52
Phylloscartes orbitalis,Aves,NA,26255.11341514375,2.3,3183.8471560895996,12.13,4409.36327487085,16.79
Phylloscartes gualaquizae,Aves,LC,12667.43590250016,1.11,2884.3223346159666,22.77,3151.142922858154,24.88
Phylloscartes superciliaris,Aves,LC,214537.68422280517,18.76,37272.909826807925,17.37,66349.16979719361,30.93
Mionectes striaticollis,Aves,LC,128782.76047824556,11.26,25307.282568168037,19.65,39705.80057569779,30.83
Mionectes olivaceus,Aves,LC,329825.8541149502,28.84,58002.71436692682,17.59,92487.2197075874,28.04
Mionectes oleagineus,Aves,LC,986765.9251245272,86.28,179774.87418033014,18.22,285438.86525366164,28.93
Leptopogon amaurocephalus,Aves,LC,941378.2791657856,82.31,153845.82443641388,16.34,253841.71279028588,26.96
Leptopogon superciliaris,Aves,LC,238893.67999937417,20.89,42275.444086892,17.7,71007.27355178434,29.72
Leptopogon rufipectus,Aves,LC,123451.20220675335,10.79,28819.526170243225,23.34,41348.30388429712,33.49
Cnipodectes subbrunneus,Aves,LC,986717.9801047924,86.27,180216.0187186983,18.26,298701.34039380006,30.27
Rhynchocyclus olivaceus,Aves,LC,1028558.6291803824,89.93,184502.0110750567,17.94,309886.34890491614,30.13
Rhynchocyclus brevirostris,Aves,LC,0,0,0,NA,0,NA
Rhynchocyclus fulvipectus,Aves,LC,202844.3325691921,17.74,35533.16110089581,17.52,58163.532619344725,28.67
Tolmomyias sulphurescens,Aves,LC,772695.2432033928,67.56,158988.60494477904,20.58,247645.87692656348,32.05
Tolmomyias traylori,Aves,LC,350005.96495396935,30.6,73482.44459371582,20.99,102987.19429441114,29.42
Tolmomyias assimilis,Aves,LC,830235.917987692,72.59,151624.1293926106,18.26,233146.65311056224,28.08
Tolmomyias poliocephalus,Aves,LC,679711.1637213046,59.43,125804.65924063452,18.51,198248.16742344896,29.17
Tolmomyias flaviventris,Aves,LC,804491.7809293402,70.34,134363.74007823365,16.7,242468.05966008303,30.14
Myiornis atricapillus,Aves,LC,58602.84490106019,5.12,9561.71360629492,16.32,12318.7441890083,21.02
Myiornis ecaudatus,Aves,LC,802566.479041983,70.17,138955.60322031286,17.31,219875.06111325073,27.4
Oncostoma olivaceum,Aves,LC,69013.93924534095,6.03,13065.05251572284,18.93,23701.72034912482,34.34
Lophotriccus pileatus,Aves,LC,454904.6369770297,39.78,73509.3599594417,16.16,134777.96961463604,29.63
Lophotriccus vitiosus,Aves,LC,336941.8253592294,29.46,83989.27718887867,24.93,117563.32383825368,34.89
Lophotriccus galeatus,Aves,LC,490999.6778243392,42.93,88078.02723848222,17.94,143347.9035218431,29.2
Atalotriccus pilaris,Aves,LC,546858.6958351946,47.82,68891.0981191825,12.6,141927.65655097962,25.95
Hemitriccus zosterops,Aves,LC,467486.5923455319,40.88,105535.1456782888,22.58,147116.175912781,31.47
Hemitriccus iohannis,Aves,LC,116943.08838499336,10.23,16343.836038776368,13.98,17719.18487201074,15.15
Hemitriccus striaticollis,Aves,LC,494268.5840918249,43.22,91888.88303663443,18.59,161165.01417962468,32.61
Hemitriccus margaritaceiventer,Aves,LC,403801.4412191711,35.31,76207.02835228106,18.87,151822.9168352039,37.6
Hemitriccus granadensis,Aves,LC,145540.99144648277,12.73,36131.681353935484,24.83,52945.614664310306,36.38
Poecilotriccus ruficeps,Aves,LC,134942.459499031,11.8,32381.71928937825,24,45697.7732960385,33.86
Poecilotriccus capitalis,Aves,LC,14580.301323676298,1.27,2923.2246665495604,20.05,3208.4172707917483,22.01
Poecilotriccus latirostris,Aves,LC,333303.2988597382,29.14,60728.01077780784,18.22,103416.45174008836,31.03
Poecilotriccus sylvia,Aves,LC,743446.5205704521,65,123336.85400384368,16.59,239434.77174980775,32.21
Poecilotriccus calopterus,Aves,LC,10025.303715016726,0.88,1626.7366794570312,16.23,1766.8901676992186,17.62
Todirostrum maculatum,Aves,LC,644376.1374557571,56.34,123300.46888255402,19.13,193890.05192099835,30.09
Todirostrum cinereum,Aves,LC,606944.6564874257,53.07,95011.34450045854,15.65,163061.0184504712,26.87
Todirostrum nigriceps,Aves,LC,227310.7309555447,19.88,26596.388483931183,11.7,63272.72789773642,27.84
Todirostrum pictum,Aves,LC,0,0,0,NA,0,NA
Todirostrum chrysocrotaphum,Aves,LC,766016.3036620285,66.98,140140.03639716932,18.29,221245.84813849328,28.88
Myiotriccus ornatus,Aves,LC,199441.09120335057,17.44,33576.18425080808,16.84,55823.57790348752,27.99
Hirundinea ferruginea,Aves,LC,251335.3437878379,21.98,45748.79243888611,18.2,77080.32500669934,30.67
Pyrrhomyias cinnamomeus,Aves,LC,166774.21401005035,14.58,40591.380822076,24.34,59446.35132132861,35.64
Zimmerius vilissimus,Aves,LC,250050.03054798424,21.86,37067.72447786936,14.82,87273.24247494875,34.9
Zimmerius gracilipes,Aves,LC,602553.0063328104,52.68,114307.67784385644,18.97,167990.02505761426,27.88
Zimmerius chrysops,Aves,LC,170673.7929145985,14.92,30485.787916808167,17.86,51533.88828195117,30.19
Stigmatura napensis,Aves,LC,555388.9120733192,48.56,100975.78341471552,18.18,144171.6264522702,25.96
Inezia tenuirostris,Aves,LC,26626.88170226189,2.33,2414.0808172165375,9.07,4385.233766900723,16.47
Inezia subflava,Aves,LC,421939.0550691839,36.89,77073.38674868652,18.27,132965.4507975547,31.51
Inezia caudata,Aves,LC,286512.46959715185,25.05,16005.191662073272,5.59,39241.84615248398,13.7
Euscarthmus meloryphus,Aves,LC,121236.80535841052,10.6,16333.110475448124,13.47,32223.53895590601,26.58
Ornithion brunneicapillus,Aves,LC,196102.61117569052,17.15,27382.194036784174,13.96,58359.36331810791,29.76
Ornithion inerme,Aves,LC,686304.0904306186,60.01,129299.45524854003,18.84,201786.6748276282,29.4
Camptostoma obsoletum,Aves,LC,822215.4553346713,71.89,148648.6549706289,18.08,260212.04437956103,31.65
Elaenia flavogaster,Aves,LC,440977.3797544121,38.56,78349.23236615011,17.77,149933.43576928615,34
Elaenia martinica,Aves,LC,0,0,0,NA,0,NA
Elaenia spectabilis,Aves,LC,426381.35326334473,37.28,92354.08543732714,21.66,134871.38123050684,31.63
Elaenia albiceps,Aves,LC,162319.4221040873,14.19,33192.315072720616,20.45,52386.32976741617,32.27
Elaenia parvirostris,Aves,LC,888644.6450316941,77.7,153850.57588519805,17.31,248029.4089848269,27.91
Elaenia gigas,Aves,LC,113616.75045622478,9.93,14668.649361062257,12.91,16004.203154499755,14.09
Elaenia cristata,Aves,LC,487468.5815097936,42.62,83434.08068634375,17.12,135675.40237396874,27.83
Elaenia chiriquensis,Aves,LC,517002.4879681195,45.2,99924.95874676328,19.33,164824.37071980548,31.88
Elaenia brachyptera,Aves,LC,31339.156630517155,2.74,3824.369121133057,12.2,8115.022081289307,25.89
Elaenia ruficeps,Aves,LC,251250.7927238767,21.97,60216.241287765624,23.97,100247.47147976562,39.9
Elaenia frantzii,Aves,LC,108762.35585579196,9.51,28804.7355533442,26.48,40023.26982780491,36.8
Elaenia pallatangae,Aves,LC,55314.73882181505,4.84,14857.512473126282,26.86,20971.876097992063,37.91
Tyrannulus elatus,Aves,LC,964104.601124056,84.3,166591.27742604527,17.28,270296.95356001146,28.04
Myiopagis gaimardii,Aves,LC,913139.5936282972,79.84,175451.53855247964,19.21,292352.22488325817,32.02
Myiopagis caniceps,Aves,LC,598135.6825347046,52.3,131841.5522414036,22.04,184960.5715596799,30.92
Myiopagis viridicata,Aves,LC,1068917.887047335,93.46,190140.26807683724,17.79,322228.60299033613,30.15
Capsiempis flaveola,Aves,LC,1059635.125055825,92.65,188950.57520877325,17.83,308310.325866374,29.1
Phyllomyias griseiceps,Aves,LC,319398.4314120107,27.93,59641.44777409607,18.67,102051.4024536803,31.95
Phyllomyias nigrocapillus,Aves,LC,192079.12313988837,16.79,47754.239941882384,24.86,68920.21905110986,35.88
Phyllomyias cinereiceps,Aves,LC,142078.96255199722,12.42,25331.232810175658,17.83,40882.522096840206,28.77
Phyllomyias uropygialis,Aves,LC,80170.77133327526,7.01,22290.096710966307,27.8,29937.436589466248,37.34
Phyllomyias plumbeiceps,Aves,LC,145046.68200220054,12.68,26599.323399604767,18.34,44850.788543375485,30.92
Phaeomyias murina,Aves,LC,850561.4599973005,74.37,163843.4894830966,19.26,272781.7640255686,32.07
Mecocerculus poecilocercus,Aves,LC,176893.83923937788,15.47,38532.393555534,21.78,58812.29023518823,33.25
Mecocerculus stictopterus,Aves,LC,74050.6949781351,6.47,21454.917406094115,28.97,27644.135144768126,37.33
Mecocerculus leucophrys,Aves,LC,70937.89260366083,6.2,24191.11508794748,34.1,29666.147404366424,41.82
Mecocerculus minor,Aves,LC,125886.9905252184,11.01,33760.737192982895,26.82,45131.142731855056,35.85
Anairetes parulus,Aves,LC,3301.6145144506577,0.29,349.2267043520508,10.58,1621.5847522895508,49.11
Pseudocolopteryx acutipennis,Aves,LC,126081.0523597178,11.02,27021.32590770421,21.43,41082.34076054234,32.58
Serpophaga cinerea,Aves,LC,160541.13984300813,14.04,31399.630542644103,19.56,50083.41763108008,31.2
Serpophaga hypoleuca,Aves,LC,595951.5941110912,52.11,114804.96379571289,19.26,177759.85124405567,29.83
Muscigralla brevicauda,Aves,LC,0,0,0,NA,0,NA
Attila cinnamomeus,Aves,LC,642431.5871527089,56.17,118755.45096746094,18.49,184377.27642996775,28.7
Attila torridus,Aves,NT,1623.488296121091,0.14,86.169472,5.31,217.137968,13.37
Attila citriniventris,Aves,LC,617735.4888132368,54.01,114906.60032094922,18.6,174829.4008984248,28.3
Attila bolivianus,Aves,LC,369235.0967907859,32.28,94087.5558540625,25.48,132283.6103820625,35.83
Attila spadiceus,Aves,LC,928635.75982311,81.2,168106.56771899186,18.1,267996.1996906196,28.86
Legatus leucophaius,Aves,LC,1056655.1248579144,92.39,192177.5167919137,18.19,305229.74882158876,28.89
Ramphotrigon megacephalum,Aves,LC,365705.0389668968,31.98,74700.93789957788,20.43,126995.87312051252,34.73
Ramphotrigon ruficauda,Aves,LC,612482.4175311495,53.55,117225.12300827248,19.14,181366.81020267872,29.61
Ramphotrigon fuscicauda,Aves,LC,72722.85941914137,6.36,4501.481962879883,6.19,5126.075050254883,7.05
Pitangus sulphuratus,Aves,LC,834365.3935529926,72.95,155391.8756553627,18.62,255273.6413387538,30.59
Pitangus lictor,Aves,NA,896731.926403298,78.41,156152.7282551549,17.41,249231.4279870657,27.79
Machetornis rixosa,Aves,LC,766078.2407247119,66.98,139618.17704605908,18.23,264102.4793783508,34.47
Tyrannopsis sulphurea,Aves,LC,785673.0473390396,68.7,144782.51000232904,18.43,228080.60940409737,29.03
Megarynchus pitangua,Aves,LC,1067760.3464584842,93.36,193646.50010890025,18.14,318924.0499459895,29.87
Myiodynastes chrysocephalus,Aves,LC,196358.0818028243,17.17,40016.87571167779,20.38,63549.85379840006,32.36
Myiodynastes luteiventris,Aves,LC,676048.5472897384,59.11,149796.74300468725,22.16,223436.76986558692,33.05
Myiodynastes maculatus,Aves,LC,974779.0261486945,85.23,185305.58848495324,19.01,291618.2060462054,29.92
Myiozetetes cayanensis,Aves,LC,748246.6048139348,65.42,125107.64061131494,16.72,237492.70135146411,31.74
Myiozetetes similis,Aves,LC,782543.0094052285,68.42,144632.87177758286,18.48,219526.72997385505,28.05
Myiozetetes granadensis,Aves,LC,631435.7340298698,55.21,124185.83493959664,19.67,191433.80125102337,30.32
Myiozetetes luteiventris,Aves,LC,289542.03336959885,25.32,63735.641384300536,22.01,89389.17598995678,30.87
Conopias albovittatus,Aves,LC,87087.30439198036,7.61,14283.265236227937,16.4,21233.613101819337,24.38
Conopias cinchoneti,Aves,LC,106824.3049380187,9.34,20700.32346021085,19.38,32691.63528566253,30.6
Phelpsia inornata,Aves,LC,120709.81144069631,10.55,11709.700245041016,9.7,22063.608612369146,18.28
Empidonomus varius,Aves,LC,737353.1861691019,64.47,146593.68313590856,19.88,229098.72921484977,31.07
Empidonomus aurantioatrocristatus,Aves,NA,716161.5111220183,62.62,128190.6914198325,17.9,196393.40710284788,27.42
Tyrannus niveigularis,Aves,LC,0,0,0,NA,0,NA
Tyrannus albogularis,Aves,LC,676159.9669739217,59.12,118748.21376126417,17.56,182803.8116329248,27.04
Tyrannus melancholicus,Aves,LC,639183.6478902502,55.89,122893.4519571328,19.23,197095.03322322943,30.84
Tyrannus savana,Aves,LC,850455.0046806564,74.36,148613.76536344452,17.47,259061.5082105082,30.46
Tyrannus tyrannus,Aves,LC,789742.8517503305,69.05,139454.06552420906,17.66,241638.08145168793,30.6
Tyrannus dominicensis,Aves,LC,315.98458451809057,0.03,122.4208435546875,38.74,133.74856548828126,42.33
Rhytipterna holerythra,Aves,LC,114255.4827661092,9.99,19127.666229689206,16.74,29898.918316398707,26.17
Rhytipterna simplex,Aves,LC,584292.5850505892,51.09,118003.22471505003,20.2,178697.5988380676,30.58
Rhytipterna immunda,Aves,LC,147843.2388113339,12.93,14817.533488515624,10.02,22615.748264515623,15.3
Sirystes albocinereus,Aves,LC,31681.402449785142,2.77,4496.128059219726,14.19,4774.909819219726,15.07
Myiarchus tuberculifer,Aves,LC,698182.7283348162,61.05,154663.61115475764,22.15,229293.8925879136,32.84
Myiarchus swainsoni,Aves,LC,631729.4789615899,55.24,116799.58264827252,18.49,180436.7578166215,28.56
Myiarchus venezuelensis,Aves,LC,341080.51163154864,29.82,52034.99152156171,15.26,99806.35534795422,29.26
Myiarchus panamensis,Aves,LC,152760.76905821252,13.36,19589.39322522107,12.82,55018.10595928213,36.02
Myiarchus ferox,Aves,LC,846201.0223872856,73.99,144288.77365317126,17.05,232793.6795413065,27.51
Myiarchus apicalis,Aves,LC,121535.61918837168,10.63,16396.406227504554,13.49,31028.770193299315,25.53
Myiarchus cephalotes,Aves,LC,163345.60526779504,14.28,31763.366309540834,19.45,49242.14757430493,30.15
Myiarchus crinitus,Aves,LC,416046.42164948315,36.38,77996.19317139004,18.75,151371.11805266776,36.38
Colonia colonus,Aves,LC,647110.7680640201,56.58,118831.83866560626,18.36,192138.59305212263,29.69
Myiophobus flavicans,Aves,LC,189901.56743002508,16.6,35889.964665196596,18.9,58750.97228854175,30.94
Myiophobus phoenicomitra,Aves,LC,56476.8517206417,4.94,9878.449308534957,17.49,14798.617581959026,26.2
Myiophobus fasciatus,Aves,LC,336768.37390667765,29.45,70020.5234311935,20.79,118997.45740874136,35.34
Myiophobus roraimae,Aves,LC,5574.507129838552,0.49,1260.789588453125,22.62,1352.236497453125,24.26
Ochthoeca frontalis,Aves,NA,59869.89649530867,5.23,19263.11573616562,32.17,24122.038528547877,40.29
Ochthoeca diadema,Aves,NA,96492.24788662174,8.44,28181.04607928372,29.21,36976.33596916086,38.32
Ochthoeca cinnamomeiventris,Aves,LC,167108.19244571883,14.61,39961.88278975696,23.91,57465.25223960437,34.39
Ochthoeca rufipectoralis,Aves,LC,76246.82289834255,6.67,23911.20488370874,31.36,29817.822897729005,39.11
Ochthoeca fumicolor,Aves,LC,53553.86419898312,4.68,18262.725260443665,34.1,22702.061899201843,42.39
Sublegatus arenarum,Aves,LC,376.113237767915,0.03,186.908352,49.69,287.268984,76.38
Sublegatus obscurior,Aves,LC,352603.75739890395,30.83,99810.39512366576,28.31,138977.53194204078,39.41
Pyrocephalus rubinus,Aves,LC,178610.49397952663,15.62,36456.5193096974,20.41,57870.264912465056,32.4
Fluvicola pica,Aves,LC,464833.0743848001,40.64,88801.79606988428,19.1,177682.5439831836,38.23
Fluvicola nengeta,Aves,LC,0,0,0,NA,0,NA
Arundinicola leucocephala,Aves,LC,380851.00834311504,33.3,71781.3650935918,18.85,139742.87122409864,36.69
Knipolegus orenocensis,Aves,LC,156362.65147711246,13.67,28581.432484145233,18.28,29054.35898848117,18.58
Knipolegus poecilurus,Aves,LC,153349.0529526006,13.41,28164.82717548401,18.37,47475.770994015504,30.96
Knipolegus poecilocercus,Aves,LC,814837.0579645282,71.25,146478.23830454433,17.98,266505.18795414234,32.71
Satrapa icterophrys,Aves,LC,0,0,0,NA,0,NA
Muscisaxicola fluviatilis,Aves,LC,431980.4609755313,37.77,79003.27142134374,18.29,129431.34158896876,29.96
Muscisaxicola maculirostris,Aves,LC,1049.5492249977522,0.09,197.4201088701172,18.81,197.42010887402344,18.81
Muscisaxicola albilora,Aves,LC,0,0,0,NA,0,NA
Muscisaxicola alpinus,Aves,LC,1322.405767578871,0.12,729.0091413125,55.13,735.632860875,55.63
Cnemarchus erythropygius,Aves,LC,19887.749695727773,1.74,6066.964490297333,30.51,8794.07306954245,44.22
Agriornis montanus,Aves,LC,3105.900450024107,0.27,467.8931597446289,15.06,1660.657671682129,53.47
Myiotheretes striaticollis,Aves,LC,87841.45974438643,7.68,26841.554525639094,30.56,34312.05070229883,39.06
Myiotheretes pernix,Aves,EN,483.65172823955254,0.04,441.2290028125,91.23,441.229002875,91.23
Myiotheretes fumigatus,Aves,LC,158930.1613726851,13.9,38758.675374208186,24.39,53807.63001847552,33.86
Ochthornis littoralis,Aves,LC,669106.9471209877,58.5,126908.27615650171,18.97,195083.89074289525,29.16
Cnemotriccus fuscatus,Aves,LC,642859.9929667409,56.21,123751.25928803916,19.25,194397.93785541249,30.24
Aphanotriccus audax,Aves,NT,299690.91496418254,26.2,44516.72536698462,14.85,99373.69892709269,33.16
Lathrotriccus euleri,Aves,LC,559183.1996569237,48.89,129305.69246174685,23.12,194214.71045097412,34.73
Mitrephanes phaeocercus,Aves,LC,56418.656144485976,4.93,11188.69173618042,19.83,16380.973560983644,29.03
Sayornis nigricans,Aves,LC,252007.9708698763,22.03,46309.749403475464,18.38,71786.12655282434,28.49
Empidonax virescens,Aves,LC,184024.74403342427,16.09,34798.592817757824,18.91,57848.318624348874,31.44
Empidonax traillii,Aves,LC,685361.1579402632,59.93,145065.7355455379,21.17,249981.5334449773,36.47
Empidonax alnorum,Aves,LC,557983.4417739621,48.79,121875.57980090583,21.84,232724.6427548716,41.71
Contopus cooperi,Aves,LC,284296.10175811,24.86,51592.68626151495,18.15,81441.96192005594,28.65
Contopus fumigatus,Aves,LC,170662.6875079846,14.92,36620.52404124547,21.46,57061.652163477105,33.44
Contopus sordidulus,Aves,LC,197662.3657108417,17.28,34713.04668313148,17.56,58715.25365332071,29.7
Contopus virens,Aves,LC,615949.3032853194,53.86,136551.32574938086,22.17,200320.7293583938,32.52
Contopus cinereus,Aves,LC,622236.8500074506,54.41,129776.53225943285,20.86,209707.4080960042,33.7
Cyclarhis gujanensis,Aves,LC,699817.4477702153,61.19,134055.89655109958,19.16,244540.3072373085,34.94
Cyclarhis nigrirostris,Aves,LC,121262.88253808816,10.6,28109.820365073967,23.18,42016.390987627616,34.65
Hylophilus flavipes,Aves,LC,876705.8546777803,76.66,155289.36902035872,17.71,282455.14586722106,32.22
Hylophilus semicinereus,Aves,LC,385217.4332721518,33.68,58079.78351557813,15.08,77729.38589433204,20.18
Hylophilus brunneiceps,Aves,LC,404374.9048275978,35.36,96093.59584532812,23.76,136901.56318132812,33.86
Hylophilus thoracicus,Aves,LC,608496.0132081609,53.2,112235.56309308644,18.44,170133.53029678907,27.96
Vireolanius eximius,Aves,LC,267563.40375005594,23.39,41716.18812996911,15.59,76768.04786879176,28.69
Vireolanius leucotis,Aves,LC,238426.66689141723,20.85,38878.24044165436,16.31,68094.2183215094,28.56
Vireo flavifrons,Aves,LC,404436.16764931375,35.36,76097.60126431912,18.82,133661.53743776004,33.05
Vireo masteri,Aves,NT,22380.40730165753,1.96,5539.104615843628,24.75,6190.176839030151,27.66
Vireo philadelphicus,Aves,LC,0,0,0,NA,0,NA
Vireo leucophrys,Aves,LC,206131.31365979265,18.02,44912.47946347632,21.79,68564.50988355957,33.26
Vireo olivaceus,Aves,LC,634376.4338475903,55.47,124009.62854580814,19.55,198872.2158734061,31.35
Vireo flavoviridis,Aves,LC,351090.7364605484,30.7,77525.6790913121,22.08,116359.8270014388,33.14
Cyanolyca armillata,Aves,LC,77538.31715810006,6.78,24490.27985909033,31.58,31864.698852250363,41.1
Cyanolyca turcosa,Aves,LC,14107.14506894338,1.23,2103.7706223518067,14.91,5398.662606265869,38.27
Cyanolyca pulchra,Aves,NT,8919.850089459911,0.78,1966.0922144920808,22.04,2296.766520940964,25.75
Cyanocorax violaceus,Aves,LC,578833.5825707654,50.61,99291.56137590176,17.15,165270.8815301097,28.55
Cyanocorax affinis,Aves,LC,396837.20834200626,34.7,69073.24629003934,17.41,133038.0283081402,33.52
Cyanocorax heilprini,Aves,LC,233694.56361766823,20.43,30052.852140442385,12.86,37142.27108366309,15.89
Cyanocorax yncas,Aves,LC,165395.80155608436,14.46,34693.87590315576,20.98,54502.32269046917,32.95
Eremophila alpestris,Aves,LC,58528.6956558146,5.12,11613.547770014891,19.84,18755.521072181884,32.05
Atticora fasciata,Aves,LC,377143.24741047225,32.98,81043.65891459063,21.49,123299.261101856,32.69
Stelgidopteryx ruficollis,Aves,LC,927329.4737443564,81.08,182465.56568086208,19.68,272717.33039032423,29.41
Progne tapera,Aves,LC,754015.7070244603,65.93,154018.0118207529,20.43,241983.66995540145,32.09
Progne subis,Aves,LC,198758.87569266907,17.38,45042.23492605475,22.66,69270.94852475575,34.85
Progne chalybea,Aves,LC,1031739.516808734,90.21,190675.84990055484,18.48,314444.3439236672,30.48
Tachycineta albiventer,Aves,LC,882176.7797304891,77.13,161673.21400364893,18.33,253695.2144552774,28.76
Riparia riparia,Aves,LC,549583.9484733036,48.05,111465.22343765476,20.28,190133.66684928405,34.6
Hirundo rustica,Aves,LC,666105.1664780374,58.24,160539.2489396365,24.1,254818.8271797471,38.26
Petrochelidon pyrrhonota,Aves,LC,313586.660296849,27.42,78335.46865127691,24.98,138221.51594999927,44.08
Microcerculus marginatus,Aves,LC,775192.9317672256,67.78,154748.27854782276,19.96,232553.52098487547,30
Odontorchilus branickii,Aves,LC,181883.35895249675,15.9,29107.701168179992,16,51510.24828666699,28.32
Troglodytes aedon,Aves,LC,582432.7166570493,50.93,142545.25044952933,24.47,221682.36801258352,38.06
Troglodytes solstitialis,Aves,LC,131104.22918290255,11.46,34842.121376994444,26.58,48105.796960292115,36.69
Cistothorus platensis,Aves,LC,71185.60947834901,6.22,21913.247079461456,30.78,28155.243754584742,39.55
Cistothorus apolinari,Aves,EN,20954.28228432245,1.83,6789.466391667633,32.4,7347.814374700649,35.07
Campylorhynchus albobrunneus,Aves,LC,131695.37207061495,11.51,18209.16032397153,13.83,31342.327845573516,23.8
Campylorhynchus zonatus,Aves,LC,239212.85376970883,20.92,29257.348575810527,12.23,72151.10228291624,30.16
Campylorhynchus nuchalis,Aves,LC,116913.77781830516,10.22,10328.12742473056,8.83,43622.61772352626,37.31
Campylorhynchus griseus,Aves,LC,457679.7717931751,40.02,87863.81624726763,19.2,176894.30749386144,38.65
Campylorhynchus turdinus,Aves,LC,471947.9118911525,41.27,82115.65558362314,17.4,123419.19021695074,26.15
Pheugopedius spadix,Aves,LC,159886.7633957743,13.98,28965.897469051088,18.12,46741.1178928457,29.23
Pheugopedius fasciatoventris,Aves,LC,192754.9780316311,16.85,24191.12345980908,12.55,61489.100293323245,31.9
Pheugopedius euophrys,Aves,LC,23265.5825287147,2.03,4328.218036304932,18.6,8217.96774820337,35.32
Pheugopedius mystacalis,Aves,LC,162700.32356692085,14.23,34188.34060608014,21.01,54589.46839240747,33.55
Pheugopedius coraya,Aves,LC,469152.1249572978,41.02,92940.83121945888,19.81,139298.1621342968,29.69
Pheugopedius rutilus,Aves,LC,37528.508937250226,3.28,9402.533026091363,25.05,17350.178580250544,46.23
Pheugopedius sclateri,Aves,LC,112706.54457764993,9.85,17423.038757282044,15.46,32726.566324132644,29.04
Thryophilus rufalbus,Aves,LC,254448.38360365335,22.25,21843.972402885494,8.58,40455.015965525454,15.9
Thryophilus sernai,Aves,VU,1990.6572342841353,0.17,736.5607144375,37,1169.5581671665038,58.75
Thryophilus nicefori,Aves,CR,9559.291118983534,0.84,1597.3409496638185,16.71,2619.374853803223,27.4
Cantorchilus leucopogon,Aves,LC,95097.93465851912,8.31,14729.956865856811,15.49,24556.210846502563,25.82
Cantorchilus nigricapillus,Aves,LC,115452.62486620038,10.09,19946.852584659973,17.28,29781.298724885255,25.8
Cantorchilus leucotis,Aves,LC,857683.0023704562,74.99,148464.00179479882,17.31,261554.74514343505,30.5
Cinnycerthia unirufa,Aves,LC,97600.7471498644,8.53,28756.81105453708,29.46,36757.23132697433,37.66
Cinnycerthia olivascens,Aves,LC,119662.96305425678,10.46,28375.055483358276,23.71,41859.31365444983,34.98
Henicorhina leucosticta,Aves,LC,443061.07360372494,38.74,80337.28860435553,18.13,118266.2637250603,26.69
Henicorhina leucophrys,Aves,LC,202065.1780426373,17.67,46123.81625859455,22.83,69300.80933691382,34.3
Henicorhina anachoreta,Aves,NT,600.3878814243383,0.05,557.6215494375,92.88,557.6215495625,92.88
Henicorhina negreti,Aves,VU,12581.28831590045,1.1,4472.472108495621,35.55,4668.152731176438,37.1
Cyphorhinus thoracicus,Aves,LC,331263.50830356445,28.96,58935.14053008045,17.79,89535.0829150597,27.03
Cyphorhinus phaeocephalus,Aves,LC,38546.23492695533,3.37,7324.1501434648435,19,9884.396953839843,25.64
Cyphorhinus arada,Aves,LC,611226.5954060291,53.44,132538.70766179607,21.68,203473.5087463747,33.29
Microbates collaris,Aves,LC,411569.8003082412,35.99,100432.25792678689,24.4,138602.17977778686,33.68
Microbates cinereiventris,Aves,LC,469950.04176945897,41.09,91127.71346349384,19.39,137190.369508494,29.19
Ramphocaenus melanurus,Aves,LC,879023.9021406706,76.86,175402.0010721867,19.95,267692.7918021007,30.45
Polioptila plumbea,Aves,LC,594715.4990931555,52,91452.82434396412,15.38,187348.71875443237,31.5
Polioptila schistaceigula,Aves,LC,10807.05051350055,0.94,1699.9197716171875,15.73,2513.7727760507814,23.26
Donacobius atricapilla,Aves,LC,895891.2493955169,78.33,150499.5172929608,16.8,240110.7609768889,26.8
Cinclus leucocephalus,Aves,LC,162074.75766620837,14.17,34161.0757526278,21.08,52114.04993664263,32.15
Myadestes coloratus,Aves,NT,1489.3379693301808,0.13,656.3464807734375,44.07,777.2149527382812,52.19
Myadestes ralloides,Aves,LC,187382.04154023607,16.38,37127.56938008087,19.81,59938.93513377856,31.99
Catharus aurantiirostris,Aves,LC,175620.49560631032,15.36,35007.34175022705,19.93,56508.40333892157,32.18
Catharus fuscater,Aves,LC,171486.1076797406,14.99,40711.014853920205,23.74,60267.96226016825,35.14
Catharus fuscescens,Aves,LC,483005.98102609895,42.23,76280.89634193644,15.79,141944.57651037202,29.39
Catharus minimus,Aves,LC,635060.2019865648,55.53,132785.31995723394,20.91,196138.31802113037,30.88
Catharus ustulatus,Aves,LC,374134.74743691663,32.71,64791.53185488385,17.32,106501.36814144434,28.47
Hylocichla mustelina,Aves,LC,0,0,0,NA,0,NA
Entomodestes coracinus,Aves,LC,75669.5398248316,6.62,16598.44643090353,21.94,22479.946220903286,29.71
Cichlopsis leucogenys,Aves,VU,243865.6471580776,21.32,48250.52080780218,19.79,69488.01168983875,28.49
Turdus leucops,Aves,LC,185043.94605761932,16.18,35313.35799438898,19.08,57646.352510003664,31.15
Turdus flavipes,Aves,LC,85299.73885528714,7.46,27170.839200419377,31.85,40247.16648038237,47.18
Turdus leucomelas,Aves,LC,781014.9627319577,68.29,141888.6169195916,18.17,254451.9889437456,32.58
Turdus fumigatus,Aves,LC,44.023309868495225,0,0,0,22.487076,51.08
Turdus hauxwelli,Aves,LC,555635.5290374083,48.58,105715.72530910643,19.03,153931.84762511426,27.7
Turdus obsoletus,Aves,LC,286756.70998831996,25.07,53500.326629773466,18.66,101231.16934147594,35.3
Turdus maculirostris,Aves,LC,2014.2807295022903,0.18,60.586276125,3.01,172.703196125,8.57
Turdus grayi,Aves,LC,58038.392215239466,5.07,8124.710896869873,14,15598.812268874786,26.88
Turdus nudigenis,Aves,LC,29649.61482752526,2.59,1284.2599842490235,4.33,2676.0139391914063,9.03
Turdus sanchezorum,Aves,LC,61314.778251199525,5.36,18041.0526088125,29.42,18485.0861128125,30.15
Turdus lawrencii,Aves,LC,360240.191946698,31.5,100829.59347643628,27.99,140002.21388581127,38.86
Turdus ignobilis,Aves,LC,622998.1745817157,54.47,121197.57127648155,19.45,188453.9910554413,30.25
Turdus fulviventris,Aves,LC,150316.02345153753,13.14,30314.208198898064,20.17,48417.60426373589,32.21
Turdus olivater,Aves,LC,101283.25622573684,8.86,25081.559154238283,24.76,36725.78165227221,36.26
Turdus fuscater,Aves,LC,96978.7955877874,8.48,30400.390620003953,31.35,38941.10647405431,40.15
Turdus serranus,Aves,LC,137359.98489084083,12.01,32378.503710395355,23.57,46990.0491809075,34.21
Turdus assimilis,Aves,LC,0,0,0,NA,0,NA
Turdus albicollis,Aves,LC,608034.2432807119,53.16,120904.4288027536,19.88,181671.90415565777,29.88
Dumetella carolinensis,Aves,LC,0,0,0,NA,0,NA
Mimus gilvus,Aves,LC,370558.50107010815,32.4,95333.60342075115,25.73,152089.0274338252,41.04
Lonchura malacca,Aves,LC,10083.284377726628,0.88,326.13283711376954,3.23,1108.6723571879884,11
Passer domesticus,Aves,LC,11118.708657966265,0.97,635.22620175,5.71,635.22620225,5.71
Anthus lutescens,Aves,LC,323518.0525399949,28.29,51474.50147906934,15.91,87125.17317013086,26.93
Anthus bogotensis,Aves,LC,39211.31084009496,3.43,14443.647041960205,36.84,17318.07396035718,44.17
Spinus spinescens,Aves,LC,52470.71850217514,4.59,14276.57552552797,27.21,17903.72548438759,34.12
Spinus magellanicus,Aves,LC,78664.9904184775,6.88,20580.86633161267,26.16,27389.42623497229,34.82
Spinus xanthogastrus,Aves,LC,295037.5051964214,25.8,59091.81301710544,20.03,89008.11064536465,30.17
Spinus psaltria,Aves,LC,226789.7327368236,19.83,51237.21033691998,22.59,78052.23189306348,34.42
Euphonia plumbea,Aves,LC,394642.6769634849,34.51,98183.92341627833,24.88,137506.99881341113,34.84
Euphonia chlorotica,Aves,LC,463589.69778823113,40.53,83081.84940605506,17.92,147151.44802400915,31.74
Euphonia trinitatis,Aves,LC,70689.47002316616,6.18,9381.98936784912,13.27,26358.10816698291,37.29
Euphonia concinna,Aves,LC,38243.92251163111,3.34,4066.4571202636102,10.63,8146.607827762268,21.3
Euphonia saturata,Aves,LC,104905.96929889472,9.17,13625.592138662689,12.99,20528.47171777884,19.57
Euphonia laniirostris,Aves,LC,725549.6770539565,63.44,101036.4419842216,13.93,181342.1603444388,24.99
Euphonia cyanocephala,Aves,LC,181840.16876706743,15.9,31959.801552726374,17.58,53226.33508265869,29.27
Euphonia fulvicrissa,Aves,LC,84168.87430431116,7.36,14543.255694413208,17.28,26064.350847128084,30.97
Euphonia chrysopasta,Aves,LC,750005.63427530206,65.58,143631.0039492372,19.15,218680.91407527347,29.16
Euphonia mesochrysa,Aves,LC,60227.156488057095,5.27,10862.80618755835,18.04,19010.386085526552,31.56
Euphonia minuta,Aves,LC,881688.9620778632,77.09,155459.46667073644,17.63,239829.9900747392,27.2
Euphonia anneae,Aves,LC,0,0,0,NA,0,NA
Euphonia xanthogaster,Aves,LC,254764.82213754393,22.28,42911.19960152649,16.84,71177.1756360333,27.94
Euphonia rufiventris,Aves,LC,654318.4796886054,57.21,123114.33398340017,18.82,193541.3375781521,29.58
Chlorophonia cyanea,Aves,LC,217154.3747902479,18.99,43330.57601943112,19.95,68987.14039921036,31.77
Chlorophonia pyrrhophrys,Aves,LC,214019.80749951935,18.71,47916.97392659137,22.39,68184.92439237231,31.86
Chlorophonia flavirostris,Aves,LC,94965.42466598244,8.3,20877.78976164392,21.98,29026.727212848265,30.57
Rhodinocichla rosea,Aves,LC,549329.7096549176,48.03,83122.010111640775,15.13,161343.6681649266,29.37
Chlorospingus flavigularis,Aves,LC,176600.98200688878,15.44,29147.09432287443,16.5,50773.3480074,28.75
Chlorospingus parvirostris,Aves,LC,164492.5899089468,14.38,32266.250879578,19.62,52367.5335961051,31.84
Chlorospingus canigularis,Aves,LC,241736.73257001463,21.14,50882.13022092551,21.05,79614.5158549562,32.93
Chlorospingus flavopectus,Aves,LC,157522.78281742724,13.77,36897.28077362866,23.42,55154.145809772366,35.01
Chlorospingus semifuscus,Aves,LC,91419.14974653431,7.99,18300.04997160187,20.02,27652.72320813123,30.25
Ammodramus savannarum,Aves,LC,2.5558222748584747,0,0,0,0,0
Ammodramus humeralis,Aves,LC,481674.77790270303,42.12,83249.9515890713,17.28,145504.8800759563,30.21
Ammodramus aurifrons,Aves,LC,611730.8735898057,53.49,110843.48010043298,18.12,182874.3737275443,29.89
Arremonops conirostris,Aves,LC,827787.468417778,72.38,143349.40988107264,17.32,250763.68745159655,30.29
Arremonops tocuyensis,Aves,LC,18866.157036217846,1.65,961.808931952362,5.1,961.8089357966612,5.1
Arremon basilicus,Aves,NT,812.7007037313784,0.07,321.21745946875,39.52,321.2399871992188,39.53
Arremon perijanus,Aves,LC,2375.232977551989,0.21,937.9458195625,39.49,937.9458195625,39.49
Arremon atricapillus,Aves,LC,140243.22334567105,12.26,22285.70630793845,15.89,37863.28984994671,27
Arremon assimilis,Aves,LC,121686.26857423731,10.64,33899.456150364626,27.86,45497.47159902258,37.39
Arremon aurantiirostris,Aves,LC,272445.5131653779,23.82,42547.8309746124,15.62,77464.71862032107,28.43
Arremon schlegeli,Aves,LC,28610.043967455716,2.5,7187.336566503906,25.12,8846.997392371093,30.92
Arremon taciturnus,Aves,LC,638610.6739551169,55.84,103560.97674451172,16.22,182272.0549670952,28.54
Arremon brunneinucha,Aves,LC,205345.54111131633,17.95,41227.109117250795,20.08,65496.6007986648,31.9
Arremon crassirostris,Aves,LC,0,0,0,NA,0,NA
Arremon castaneiceps,Aves,NT,424018.8594888842,37.07,80451.45837023066,18.97,108822.0814104148,25.66
Zonotrichia capensis,Aves,LC,175013.57584094006,15.3,45274.1691055006,25.87,64890.72120978033,37.08
Atlapetes albinucha,Aves,LC,216509.95160397753,18.93,46985.52745309833,21.7,72028.24433120081,33.27
Atlapetes albofrenatus,Aves,LC,87251.89663917216,7.63,19409.0071057099,22.24,26832.604906042845,30.75
Atlapetes melanocephalus,Aves,LC,3915.015572180013,0.34,2848.502110993164,72.76,2848.524638736328,72.76
Atlapetes semirufus,Aves,LC,49812.83964633394,4.36,8847.271886229859,17.76,15566.475307940796,31.25
Atlapetes flaviceps,Aves,NT,10755.354995430596,0.94,2810.3284255544395,26.13,4318.136554531002,40.15
Atlapetes fuscoolivaceus,Aves,NT,17157.93074501175,1.5,3416.6146470157832,19.91,5022.682675736181,29.27
Atlapetes leucopis,Aves,LC,34343.836966598574,3,10592.351227305404,30.84,14148.937164328265,41.2
Atlapetes tricolor,Aves,LC,169825.7646450843,14.85,34918.06682346253,20.56,54449.22495834937,32.06
Atlapetes schistaceus,Aves,LC,121996.33070205468,10.67,34801.342771598676,28.53,46763.70675333666,38.33
Atlapetes pallidinucha,Aves,LC,50262.33579579081,4.39,17088.114380535735,34,20743.257718877347,41.27
Atlapetes blancae,Aves,CR,572.2597971315149,0.05,6.380129458984375,1.11,180.6596969570313,31.57
Atlapetes latinuchus,Aves,LC,74911.48838686022,6.55,20533.310297987977,27.41,28467.69996865222,38
Dolichonyx oryzivorus,Aves,NT,546531.5856142729,47.79,118041.15196051342,21.6,204542.3417412509,37.43
Sturnella magna,Aves,NT,483433.865866799,42.27,108772.5655825445,22.5,179599.15475061734,37.15
Amblycercus holosericeus,Aves,LC,234113.83084710303,20.47,50141.03841555406,21.42,78294.62282968908,33.44
Psarocolius angustifrons,Aves,LC,293472.9757726292,25.66,45716.00322945111,15.58,77811.63334913415,26.51
Psarocolius viridis,Aves,LC,565025.5767560111,49.4,112091.51652850074,19.84,161299.86495028491,28.55
Psarocolius wagleri,Aves,LC,171539.1840011397,15,28519.383377585695,16.63,47120.29183149829,27.47
Psarocolius decumanus,Aves,LC,952461.0916861268,83.28,181337.46222079548,19.04,281435.8554579048,29.55
Psarocolius cassini,Aves,VU,34640.4164730458,3.03,1960.310592,5.66,2277.719811375,6.58
Psarocolius bifasciatus,Aves,LC,779527.0229024042,68.16,142724.29549042406,18.31,225238.6057909988,28.89
Cacicus solitarius,Aves,LC,631490.8999077468,55.22,114407.02899542578,18.12,179751.29750733497,28.46
Cacicus sclateri,Aves,LC,39479.95024319569,3.45,6891.699211198975,17.46,8092.19527724585,20.5
Cacicus uropygialis,Aves,LC,212775.477027777,18.6,37375.76068993399,17.57,63114.45398273307,29.66
Cacicus cela,Aves,LC,820715.1798711251,71.76,154254.034605479,18.8,239736.50945934668,29.21
Cacicus chrysonotus,Aves,LC,113278.29390927218,9.9,29754.769961845643,26.27,41028.191529972166,36.22
Cacicus haemorrhous,Aves,LC,602902.9865919407,52.72,114383.89924260644,18.97,168185.70322336425,27.9
Icterus icterus,Aves,LC,86100.26541181329,7.53,21842.922818438234,25.37,28721.47749373047,33.36
Icterus mesomelas,Aves,LC,112714.23160443844,9.86,13091.427659121704,11.61,44632.06460204328,39.6
Icterus cayanensis,Aves,LC,749683.5465476344,65.55,135963.60211059486,18.14,217175.59939997643,28.97
Icterus spurius,Aves,LC,30533.375619813163,2.67,4062.5973878828127,13.31,11503.73751625,37.68
Icterus auricapillus,Aves,LC,419945.5907408952,36.72,46511.591186414735,11.08,114066.60133938475,27.16
Icterus chrysater,Aves,LC,412408.1347158374,36.06,72004.16883178498,17.46,140861.25697706518,34.16
Icterus galbula,Aves,LC,580492.9387610815,50.76,86795.05201921222,14.95,166100.43530927686,28.61
Icterus nigrogularis,Aves,LC,396344.9936796924,34.65,107050.34927213872,27.01,189214.3659293933,47.74
Molothrus oryzivorus,Aves,LC,995636.6720314794,87.05,187303.49871426384,18.81,291359.5235892659,29.26
Molothrus aeneus,Aves,LC,61875.39446165288,5.41,4523.160565503907,7.31,12561.941716585938,20.3
Molothrus bonariensis,Aves,LC,271446.0202353355,23.73,56299.59841552756,20.74,92000.34425636636,33.89
Dives warczewiczi,Aves,LC,6814.08491895836,0.6,275.84193871191405,4.05,1985.211954711914,29.13
Quiscalus lugubris,Aves,LC,28131.87896769212,2.46,3700.49452004831,13.15,4363.21562502005,15.51
Quiscalus mexicanus,Aves,LC,22699.419752054066,1.98,3335.92576284375,14.7,9099.053976347655,40.08
Lampropsar tanagrinus,Aves,LC,590949.908160046,51.67,112450.7012802754,19.03,162991.5979792754,27.58
Hypopyrrhus pyrohypogaster,Aves,VU,48998.052734240235,4.28,12171.024740669494,24.84,17770.29710449878,36.27
Gymnomystax mexicanus,Aves,LC,820007.0427653197,71.7,162306.61135954564,19.79,250419.7381282671,30.54
Macroagelaius subalaris,Aves,EN,26325.942646700136,2.3,4652.77866841333,17.67,6284.982432807129,23.87
Chrysomus icterocephalus,Aves,LC,282307.416725252,24.68,60390.615021689206,21.39,108777.18078405214,38.53
Seiurus aurocapilla,Aves,LC,0,0,0,NA,0,NA
Parkesia noveboracensis,Aves,LC,235543.60771820755,20.6,54768.872783169434,23.25,94981.4988155016,40.32
Parkesia motacilla,Aves,LC,461193.42678574246,40.32,72689.38938681819,15.76,139016.366388133,30.14
Vermivora chrysoptera,Aves,NT,461722.2107662154,40.37,74111.60936789717,16.05,128625.37925552276,27.86
Mniotilta varia,Aves,LC,272081.964643391,23.79,60600.09464895847,22.27,93869.60935107167,34.5
Protonotaria citrea,Aves,LC,232520.08535028875,20.33,37930.45216831352,16.31,82816.26113551023,35.62
Leiothlypis peregrina,Aves,LC,176253.04354977267,15.41,44467.929438680105,25.23,63728.319482472434,36.16
Oporornis agilis,Aves,LC,583417.883546711,51.01,94624.85350792205,16.22,178878.70770670086,30.66
Geothlypis aequinoctialis,Aves,LC,588868.1614748162,51.49,105066.07919860176,17.84,185997.1233663397,31.59
Geothlypis philadelphia,Aves,LC,318887.9376190094,27.88,66508.90174334943,20.86,105603.27460654076,33.12
Geothlypis semiflava,Aves,LC,63251.9041685832,5.53,10651.570791395388,16.84,14113.617802599489,22.31
Geothlypis trichas,Aves,LC,0.8453206749958992,0,0,0,0,0
Setophaga ruticilla,Aves,LC,341211.0417583493,29.83,101177.69280912828,29.65,161842.89229445675,47.43
Setophaga cerulea,Aves,NT,347065.67416886194,30.35,62716.158844575686,18.07,101164.46079450072,29.15
Setophaga americana,Aves,LC,0,0,0,NA,0,NA
Setophaga pitiayumi,Aves,LC,266407.7838076,23.29,47671.549866157045,17.89,81678.27204976977,30.66
Setophaga magnolia,Aves,LC,33377.717618522554,2.92,4610.519318890625,13.81,12715.834328769532,38.1
Setophaga castanea,Aves,LC,170015.40938473475,14.87,31027.623462729796,18.25,56401.124585837,33.17
Setophaga fusca,Aves,LC,210023.0446114849,18.36,47512.31252016657,22.62,71021.7473699043,33.82
Setophaga petechia,Aves,LC,34996.278035107236,3.06,4866.257559070068,13.91,12117.106837564575,34.62
Setophaga pensylvanica,Aves,LC,4093.364951639568,0.36,1144.0280231171876,27.95,1566.2069670507813,38.26
Setophaga striata,Aves,NT,392321.03437696025,34.3,93735.24900779266,23.89,149188.77893965627,38.03
Setophaga virens,Aves,LC,382958.90982675063,33.48,65147.32699973248,17.01,111513.08114873413,29.12
Myiothlypis luteoviridis,Aves,LC,91732.61229627526,8.02,26049.164485780333,28.4,34347.922449143676,37.44
Myiothlypis basilica,Aves,NT,208.24292285549905,0.02,191.20806896875,91.82,191.20806903125,91.82
Myiothlypis flaveola,Aves,LC,71665.01273097281,6.27,13686.41066878627,19.1,19741.571387500077,27.55
Myiothlypis nigrocristata,Aves,LC,114778.65431953353,10.04,31694.65174504097,27.61,41725.67961543449,36.35
Myiothlypis fulvicauda,Aves,LC,679137.7783240573,59.38,117896.45985498144,17.36,183525.11539211273,27.02
Myiothlypis chrysogaster,Aves,LC,32.38628446991682,0,0,0,0,0
Myiothlypis conspicillata,Aves,NT,1452.5361226343382,0.13,769.53344821875,52.98,769.5559759492188,52.98
Myiothlypis cinereicollis,Aves,LC,76984.25512303597,6.73,13149.635942650915,17.08,26083.4992844459,33.88
Myiothlypis coronata,Aves,LC,135326.02483420642,11.83,32011.87530096369,23.66,46951.98373868408,34.7
Basileuterus rufifrons,Aves,LC,378261.9362198694,33.07,62642.6304529846,16.56,127229.18395117496,33.64
Basileuterus culicivorus,Aves,LC,204530.55938801827,17.88,41783.99976116478,20.43,69686.9939489911,34.07
Basileuterus tristriatus,Aves,LC,176792.0849718085,15.46,34699.23421276611,19.63,56642.74429654028,32.04
Cardellina canadensis,Aves,LC,297294.4693822252,25.99,54882.25550238,18.46,80296.7434546534,27.01
Cardellina pusilla,Aves,LC,875.2008592812978,0.08,691.875392,79.05,946.619008,108.16
Myioborus miniatus,Aves,LC,200255.146010547,17.51,40808.039502667234,20.38,64559.51795224414,32.24
Myioborus flavivertex,Aves,LC,2799.6110284177767,0.24,2129.15022946875,76.05,2129.15022903125,76.05
Myioborus ornatus,Aves,LC,65293.99634168365,5.71,21719.117326129468,33.26,25943.79137829435,39.73
Myioborus melanocephalus,Aves,LC,51951.6498879444,4.54,13530.399123599793,26.04,19653.679735810423,37.83
Mitrospingus cassinii,Aves,LC,142857.996662623,12.49,21453.204831235988,15.02,31741.53048297856,22.22
Piranga flava,Aves,LC,225922.6683883177,19.75,44442.10180010431,19.67,71872.88945361646,31.81
Piranga rubra,Aves,LC,258296.7780080241,22.58,50669.93286440036,19.62,80274.88902187298,31.08
Piranga olivacea,Aves,LC,688801.801445883,60.23,144301.50591944903,20.95,217721.8604238201,31.61
Piranga rubriceps,Aves,LC,72074.1017737581,6.3,19616.01255239027,27.22,28405.45488603852,39.41
Piranga leucoptera,Aves,LC,219858.25329208255,19.22,40829.244162599665,18.57,68486.5692571158,31.15
Habia rubica,Aves,LC,998772.5461014204,87.33,184140.16719952525,18.44,292840.8185448629,29.32
Habia fuscicauda,Aves,LC,290.7396260706093,0.03,109.088264,37.52,228.413344,78.56
Habia gutturalis,Aves,LC,110517.03837161508,9.66,16618.11565808838,15.04,30559.895423335725,27.65
Habia cristata,Aves,LC,63218.14523560034,5.53,11899.350565682153,18.82,18400.126038582726,29.11
Chlorothraupis carmioli,Aves,NA,561385.7527347665,49.09,132658.20668390716,23.63,205898.7032740548,36.68
Chlorothraupis olivacea,Aves,NA,96139.5609532487,8.41,16181.09299048816,16.83,22173.957057844604,23.06
Chlorothraupis stolzmanni,Aves,NA,47606.88623936526,4.16,10462.832071415402,21.98,15334.210178591917,32.21
Pheucticus chrysogaster,Aves,LC,4822.800157429816,0.42,251.09901718066405,5.21,1700.5824091806642,35.26
Pheucticus aureoventris,Aves,LC,36421.54198337573,3.18,8199.410050074463,22.51,10267.976254121582,28.19
Pheucticus ludovicianus,Aves,LC,232636.51911005573,20.34,54082.461142010725,23.25,81018.4133638767,34.83
Granatellus pelzelni,Aves,LC,321024.8882686982,28.07,61998.515232,19.31,103989.59205326565,32.39
Cardinalis phoeniceus,Aves,LC,16225.855095190422,1.42,1534.2359610664062,9.46,1647.6037385664065,10.15
Caryothraustes canadensis,Aves,LC,552179.0369842558,48.28,103376.00139700844,18.72,182065.76346902945,32.97
Amaurospiza concolor,Aves,NA,68229.50592499702,5.97,10495.145101437012,15.38,17034.13271163452,24.97
Cyanoloxia rothschildii,Aves,LC,8689.95190636426,0.76,2014.6098953164064,23.18,2072.3094184804686,23.85
Cyanoloxia brissonii,Aves,LC,282321.0756109977,24.69,47597.72333798956,16.86,89627.64774476904,31.75
Passerina cyanea,Aves,LC,0,0,0,NA,0,NA
Spiza americana,Aves,LC,12621.86303378129,1.1,617.9780925133972,4.9,617.9780956365051,4.9
Nemosia pileata,Aves,LC,790221.6029864936,69.09,130450.30835099902,16.51,230497.76691291796,29.17
Sericossypha albocristata,Aves,VU,102706.84750583216,8.98,27514.535749238006,26.79,39184.6754493259,38.15
Catamblyrhynchus diadema,Aves,LC,114896.77204337272,10.05,31566.81542562457,27.47,43199.00122916968,37.6
Chlorophanes spiza,Aves,LC,316338.1883057764,27.66,64978.03904948842,20.54,110147.32650721305,34.82
Iridophanes pulcherrimus,Aves,LC,88124.89408011631,7.71,17419.016104513244,19.77,27145.55195125,30.8
Chrysothlypis chrysomelas,Aves,LC,75.41808989864224,0.01,0,0,0,0
Chrysothlypis salmoni,Aves,LC,88946.95028416667,7.78,18710.67409748688,21.04,29676.925575837588,33.36
Heterospingus xanthopygius,Aves,LC,113740.48628830168,9.95,15443.531687233277,13.58,30019.025113799835,26.39
Hemithraupis guira,Aves,LC,278070.2454915599,24.31,48763.52094058509,17.54,89672.70631251838,32.25
Hemithraupis flavicollis,Aves,LC,683595.0263723651,59.77,130717.63071871604,19.12,219854.8420444546,32.16
Conirostrum bicolor,Aves,NT,1372.405155621389,0.12,285.8289690625,20.83,617.7883810625,45.02
Conirostrum speciosum,Aves,LC,806742.494189437,70.54,156028.80914491383,19.34,239689.63482062987,29.71
Conirostrum leucogenys,Aves,LC,423775.9076296793,37.05,47275.91522660025,11.16,116524.66887632024,27.5
Conirostrum binghami,Aves,NT,6551.290598995459,0.57,1508.1258265148929,23.02,3242.230962428955,49.49
Conirostrum sitticolor,Aves,LC,131265.37559683062,11.48,35279.08175691449,26.88,48875.953943042114,37.23
Conirostrum albifrons,Aves,LC,95304.44484102105,8.33,22775.103868354126,23.9,31834.168057369065,33.4
Conirostrum rufum,Aves,LC,16567.76047696694,1.45,3559.739765905151,21.49,4057.8445126645506,24.49
Conirostrum cinereum,Aves,LC,6138.6167381281875,0.54,1149.5913092023925,18.73,2581.79502913208,42.06
Sicalis columbiana,Aves,LC,190817.8791757461,16.68,11167.735352699465,5.85,24980.92677837207,13.09
Sicalis flaveola,Aves,LC,274215.8485671008,23.98,52802.894410080946,19.26,91011.4831490752,33.19
Sicalis luteola,Aves,LC,157181.3858440615,13.74,27165.66825529962,17.28,59399.60901891406,37.79
Catamenia analis,Aves,LC,33871.44593717035,2.96,9023.084027272858,26.64,10734.744726787809,31.69
Catamenia inornata,Aves,LC,37179.56090583803,3.25,12301.63827755774,33.09,15173.981966617795,40.81
Catamenia homochroa,Aves,LC,116750.72840236864,10.21,34592.086088291915,29.63,46762.23651800789,40.05
Diglossa gloriosissima,Aves,NT,2446.522124975248,0.21,1362.56502915625,55.69,1397.13945190625,57.11
Diglossa lafresnayii,Aves,LC,77701.36872830417,6.79,24835.78758144113,31.96,31181.63410194772,40.13
Diglossa humeralis,Aves,LC,49295.94936737016,4.31,16855.223953590455,34.19,20311.968920736083,41.2
Diglossa brunneiventris,Aves,LC,0,0,0,NA,0,NA
Diglossa albilatera,Aves,LC,145583.56159258104,12.73,39746.103895886525,27.3,52990.32254122637,36.4
Diglossa indigotica,Aves,LC,118356.25888510728,10.35,26097.39652398126,22.05,36453.3741120419,30.8
Diglossa sittoides,Aves,LC,93135.11229460164,8.14,19454.47226083638,20.89,30180.53697264607,32.41
Diglossa glauca,Aves,LC,19178.5838294741,1.68,5858.667879796631,30.55,7086.678540376709,36.95
Diglossa caerulescens,Aves,LC,127902.77562409369,11.18,33530.82591928607,26.22,46610.74383155432,36.44
Diglossa cyanea,Aves,LC,146736.90099590804,12.83,37758.974132055526,25.73,51727.1961492672,35.25
Haplospiza rustica,Aves,NA,121687.7982440471,10.64,32399.498103231937,26.63,44415.42949757983,36.5
Volatinia jacarina,Aves,LC,1034273.2448784704,90.43,187105.54153478463,18.09,302495.8716870666,29.25
Creurgops verticalis,Aves,LC,103404.64582216211,9.04,21356.269715065348,20.65,34032.465499288635,32.91
Tachyphonus surinamus,Aves,NA,570371.9108474979,49.87,117307.590974515,20.57,174707.58513101924,30.63
Tachyphonus delatrii,Aves,NA,117639.82084747546,10.29,19808.914987567252,16.84,26171.28712114373,22.25
Tachyphonus rufus,Aves,LC,975768.6196573792,85.32,186272.02685078996,19.09,301928.73683621787,30.94
Tachyphonus phoenicius,Aves,LC,246570.51137039668,21.56,63968.402765353974,25.94,101629.98414607272,41.22
Eucometis penicillata,Aves,LC,938569.0589827044,82.06,178623.36994350757,19.03,292306.6037037172,31.14
Coryphospingus pileatus,Aves,LC,158057.3305776551,13.82,15293.817939237118,9.68,50505.994072254776,31.95
Ramphocelus nigrogularis,Aves,LC,544696.5935746394,47.63,115129.48054796508,21.14,169178.70669091723,31.06
Ramphocelus dimidiatus,Aves,LC,461573.46389844496,40.36,76437.37298376966,16.56,152066.63630060878,32.95
Ramphocelus carbo,Aves,LC,783699.1789533141,68.52,137820.23183792064,17.59,210532.22309289203,26.86
Ramphocelus flammigerus,Aves,LC,184063.76548262124,16.09,34557.608505617645,18.77,56636.86129872867,30.77
Lanio fulvus,Aves,LC,485418.4773944913,42.44,88184.98332642925,18.17,120678.81753004908,24.86
Rhodospingus cruentus,Aves,LC,0,0,0,NA,0,NA
Cyanerpes nitidus,Aves,LC,474468.3089065603,41.49,103683.54981516894,21.85,146826.03589167676,30.95
Cyanerpes lucidus,Aves,LC,0,0,0,NA,0,NA
Cyanerpes caeruleus,Aves,LC,988212.6708861324,86.41,185000.35736709755,18.72,290214.6558716532,29.37
Cyanerpes cyaneus,Aves,LC,753586.7377771098,65.89,145875.0353797898,19.36,227292.44980032448,30.16
Tersina viridis,Aves,LC,662265.1372261045,57.91,128746.66667269872,19.44,188341.99992041427,28.44
Dacnis albiventris,Aves,LC,91338.27955511646,7.99,18073.464475266603,19.79,18636.3976432666,20.4
Dacnis lineata,Aves,LC,399870.4422482385,34.96,58721.75854616779,14.69,91716.15498979075,22.94
Dacnis flaviventer,Aves,LC,253457.8646028626,22.16,44771.097822090014,17.66,56902.81064447136,22.45
Dacnis hartlaubi,Aves,NT,43244.94221508725,3.78,7911.729930616013,18.3,13575.77589991957,31.39
Dacnis venusta,Aves,LC,76910.80243359969,6.72,10572.700855791993,13.75,15126.180931895507,19.67
Dacnis cayana,Aves,LC,660521.4508988796,57.75,125993.73647962992,19.07,191962.44329392287,29.06
Dacnis berlepschi,Aves,LC,2234.555856894038,0.2,23.635,1.06,35.856781,1.6
Sporophila bouvronides,Aves,LC,504003.39788076974,44.07,103114.05770102852,20.46,183987.6055000525,36.51
Sporophila lineola,Aves,LC,601319.4823805433,52.58,107741.4357116826,17.92,178241.6272847129,29.64
Sporophila telasco,Aves,LC,0,0,0,NA,0,NA
Sporophila castaneiventris,Aves,LC,513974.6282136487,44.94,92421.38297755284,17.98,144324.23112464466,28.08
Sporophila minuta,Aves,LC,625203.2874397583,54.67,111055.58341580848,17.76,211445.111955788,33.82
Sporophila corvina,Aves,LC,10767.404894620277,0.94,1687.108232609619,15.67,2157.836844357544,20.04
Sporophila intermedia,Aves,LC,792428.7746461764,69.29,141602.23075949211,17.87,259708.8113862917,32.77
Sporophila murallae,Aves,LC,222063.7654119429,19.42,40303.0716060166,18.15,49862.41539617285,22.45
Sporophila luctuosa,Aves,LC,275768.8078464701,24.11,48539.59658045432,17.6,76067.98010557925,27.58
Sporophila nigricollis,Aves,LC,276516.506692388,24.18,52883.195127345745,19.12,89559.69863605915,32.39
Sporophila caerulescens,Aves,LC,0,0,0,NA,0,NA
Sporophila schistacea,Aves,LC,887243.1993026274,77.58,159097.81842112512,17.93,254528.80034638708,28.69
Sporophila plumbea,Aves,LC,397445.87268669816,34.75,77571.4290939707,19.52,138187.18375458205,34.77
Saltator maximus,Aves,LC,692041.4409911181,60.51,126837.15254516264,18.33,200369.4189165972,28.95
Saltator atripennis,Aves,LC,140790.82065579254,12.31,28120.247494191957,19.97,44568.71709789771,31.66
Saltator orenocensis,Aves,LC,39275.65967462661,3.43,4920.8156399894715,12.53,9076.208909925568,23.11
Saltator coerulescens,Aves,LC,1001457.262966825,87.56,172889.33457442187,17.26,270363.9656691404,27
Saltator striatipectus,Aves,LC,257958.0631941093,22.55,49441.44052141134,19.17,85129.34845818351,33
Saltator cinctus,Aves,LC,185511.3859866104,16.22,38496.22578019464,20.75,55533.80238150659,29.94
Saltator grossus,Aves,LC,565140.7327027195,49.41,112502.92097661126,19.91,173674.71742798877,30.73
Emberizoides herbicola,Aves,LC,615403.8563508064,53.81,112857.37678645848,18.34,188687.55787914395,30.66
Cnemoscopus rubrirostris,Aves,LC,89906.79329135941,7.86,22456.107861232973,24.98,32774.790242023926,36.45
Thlypopsis sordida,Aves,LC,460138.1682236822,40.23,103991.82234195678,22.6,147607.6409433318,32.08
Thlypopsis fulviceps,Aves,LC,7070.975719601499,0.62,4076.1948856328127,57.65,4701.396469203125,66.49
Thlypopsis ornata,Aves,LC,5124.397611276229,0.45,112.39867124316406,2.19,1524.209455243164,29.74
Urothraupis stolzmanni,Aves,LC,9733.053393038725,0.85,4607.69941536377,47.34,5381.233716615723,55.29
Coereba flaveola,Aves,LC,922097.186663494,80.62,179426.53412888854,19.46,290164.7042427031,31.47
Tiaris olivaceus,Aves,LC,191776.76423193605,16.77,36616.565490357025,19.09,60947.95460632388,31.78
Chlorochrysa phoenicotis,Aves,LC,22592.73040010153,1.98,5501.021819315304,24.35,6746.783829956692,29.86
Chlorochrysa calliparaea,Aves,LC,29487.48259867019,2.58,7418.189434218018,25.16,10060.391548264404,34.12
Chlorochrysa nitidissima,Aves,NT,66684.80409923571,5.83,13316.53286596415,19.97,22030.22017507715,33.04
Paroaria nigrogenis,Aves,LC,245623.48045695585,21.48,33130.41097940649,13.49,65381.88323831323,26.62
Paroaria gularis,Aves,LC,652965.1886117302,57.09,123713.90542858477,18.95,190308.26863177292,29.15
Schistochlamys melanopis,Aves,LC,622182.7165753422,54.4,113080.02612078552,18.17,190237.0136529684,30.58
Cissopis leverianus,Aves,LC,407359.0921126547,35.62,70521.09222717167,17.31,88807.94874765845,21.8
Calochaetes coccineus,Aves,LC,93874.8546866704,8.21,21313.4844163121,22.7,32003.055940734896,34.09
Iridosornis porphyrocephalus,Aves,NT,49790.20090558794,4.35,11471.639617765624,23.04,15925.911797611756,31.99
Iridosornis analis,Aves,LC,42236.64813868373,3.69,8996.076312579835,21.3,13093.178549718688,31
Iridosornis rufivertex,Aves,LC,108466.56393773684,9.48,32334.25193962304,29.81,41364.55695041409,38.14
Pipraeidea melanonota,Aves,LC,171472.41616279838,14.99,36809.236444468814,21.47,56548.371797717286,32.98
Dubusia taeniata,Aves,LC,124604.26842144152,10.89,34693.69566061037,27.84,47040.81744973857,37.75
Anisognathus melanogenys,Aves,LC,3524.3187158593632,0.31,3119.66621553125,88.52,3119.66621571875,88.52
Anisognathus lacrymosus,Aves,LC,163291.9546331195,14.28,40427.85561618365,24.76,56117.469009782224,34.37
Anisognathus igniventris,Aves,LC,66093.13248838928,5.78,20604.092557670137,31.17,25786.172817262664,39.01
Anisognathus somptuosus,Aves,LC,164467.4163455554,14.38,33888.974630942685,20.61,54078.1748674021,32.88
Anisognathus notabilis,Aves,LC,22087.859766944566,1.93,5064.398548999388,22.93,6119.206983327788,27.7
Buthraupis montana,Aves,LC,157635.52496756494,13.78,38204.39929723389,24.24,54392.52153909424,34.51
Chlorornis riefferii,Aves,LC,271242.53603572136,23.72,55338.1175674379,20.4,84079.20127740104,31
Bangsia flavovirens,Aves,VU,3142.215791376451,0.27,24.828666875,0.79,24.828666875,0.79
Bangsia arcaei,Aves,NT,0,0,0,NA,0,NA
Bangsia melanochlamys,Aves,LC,84766.2757429369,7.41,19628.21601958331,23.16,25368.876168150877,29.93
Bangsia rothschildi,Aves,LC,70815.49649332168,6.19,10579.820100611572,14.94,13878.16191731494,19.6
Bangsia edwardsi,Aves,LC,3971.3191166119514,0.35,137.39401167492676,3.46,558.0402836749267,14.05
Bangsia aureocincta,Aves,VU,40707.82626664706,3.56,10637.374249472534,26.13,11257.353497881712,27.65
Tangara vassorii,Aves,LC,122932.39410051602,10.75,30046.44732274182,24.44,42374.91971284509,34.47
Tangara nigroviridis,Aves,LC,336406.0474287287,29.41,62235.362558389264,18.5,100937.4991344288,30
Tangara labradorides,Aves,LC,122043.86466538164,10.67,29039.188077565737,23.79,42008.192246064944,34.42
Tangara cyanotis,Aves,LC,63478.19303588416,5.55,12849.606100279656,20.24,19402.305946450004,30.57
Tangara inornata,Aves,LC,89224.8796325433,7.8,14638.490763213378,16.41,36160.32609453442,40.53
Tangara mexicana,Aves,LC,720164.3584008124,62.97,138906.56343482845,19.29,213113.13156239415,29.59
Tangara chilensis,Aves,LC,300648.0513628111,26.29,45449.153178464505,15.12,73779.0609821334,24.54
Tangara velia,Aves,LC,651182.6200546034,56.94,118633.0980439776,18.22,186911.60354655303,28.7
Tangara callophrys,Aves,LC,140711.83385040858,12.3,25205.681487687256,17.91,26933.23255805835,19.14
Tangara lavinia,Aves,LC,93969.8313964671,8.22,10282.137297441284,10.94,12742.658279733429,13.56
Tangara gyrola,Aves,LC,235130.32712220572,20.56,46278.71937603769,19.68,75266.98282336794,32.01
Tangara chrysotis,Aves,LC,28717.021662253548,2.51,5638.218425010681,19.63,8750.465724929809,30.47
Tangara xanthocephala,Aves,LC,89423.35206663875,7.82,20840.573889420015,23.31,30967.27673463797,34.63
Tangara parzudakii,Aves,LC,116841.48842969567,10.22,24525.575653272914,20.99,36924.241711654846,31.6
Tangara schrankii,Aves,LC,110502.44610067172,9.66,10421.712213847706,9.43,19527.200477998707,17.67
Tangara johannae,Aves,LC,26348.07068241122,2.3,5623.492455439941,21.34,5717.900023832031,21.7
Tangara arthus,Aves,LC,159225.14822323064,13.92,27455.737071215575,17.24,46797.92664136249,29.39
Tangara florida,Aves,LC,104948.93319788054,9.18,15661.572781926514,14.92,23056.534250764893,21.97
Tangara icterocephala,Aves,LC,7531.567287030335,0.66,1487.772000994995,19.75,1783.7046461627197,23.68
Thraupis episcopus,Aves,NA,487036.6019874821,42.58,97054.7799403366,19.93,163301.06675031787,33.53
Thraupis glaucocolpa,Aves,NA,363814.0235565589,31.81,33336.28138432931,9.16,93553.42046307203,25.71
Thraupis palmarum,Aves,NA,751710.5685045759,65.73,167068.8191844388,22.23,246884.5999510979,32.84
Mazama rufina,Mammalia,VU,289188.65180220455,25.29,56865.739876444975,19.66,87027.68108606728,30.09
Mazama sanctaemartae,Mammalia,LC,120078.00732825256,10.5,7996.44204406546,6.66,41665.21315983945,34.7
Mazama temama,Mammalia,DD,66637.78809709263,5.83,5377.639951824951,8.07,7436.426999411743,11.16
Mazama zetta,Mammalia,DD,138911.41877013745,12.15,21466.322093347655,15.45,41284.208427965335,29.72
Odocoileus cariacou,Mammalia,LC,314919.2942827152,27.54,26486.909179364506,8.41,72682.66163334192,23.08
Odocoileus goudotii,Mammalia,LC,500115.128027738,43.73,90772.50533472472,18.15,153747.5448712635,30.74
Pudu mephistophiles,Mammalia,DD,80143.46444727803,7.01,21433.494836690617,26.74,31145.995338796263,38.86
Dicotyles tajacu,Mammalia,LC,850255.4676819938,74.34,132728.54965207094,15.61,252178.83324645544,29.66
Tayassu pecari,Mammalia,VU,862907.801631785,75.45,159884.37971542618,18.53,245603.8870712908,28.46
Atelocynus microtis,Mammalia,NT,331749.0094828548,29.01,98517.4568431494,29.7,137354.01744361816,41.4
Cerdocyon thous,Mammalia,LC,597375.989256201,52.23,77522.65184137845,12.98,153797.3441802222,25.75
Lycalopex culpaeus,Mammalia,LC,5414.245412555782,0.47,704.8659412531738,13.02,2284.3309971906738,42.19
Speothos venaticus,Mammalia,NT,875252.6490199306,76.53,156858.01613333143,17.92,263101.4593918355,30.06
Urocyon cinereoargenteus,Mammalia,LC,381782.24702392693,33.38,68442.90769794196,17.93,134992.96913715772,35.36
Leopardus pardalis,Mammalia,LC,980603.2047725392,85.74,181148.35851037496,18.47,302863.0139478445,30.89
Leopardus tigrinus,Mammalia,VU,345498.6553454365,30.21,61555.5082792392,17.82,96957.36031242908,28.06
Leopardus wiedii,Mammalia,NT,1066668.320427264,93.27,190604.93537751975,17.87,313119.4825075248,29.35
Panthera onca,Mammalia,NT,992212.8489280212,86.76,181945.07039576312,18.34,288951.48635175667,29.12
Puma concolor,Mammalia,LC,1033313.5723822148,90.35,191199.99948762773,18.5,303666.5646435876,29.39
Puma yagouaroundi,Mammalia,LC,882197.3955506302,77.14,157236.46658248178,17.82,283207.3597543197,32.1
Conepatus semistriatus,Mammalia,LC,612633.1942796395,53.57,103718.15877228689,16.93,192050.89549280872,31.35
Eira barbara,Mammalia,LC,997482.5661438004,87.22,181671.1997438899,18.21,304103.33700973325,30.49
Galictis vittata,Mammalia,LC,692677.1452268686,60.57,95523.08839187164,13.79,195433.63836463477,28.21
Lontra longicaudis,Mammalia,NT,957918.4739941586,83.76,169169.63800498255,17.66,269168.35982996935,28.1
Neogale felipei,Mammalia,VU,169619.04423335489,14.83,32785.98335880206,19.33,47521.28313814282,28.02
Neogale frenata,Mammalia,LC,178376.51383444472,15.6,40340.49598853937,22.62,60598.39220025903,33.97
Pteronura brasiliensis,Mammalia,EN,343985.84241849044,30.08,43957.47397651329,12.78,59355.963288797706,17.26
Bassaricyon alleni,Mammalia,LC,658411.1542786043,57.57,130764.17870890824,19.86,234446.7823614117,35.61
Bassaricyon medius,Mammalia,LC,220237.13327586144,19.26,31849.05764231427,14.46,54313.35120953955,24.66
Bassaricyon neblina,Mammalia,NT,82539.36548412405,7.22,19552.269841340203,23.69,28327.706315154595,34.32
Nasua narica,Mammalia,LC,278967.333250022,24.39,36879.6548812066,13.22,74338.6838141897,26.65
Nasua nasua,Mammalia,LC,476194.1307405246,41.64,78714.99251780841,16.53,116092.5870998855,24.38
Nasuella olivacea,Mammalia,NT,122444.1448811039,10.71,33685.77252898974,27.51,44703.30141688806,36.51
Potos flavus,Mammalia,LC,990369.9916304564,86.59,182642.83768850652,18.44,290228.9415978673,29.31
Procyon cancrivorus,Mammalia,LC,353165.75328517245,30.88,43749.77210714628,12.39,103396.34082864047,29.28
Procyon lotor,Mammalia,LC,11133.457848022952,0.97,480.7359595703125,4.32,3893.7891476015625,34.97
Tremarctos ornatus,Mammalia,VU,192471.98699152216,16.83,43519.56291948117,22.61,65127.4623262858,33.84
Megaptera novaeangliae,Mammalia,LC,0,0,0,NA,0,NA
Sotalia fluviatilis,Mammalia,EN,50784.66969114548,4.44,16546.537472,32.58,16990.570976,33.46
Inia geoffrensis,Mammalia,EN,570637.1733016898,49.89,102808.33661290527,18.02,148326.4182951787,25.99
Peropteryx macrotis,Mammalia,LC,933055.082115254,81.58,151498.95129978494,16.24,264765.38607123285,28.38
Rhynchonycteris naso,Mammalia,LC,657845.1381706913,57.52,120497.16770652148,18.32,183860.43919565724,27.95
Saccopteryx bilineata,Mammalia,LC,897591.9322679557,78.48,154875.2991852951,17.25,261032.9086350695,29.08
Saccopteryx canescens,Mammalia,LC,95925.8687665396,8.39,4775.055049640839,4.98,32720.309969688264,34.11
Saccopteryx leptura,Mammalia,LC,1063548.3929733215,92.99,181331.64138956356,17.05,310558.9338231998,29.2
Molossops temminckii,Mammalia,LC,533694.2850703626,46.66,96243.60867680052,18.03,182472.56573083985,34.19
Molossus bondae,Mammalia,LC,0,0,0,NA,0,NA
Molossus coibensis,Mammalia,LC,439572.1132236183,38.43,99131.73541788572,22.55,163539.13621134276,37.2
Molossus molossus,Mammalia,LC,1095830.0087450624,95.82,193557.66271269764,17.66,323430.07372177526,29.51
Molossus rufus,Mammalia,LC,817219.847224774,71.45,152461.7932992972,18.66,264057.7537339099,32.31
Tadarida brasiliensis,Mammalia,LC,483379.81959075993,42.26,65462.24676941621,13.54,127655.78751447708,26.41
Mormoops megalophylla,Mammalia,LC,13603.941160398592,1.19,2182.4406138203126,16.04,6132.509062160157,45.08
Pteronotus davyi,Mammalia,LC,28.79670232695854,0,20.975988,72.84,44.87783,155.84
Pteronotus gymnonotus,Mammalia,LC,1009309.036622004,88.25,174883.02204599915,17.33,305969.67317119025,30.31
Natalus tumidirostris,Mammalia,LC,0,0,0,NA,0,NA
Noctilio albiventris,Mammalia,LC,895015.6572402874,78.26,154487.8244149173,17.26,271088.8297364637,30.29
Noctilio leporinus,Mammalia,LC,570592.2030056283,49.89,96513.75493908896,16.91,188674.62972417692,33.07
Anoura cadenai,Mammalia,DD,14724.72777687112,1.29,1864.5854921791993,12.66,3479.0213966557617,23.63
Anoura caudifer,Mammalia,LC,496071.7523062176,43.37,84878.854686409,17.11,131124.71245427613,26.43
Anoura cultrata,Mammalia,LC,622227.0654188518,54.41,124423.03888323237,20,206409.79507219227,33.17
Anoura geoffroyi,Mammalia,LC,679620.2080404309,59.42,135533.15512805598,19.94,224818.83551573436,33.08
Artibeus jamaicensis,Mammalia,LC,820643.2739750146,71.75,152355.28861074738,18.57,251354.64953417788,30.63
Artibeus lituratus,Mammalia,LC,984253.9180325016,86.06,180800.58708792817,18.37,285582.8663190671,29.02
Artibeus obscurus,Mammalia,LC,824270.4135740353,72.07,151550.544330325,18.39,233577.03649181544,28.34
Artibeus planirostris,Mammalia,LC,904830.8756685688,79.11,160170.09015479736,17.7,252856.1496110974,27.95
Carollia castanea,Mammalia,LC,895808.5246041175,78.33,169401.1250933227,18.91,260811.33824080176,29.11
Carollia perspicillata,Mammalia,LC,966985.0569768414,84.55,174905.8517758276,18.09,279088.6632343641,28.86
Centurio senex,Mammalia,LC,239340.82834321956,20.93,38005.37795236276,15.88,81789.36881191995,34.17
Chiroderma salvini,Mammalia,LC,40187.968701905775,3.51,2781.7459835217287,6.92,3533.7399245217284,8.79
Chiroderma trinitatum,Mammalia,LC,534193.6567753018,46.71,123831.85903367266,23.18,181611.49896104104,34
Chiroderma villosum,Mammalia,LC,651260.9072133456,56.94,124442.09155753229,19.11,189035.738868599,29.03
Choeroniscus minor,Mammalia,LC,650656.8179629812,56.89,127808.77537657371,19.64,197541.36551712695,30.36
Choeroniscus periosus,Mammalia,VU,30227.99146740128,2.64,2189.01320025,7.24,2874.13204825,9.51
Chrotopterus auritus,Mammalia,LC,867416.190258991,75.84,161093.6401976474,18.57,246175.9048391339,28.38
Desmodus rotundus,Mammalia,LC,843799.7959336119,73.78,140343.46559488703,16.63,236934.1705447392,28.08
Diphylla ecaudata,Mammalia,LC,759480.1830108394,66.41,134924.8579877001,17.77,212541.0915542886,27.99
Enchisthenes hartii,Mammalia,LC,344563.66635232186,30.13,64714.20774379094,18.78,104615.50940739569,30.36
Glossophaga commissarisi,Mammalia,LC,327447.46923999366,28.63,59673.90946261963,18.22,103240.6894138877,31.53
Glossophaga longirostris,Mammalia,LC,92269.35646319667,8.07,10874.220432588836,11.79,34088.11466496756,36.94
Glossophaga soricina,Mammalia,LC,958802.9268246072,83.83,175251.34164024115,18.28,292017.04157558514,30.46
Lampronycteris brachyotis,Mammalia,LC,120217.47530292436,10.51,16474.90755961142,13.7,45478.71343060043,37.83
Leptonycteris curasoae,Mammalia,VU,2329.5624867754336,0.2,513.1399152568359,22.03,514.1191957519532,22.07
Lionycteris spurrelli,Mammalia,LC,287972.4836341199,25.18,56096.41435407484,19.48,95863.39342068936,33.29
Lonchophylla handleyi,Mammalia,LC,16908.726945133836,1.48,2704.049059757569,15.99,3008.324765999756,17.79
Lonchophylla robusta,Mammalia,LC,308583.51555931056,26.98,60944.1438175603,19.75,96316.12278175924,31.21
Lonchorhina orinocensis,Mammalia,VU,483058.5548702688,42.24,92989.28896520995,19.25,147979.84126848436,30.63
Lophostoma brasiliense,Mammalia,LC,179161.06042194186,15.67,25738.488477934126,14.37,65947.09684499326,36.81
Macrophyllum macrophyllum,Mammalia,LC,466559.9926850201,40.79,111196.35277033193,23.83,168414.9284887012,36.1
Mesophylla macconnelli,Mammalia,LC,858956.5614939603,75.1,157680.76785385146,18.36,247166.36933431073,28.78
Micronycteris hirsuta,Mammalia,LC,465397.071793193,40.69,70720.13131132328,15.2,130956.0940931934,28.14
Micronycteris megalotis,Mammalia,LC,986033.6650505022,86.21,184766.1673550063,18.74,305328.87363465,30.97
Micronycteris microtis,Mammalia,LC,498960.2709296673,43.63,84088.67219677535,16.85,168479.12566133056,33.77
Micronycteris minuta,Mammalia,LC,884731.8794204016,77.36,169564.63677842534,19.17,272502.00455811276,30.8
Phylloderma stenops,Mammalia,LC,1007310.1150591372,88.08,165495.13185033287,16.43,286113.9219537473,28.4
Phyllostomus discolor,Mammalia,LC,1034542.2594778552,90.46,178345.95891043675,17.24,303927.2491040566,29.38
Phyllostomus elongatus,Mammalia,LC,640161.9161356619,55.97,118947.2201027683,18.58,184278.0498958689,28.79
Phyllostomus hastatus,Mammalia,LC,1042459.0900699575,91.15,188440.51007454217,18.08,313094.7755591068,30.03
Platyrrhinus brachycephalus,Mammalia,LC,780903.6084993568,68.28,146692.18422049077,18.78,230275.88432324497,29.49
Platyrrhinus dorsalis,Mammalia,LC,507547.1555725743,44.38,91166.35383870732,17.96,135492.2899587981,26.7
Platyrrhinus helleri,Mammalia,LC,919432.804774334,80.39,178941.1110576365,19.46,277408.8039257333,30.17
Platyrrhinus infuscus,Mammalia,LC,241524.80717958428,21.12,39971.21201479004,16.55,62428.34689199732,25.85
Platyrrhinus umbratus,Mammalia,DD,1097120.749779693,95.93,189773.739004284,17.3,321756.3957101433,29.33
Platyrrhinus vittatus,Mammalia,LC,276552.47605256137,24.18,57417.74059774872,20.76,86421.29987459633,31.25
Rhinophylla fischerae,Mammalia,LC,251032.32597671164,21.95,51568.78275984253,20.54,72781.1469898728,28.99
Rhinophylla pumilio,Mammalia,LC,687406.3519040375,60.1,127897.22243904296,18.61,198459.89994358615,28.87
Sphaeronycteris toxophyllum,Mammalia,LC,33844.365762557354,2.96,3942.6498208046874,11.65,9428.63655985547,27.86
Sturnira bidens,Mammalia,LC,227389.10973151115,19.88,42991.685502757384,18.91,69422.53639063476,30.53
Sturnira bogotensis,Mammalia,LC,463171.22296869947,40.5,89117.54924902061,19.24,148559.3460497406,32.07
Sturnira erythromos,Mammalia,LC,321800.8494257459,28.14,63269.89770409028,19.66,105035.9653005668,32.64
Sturnira ludovici,Mammalia,LC,397497.1784687712,34.76,66505.75550501037,16.73,107342.78809100104,27
Sturnira luisi,Mammalia,LC,707606.8508234329,61.87,143901.59690581934,20.34,231951.0213578333,32.78
Sturnira magna,Mammalia,LC,57997.763158506,5.07,8598.500237312255,14.83,10009.732464749755,17.26
Sturnira tildae,Mammalia,LC,802822.3568012777,70.2,151043.82672316686,18.81,235946.88716331503,29.39
Trachops cirrhosus,Mammalia,LC,1004590.2004287664,87.84,181746.0249857983,18.09,302686.9836508033,30.13
Trinycteris nicefori,Mammalia,LC,123085.07293812578,10.76,13143.508390271576,10.68,27679.21543210367,22.49
Uroderma bilobatum,Mammalia,LC,846072.8049554151,73.98,160902.3560123575,19.02,263901.350250714,31.19
Uroderma magnirostrum,Mammalia,LC,654593.3812099451,57.24,119154.1805180249,18.2,184376.54656864403,28.17
Vampyressa melissa,Mammalia,VU,433975.3666396096,37.95,100274.821479802,23.11,151177.75282782226,34.84
Vampyressa thyone,Mammalia,LC,998257.493321855,87.28,180763.57808369977,18.11,284243.565065946,28.47
Vampyrodes caraccioli,Mammalia,LC,773490.4053568403,67.63,145485.48983107824,18.81,222985.84457673176,28.83
Vampyrum spectrum,Mammalia,NT,951195.1036342188,83.17,160213.23401858011,16.84,288716.2341784324,30.35
Thyroptera tricolor,Mammalia,LC,754900.9247396509,66.01,146189.90477897628,19.37,224825.7706575924,29.78
Eptesicus andinus,Mammalia,LC,0,0,0,NA,0,NA
Eptesicus brasiliensis,Mammalia,LC,931501.632646934,81.45,169655.01657993763,18.21,267448.5988072765,28.71
Eptesicus furinalis,Mammalia,LC,796577.545495533,69.65,141336.87664896762,17.74,239440.15348005868,30.06
Lasiurus blossevillii,Mammalia,LC,763201.1107440797,66.73,130962.62161977254,17.16,240349.4712652689,31.49
Myotis albescens,Mammalia,LC,1029183.3207670712,89.99,170857.3263139049,16.6,297038.5763109808,28.86
Myotis keaysi,Mammalia,LC,232825.118855066,20.36,46876.65166754431,20.13,73977.0847983883,31.77
Myotis nigricans,Mammalia,LC,1071618.425080391,93.7,193692.18033672756,18.07,320461.9531068096,29.9
Myotis oxyotus,Mammalia,LC,151387.47305720844,13.24,37999.71370767835,25.1,55232.176627161345,36.48
Myotis riparius,Mammalia,LC,820585.8850239492,71.75,148493.17115761177,18.1,231642.29618559973,28.23
Rhogeessa io,Mammalia,LC,409586.7275159523,35.81,52783.0056575535,12.89,110347.8747159082,26.94
Cabassous centralis,Mammalia,LC,335420.40156389016,29.33,47721.33266193869,14.23,100746.25637980996,30.04
Cabassous unicinctus,Mammalia,LC,669284.8586718076,58.52,123080.90188912678,18.39,209935.88375170605,31.37
Priodontes maximus,Mammalia,VU,654736.639251359,57.25,124773.62026254296,19.06,192072.25870876465,29.34
Dasypus novemcinctus,Mammalia,LC,827318.4763032823,72.34,130496.9788425082,15.77,251002.90085569135,30.34
Dasypus pastasae,Mammalia,LC,499215.0651271903,43.65,90349.86986774608,18.1,153048.9387405498,30.66
Dasypus sabanicola,Mammalia,NT,807423.9278933278,70.6,144753.03074288266,17.93,243558.4641275292,30.16
Caluromys derbianus,Mammalia,LC,8304.176653134116,0.73,1273.0503978984375,15.33,2086.9034023320314,25.13
Caluromys lanatus,Mammalia,LC,683421.446204148,59.76,121601.67997479047,17.79,194879.9022424079,28.52
Chironectes minimus,Mammalia,LC,264554.71500026283,23.13,46272.687404949524,17.49,70576.12149940198,26.68
Didelphis marsupialis,Mammalia,LC,997337.8052902148,87.2,182815.53674545977,18.33,299734.26921018,30.05
Didelphis pernigra,Mammalia,LC,124576.47357884137,10.89,28686.247640848607,23.03,41700.75496558302,33.47
Marmosa isthmica,Mammalia,LC,76724.54153470176,6.71,7911.574968931684,10.31,34181.13168406256,44.55
Marmosa phaea,Mammalia,NT,373555.6839936495,32.66,63435.61669008136,16.98,100275.40336451294,26.84
Marmosa robinsoni,Mammalia,LC,182562.58406742153,15.96,20674.60510305676,11.32,34913.880090291015,19.12
Marmosops caucae,Mammalia,LC,677949.8449836223,59.28,152907.34121579572,22.55,227965.31338604956,33.63
Marmosops chucha,Mammalia,LC,55502.59903595845,4.85,10297.968324151,18.55,17763.103461967406,32
Marmosops noctivagus,Mammalia,LC,145103.7300081396,12.69,20230.19556135205,13.94,25515.83587038965,17.58
Metachirus myosuros,Mammalia,LC,16951.64786443011,1.48,2730.813382955078,16.11,6244.1816152285155,36.84
Philander andersoni,Mammalia,LC,59792.22079450169,5.23,11936.347494144287,19.96,16847.1959517146,28.18
Philander melanurus,Mammalia,LC,5083.0493347626625,0.44,52.97990814746094,1.04,245.5834545722656,4.83
Cryptotis thomasi,Mammalia,LC,63540.61219740837,5.56,19201.918441723326,30.22,24444.230944561463,38.47
Sylvilagus floridanus,Mammalia,LC,78264.24811889244,6.84,9751.864872205311,12.46,32786.20943761967,41.89
Sylvilagus salentus,Mammalia,DD,9387.350703168991,0.82,3893.871610149414,41.48,4405.462429003418,46.93
Caenolestes convelatus,Mammalia,VU,63616.75564410027,5.56,8639.532039888305,13.58,16270.91051825818,25.58
Caenolestes fuliginosus,Mammalia,LC,110964.78632980568,9.7,32484.71218376709,29.27,42502.757870166686,38.3
Tapirus pinchaque,Mammalia,EN,44345.1332698598,3.88,13554.31910459129,30.57,18328.36269254945,41.33
Tapirus terrestris,Mammalia,VU,801288.1683718187,70.06,142356.57232051904,17.77,215766.2053693979,26.93
Bradypus variegatus,Mammalia,LC,376018.3208812592,32.88,48468.24898994719,12.89,106917.32545560558,28.43
Choloepus didactylus,Mammalia,LC,476548.91255625855,41.67,90738.95434869676,19.04,150153.56703735547,31.51
Choloepus hoffmanni,Mammalia,LC,657328.4467838048,57.47,120833.61726315216,18.38,215034.30120890745,32.71
Cyclopes ida,Mammalia,DD,495482.1034244446,43.32,99359.20974569324,20.05,141671.25258443004,28.59
Cyclopes dorsalis,Mammalia,LC,259869.7548915561,22.72,34061.75539053768,13.11,69301.23565488322,26.67
Myrmecophaga tridactyla,Mammalia,VU,1000776.7008996528,87.5,182423.76070204604,18.23,296768.0327058475,29.65
Tamandua mexicana,Mammalia,LC,274632.4739736574,24.01,31827.778785897568,11.59,79160.67305599165,28.82
Tamandua tetradactyla,Mammalia,LC,778110.5603685208,68.03,141131.00569738695,18.14,232802.46098083275,29.92
Alouatta palliata,Mammalia,VU,58176.75564523478,5.09,5215.42247266211,8.96,29834.805008609375,51.28
Alouatta seniculus,Mammalia,LC,855618.7072053112,74.81,137361.60440374978,16.05,251731.01128646327,29.42
Ateles belzebuth,Mammalia,EN,672163.2888490158,58.77,122774.62453744403,18.27,203464.22849330903,30.27
Ateles fusciceps,Mammalia,EN,228809.13812272865,20.01,39904.06523737857,17.44,64412.952570838715,28.15
Ateles hybridus,Mammalia,CR,133801.0347580785,11.7,14500.065123863404,10.84,36641.80649534485,27.39
Lagothrix lagothricha,Mammalia,VU,815489.1280590696,71.3,163930.64088766914,20.1,255122.20815831804,31.28
Callimico goeldii,Mammalia,VU,87557.56847545008,7.66,10000.33307886035,11.42,10249.428054860353,11.71
Cebuella pygmaea,Mammalia,VU,275747.89812107215,24.11,67924.06546559473,24.63,95007.7720213174,34.45
Leontocebus fuscus,Mammalia,LC,284201.98796046805,24.85,74069.99833906128,26.06,107661.05115403004,37.88
Leontocebus nigricollis,Mammalia,LC,67785.22644409501,5.93,19361.574658212157,28.56,21945.94157021216,32.38
Saguinus geoffroyi,Mammalia,NT,51830.232256389085,4.53,4533.665164467773,8.75,6343.745852401367,12.24
Saguinus inustus,Mammalia,LC,371831.90508676664,32.51,86411.33107732813,23.24,127720.37778132812,34.35
Saguinus leucopus,Mammalia,VU,76790.55306213038,6.71,9377.192454137452,12.21,19977.45321698706,26.02
Saguinus oedipus,Mammalia,CR,65975.78657924797,5.77,6649.586802695068,10.08,33145.45847809204,50.24
Aotus brumbacki,Mammalia,VU,450254.3687470056,39.37,80409.77943490919,17.86,133101.39391447266,29.56
Aotus griseimembra,Mammalia,VU,149651.92224106053,13.08,12253.305162320312,8.19,50041.91762825781,33.44
Aotus lemurinus,Mammalia,VU,147990.10416864115,12.94,27407.438690628205,18.52,44044.25955462915,29.76
Aotus nancymaae,Mammalia,VU,9008.044430131476,0.79,2430.806784,26.98,2874.840288,31.91
Aotus trivirgatus,Mammalia,LC,665291.72652648855,58.17,127829.08210521413,19.21,193584.0783687632,29.1
Aotus vociferans,Mammalia,LC,374684.0136174236,32.76,82692.14401556153,22.07,116703.70633106932,31.15
Aotus zonalis,Mammalia,NT,43687.9748824452,3.82,6499.123940339844,14.88,19369.075833015624,44.34
Cebus albifrons,Mammalia,LC,1019229.6129104072,89.12,179592.1626196047,17.62,301995.15161989536,29.63
Cebus capucinus,Mammalia,VU,205345.1512343021,17.95,23961.352261736985,11.67,64399.606847991075,31.36
Cebus versicolor,Mammalia,EN,13412.321678911516,1.17,1394.870196183594,10.4,3816.655394464843,28.46
Saimiri cassiquiarensis,Mammalia,LC,403987.55325908377,35.32,93345.4571765813,23.11,146099.8777003115,36.16
Sapajus apella,Mammalia,LC,586535.7141128442,51.28,115425.20740409056,19.68,184055.73351542163,31.38
Cacajao melanocephalus,Mammalia,LC,277298.94165857707,24.25,69704.55444566406,25.14,111441.76045402832,40.19
Cheracebus lucifer,Mammalia,LC,18172.121899721136,1.59,5805.06496,31.94,6249.098464,34.39
Cheracebus lugens,Mammalia,LC,576075.6316572132,50.37,96218.9409049834,16.7,155372.06850986328,26.97
Pithecia hirsuta,Mammalia,LC,21893.471718035416,1.91,6799.97112,31.06,7244.004624,33.09
Pithecia milleri,Mammalia,VU,37938.76898412415,3.32,4488.492182157226,11.83,5076.017934782227,13.38
Plecturocebus caquetensis,Mammalia,CR,11545.898885590692,1.01,36.116990553710934,0.31,102.70303949121094,0.89
Plecturocebus ornatus,Mammalia,VU,76625.41333559653,6.7,24505.05791652637,31.98,42083.072405825194,54.92
Cavia aperea,Mammalia,LC,74793.55042386237,6.54,16824.501000704433,22.49,24812.193034343247,33.17
Cavia porcellus,Mammalia,LC,565102.9148112417,49.41,103099.35844587335,18.24,182990.13248081776,32.38
Hydrochoerus hydrochaeris,Mammalia,LC,586556.6545345183,51.29,94146.70229749268,16.05,170003.19568331982,28.98
Hydrochoerus isthmius,Mammalia,DD,106601.68759029564,9.32,10949.900531076171,10.27,46112.49552933734,43.26
Euryoryzomys macconnelli,Mammalia,LC,3064.2721923375675,0.27,0.8665825625,0.03,0.8665825625,0.03
Handleyomys fuscatus,Mammalia,LC,84346.90776307255,7.37,14858.3415649328,17.62,24147.323138204498,28.63
Hylaeamys perenensis,Mammalia,LC,222182.47311485244,19.43,39400.56486022394,17.73,60538.09452964942,27.25
Hylaeamys yunganus,Mammalia,LC,40393.83950639734,3.53,4256.857015696289,10.54,5457.871980891601,13.51
Melanomys caliginosus,Mammalia,LC,424166.3670270248,37.09,72437.06548693487,17.08,132086.46654236477,31.14
Microryzomys minutus,Mammalia,LC,121042.4865986952,10.58,32148.649886121704,26.56,45309.42368322307,37.43
Neacomys spinosus,Mammalia,LC,140147.8193963315,12.25,24992.378896937254,17.83,26659.633494374757,19.02
Nephelomys childi,Mammalia,LC,119991.25957674194,10.49,25292.36931626697,21.08,38425.22814371332,32.02
Oecomys bicolor,Mammalia,LC,710962.1979777066,62.16,137429.31533333048,19.33,208830.7403570413,29.37
Oecomys trinitatis,Mammalia,LC,453768.8612238287,39.68,68979.64802178642,15.2,122587.0397795949,27.02
Oligoryzomys destructor,Mammalia,LC,1521.433211752408,0.13,62.099886,4.08,62.099886,4.08
Reithrodontomys mexicanus,Mammalia,LC,17074.216544804764,1.49,2693.0421900236815,15.77,6340.953053937744,37.14
Rhipidomys fulviventer,Mammalia,LC,60259.37608651031,5.27,13444.605653951903,22.31,19976.078927893326,33.15
Sigmodon hirsutus,Mammalia,LC,0,0,0,NA,0,NA
Thomasomys aureus,Mammalia,LC,135412.41132470078,11.84,31218.285518828492,23.05,48577.810162402464,35.87
Thomasomys cinereiventer,Mammalia,LC,48578.455732385555,4.25,12635.262080952938,26.01,17984.802187584955,37.02
Thomasomys dispar,Mammalia,DD,34999.6174198161,3.06,9035.329132199402,25.82,13722.658111424927,39.21
Thomasomys hylophilus,Mammalia,VU,37275.19649305117,3.26,11191.93075904898,30.03,13356.031787174285,35.83
Thomasomys laniger,Mammalia,LC,39699.40828284224,3.47,11743.344444443115,29.58,13962.78553111328,35.17
Thomasomys niveipes,Mammalia,LC,23590.91040721077,2.06,8002.491130269776,33.92,8663.620773003906,36.72
Transandinomys bolivaris,Mammalia,LC,27151.482766889003,2.37,6797.165271478516,25.03,7831.711085968994,28.84
Transandinomys talamancae,Mammalia,LC,4682.817050567014,0.41,1340.4313445546877,28.62,1914.512880488281,40.88
Zygodontomys brevicauda,Mammalia,LC,326210.1981456141,28.52,27689.793133889863,8.49,62321.17124569413,19.1
Cuniculus paca,Mammalia,LC,1064249.1379589604,93.05,193427.95891972716,18.18,313817.3429215111,29.49
Cuniculus taczanowskii,Mammalia,NT,131202.41448647543,11.47,36179.96737535814,27.58,48829.912642704,37.22
Dasyprocta fuliginosa,Mammalia,LC,796912.5983882394,69.68,143438.93848550337,18,217953.57888512764,27.35
Dasyprocta punctata,Mammalia,LC,452197.45484078024,39.54,77920.99069507574,17.23,142980.36242115454,31.62
Myoprocta pratti,Mammalia,LC,583716.6263490815,51.04,113580.91272712842,19.46,172654.38758123023,29.58
Dinomys branickii,Mammalia,LC,283300.6208775231,24.77,53984.53067253392,19.06,82662.5006252744,29.18
Dactylomys dactylinus,Mammalia,LC,55597.32475538932,4.86,7985.85972050293,14.36,9310.82983394043,16.75
Mesomys hispidus,Mammalia,LC,46803.15476631563,4.09,5937.471818196289,12.69,7168.698791391602,15.32
Olallamys albicaudus,Mammalia,DD,247600.2885086905,21.65,80007.80276926715,32.31,127142.27152471775,51.35
Proechimys brevicauda,Mammalia,LC,130158.1186042721,11.38,22611.20558044629,17.37,24193.0279696416,18.59
Proechimys chrysaeolus,Mammalia,DD,26948.233699015113,2.36,3880.306276703125,14.4,7887.702919568359,29.27
Proechimys oconnelli,Mammalia,DD,281690.84426324716,24.63,35175.8324591084,12.49,59248.04135438281,21.03
Proechimys quadruplicatus,Mammalia,LC,40223.976641662885,3.52,4243.0338469462895,10.55,5381.603148141601,13.38
Proechimys semispinosus,Mammalia,LC,61566.168018555945,5.38,6553.928481101562,10.65,9697.124959910156,15.75
Proechimys simonsi,Mammalia,LC,47171.40165193139,4.12,5937.471818196289,12.59,7169.891367391601,15.2
Coendou ichillus,Mammalia,DD,325313.8170257171,28.44,90451.69579278809,27.8,129444.65391356054,39.79
Coendou prehensilis,Mammalia,LC,136914.25332238615,11.97,9701.1854653049,7.09,22792.57336959674,16.65
Coendou pruinosus,Mammalia,LC,388518.7165519617,33.97,44799.43552902088,11.53,81153.73990976076,20.89
Coendou quichua,Mammalia,DD,302898.3931414303,26.48,38727.832105065005,12.79,93476.68677397633,30.86
Coendou rufescens,Mammalia,LC,111832.24185648636,9.78,25146.649805179542,22.49,36822.8479483766,32.93
Coendou vestitus,Mammalia,DD,58806.56292406914,5.14,13946.016219574814,23.72,18209.965322832908,30.97
Heteromys anomalus,Mammalia,LC,284696.3116435278,24.89,46279.9109114555,16.26,103472.7495935575,36.34
Heteromys australis,Mammalia,LC,162499.60729843393,14.21,39002.73883866397,24,56755.06253640024,34.93
Heteromys desmarestianus,Mammalia,LC,1661.7540746100594,0.15,193.624702,11.65,384.941134,23.16
Hadrosciurus igniventris,Mammalia,LC,17887.36318036732,1.56,2965.9030296987303,16.58,5748.065773381836,32.13
Microsciurus flaviventer,Mammalia,LC,112052.03938732362,9.8,21648.789665100587,19.32,35465.82922109961,31.65
Syntheosciurus granatensis,Mammalia,LC,598658.0450803526,52.34,64976.36555636401,10.85,135877.8034755327,22.7
Trichechus inunguis,Mammalia,VU,13930.369364908149,1.22,2694.861876,19.35,3138.89538,22.53
Trichechus manatus,Mammalia,VU,222795.36141164083,19.48,22760.73247894162,10.22,68810.5390773035,30.89
Crenuchus spilurus,Actinopteri,LC,104933.1173374969,9.17,27809.244128,26.5,28253.277632,26.93
Poecilocharax weitzmani,Actinopteri,LC,2807.834648281139,0.25,0,0,0,0
Ammocryptocharax elegans,Actinopteri,LC,122941.82111404404,10.75,18080.04975431131,14.71,28838.599214,23.46
Ammocryptocharax minutus,Actinopteri,LC,0,0,0,NA,0,NA
Characidium longum,Actinopteri,LC,1014.6299444447498,0.09,0,0,0,0
Elachocharax pulcher,Actinopteri,LC,3095.879630148146,0.27,175.661623,5.67,608.659991,19.66
Melanocharacidium dispilomma,Actinopteri,LC,0,0,0,NA,0,NA
Odontocharacidium aphanes,Actinopteri,LC,0,0,0,NA,0,NA
Erythrinus erythrinus,Actinopteri,LC,107045.13888811263,9.36,45585.318784,42.59,69305.809872,64.74
Hoplerythrinus unitaeniatus,Actinopteri,LC,426489.65260698384,37.29,97933.72438569627,22.96,140396.87860944628,32.92
Hoplias curupira,Actinopteri,LC,11036.524790021347,0.96,3356.802048,30.42,3356.802048,30.42
Hoplias malabaricus,Actinopteri,LC,684771.6498259482,59.87,125145.98762342385,18.28,215323.4811930996,31.44
Parodon buckleyi,Actinopteri,LC,0,0,0,NA,0,NA
Cynodon gibbus,Actinopteri,LC,30709.170298690024,2.69,7474.580736,24.34,7918.61424,25.79
Cynodon septenarius,Actinopteri,LC,994.970022395046,0.09,0,0,0,0
Hydrolycus armatus,Actinopteri,LC,0,0,0,NA,0,NA
Hydrolycus scomberoides,Actinopteri,LC,7696.672450171965,0.67,1509.463881875,19.61,1953.497385875,25.38
Hydrolycus tatauaia,Actinopteri,LC,10728.107124813212,0.94,3356.802048,31.29,3356.802048,31.29
Hydrolycus wallacei,Actinopteri,LC,0,0,0,NA,0,NA
Rhaphiodon vulpinus,Actinopteri,LC,64626.98642086649,5.65,13339.807706266602,20.64,13783.8412102666,21.33
Colossoma macropomum,Actinopteri,NT,192452.93718231833,16.83,47579.53503148731,24.72,57108.9842364248,29.67
Mylossoma aureum,Actinopteri,LC,154941.3876440018,13.55,38483.531392,24.84,44264.389184,28.57
Piaractus brachypomus,Actinopteri,LC,2901.7369241296024,0.25,423.714624,14.6,867.748128,29.9
Myloplus schomburgkii,Actinopteri,NA,10863.095487122438,0.95,3356.802048,30.9,3356.802048,30.9
Myloplus torquatus,Actinopteri,LC,0,0,0,NA,0,NA
Catoprion mento,Actinopteri,LC,0,0,0,NA,0,NA
Pygocentrus cariba,Actinopteri,LC,0,0,0,NA,0,NA
Pygocentrus nattereri,Actinopteri,LC,248889.62132466433,21.76,78008.082176,31.34,109641.775056,44.05
Pygopristis denticulata,Actinopteri,LC,0,0,0,NA,0,NA
Serrasalmus altuvei,Actinopteri,LC,0,0,0,NA,0,NA
Serrasalmus elongatus,Actinopteri,LC,93060.21854129064,8.14,23639.729629197267,25.4,24083.769594399415,25.88
Serrasalmus maculatus,Actinopteri,LC,0,0,0,NA,0,NA
Serrasalmus manueli,Actinopteri,LC,0,0,0,NA,0,NA
Serrasalmus rhombeus,Actinopteri,LC,131933.5344189935,11.54,31864.423684540037,24.15,35570.743776,26.96
Anodus elongatus,Actinopteri,LC,4197.644993942534,0.37,202.18144,4.82,202.18144,4.82
Hemiodus argenteus,Actinopteri,LC,0,0,0,NA,0,NA
Hemiodus gracilis,Actinopteri,LC,16911.208856679954,1.48,12699.901696,75.1,12699.901696,75.1
Hemiodus immaculatus,Actinopteri,LC,0,0,0,NA,0,NA
Hemiodus microlepis,Actinopteri,LC,160828.89604163947,14.06,44345.857408,27.57,56419.61906,35.08
Hemiodus semitaeniatus,Actinopteri,LC,73572.91882512729,6.43,2406.697528125,3.27,12752.153395625,17.33
Hemiodus thayeria,Actinopteri,LC,143.60513871467384,0.01,0,0,0,0
Hemiodus unimaculatus,Actinopteri,LC,110474.84995173628,9.66,31684.50176,28.68,34498.659808,31.23
Argonectes longiceps,Actinopteri,LC,1.709500846244261,0,0,0,0,0
Bivibranchia fowleri,Actinopteri,LC,7816.113728448596,0.68,4280.934144,54.77,4280.934144,54.77
Abramites hypselonotus,Actinopteri,LC,1385.6822979243825,0.12,289.47456,20.89,289.47456,20.89
Anostomus ternetzi,Actinopteri,LC,0,0,0,NA,0,NA
Laemolyta proxima,Actinopteri,LC,901.1020336522428,0.08,40.73826048828125,4.52,727.8731895,80.78
Laemolyta taeniata,Actinopteri,LC,3852.2806670688583,0.34,293.863824,7.63,293.863824,7.63
Leporinus agassizii,Actinopteri,LC,93945.3441482348,8.21,28151.644064,29.97,28404.086848,30.23
Leporinus altipinnis,Actinopteri,LC,0,0,0,NA,0,NA
Leporinus brunneus,Actinopteri,LC,52576.75261256259,4.6,15308.708352,29.12,15876.319488,30.2
Leporinus fasciatus,Actinopteri,LC,3879.069613472844,0.34,682.834402,17.6,705.790324,18.19
Leporinus friderici,Actinopteri,LC,154393.71635989283,13.5,40474.81785276563,26.22,51463.51505076562,33.33
Leporinus jamesi,Actinopteri,LC,0,0,0,NA,0,NA
Leporinus klausewitzi,Actinopteri,LC,953.0858769950764,0.08,0,0,0,0
Leporinus parae,Actinopteri,LC,0,0,0,NA,0,NA
Megaleporinus trifasciatus,Actinopteri,LC,2490.5911247007252,0.22,358.291168,14.39,795.969888,31.96
Pseudanos trimaculatus,Actinopteri,LC,152809.7866911546,13.36,49389.521792,32.32,74796.688112,48.95
Rhytiodus argenteofuscus,Actinopteri,LC,0,0,0,NA,0,NA
Schizodon fasciatus,Actinopteri,LC,3396.504530915482,0.3,488.575456,14.38,932.60896,27.46
Caenotropus labyrinthicus,Actinopteri,LC,83016.3237132096,7.26,26241.164016,31.61,27667.777616,33.33
Caenotropus mestomorgmatos,Actinopteri,LC,11043.875251014606,0.97,3356.802048,30.4,3356.802048,30.4
Chilodus punctatus,Actinopteri,LC,256131.40708654915,22.4,74658.64732311426,29.15,107890.19627292675,42.12
Curimata roseni,Actinopteri,LC,0,0,0,NA,0,NA
Curimata vittata,Actinopteri,LC,24387.64632547717,2.13,7028.216,28.82,7472.249504,30.64
Curimatella dorsalis,Actinopteri,LC,49287.72130465636,4.31,3316.644092,6.73,3760.677596,7.63
Curimatella immaculata,Actinopteri,LC,0,0,0,NA,0,NA
Curimatella meyeri,Actinopteri,LC,0,0,0,NA,0,NA
Curimatopsis evelynae,Actinopteri,LC,901.798890469356,0.08,0,0,0,0
Curimatopsis macrolepis,Actinopteri,LC,83339.44070481345,7.29,26539.1696,31.84,27321.701472,32.78
Cyphocharax abramoides,Actinopteri,LC,1.709500846244261,0,0,0,0,0
Cyphocharax festivus,Actinopteri,LC,823.8347137799689,0.07,487.255072,59.14,487.255072,59.14
Cyphocharax leucostictus,Actinopteri,LC,0,0,0,NA,0,NA
Cyphocharax magdalenae,Actinopteri,LC,0,0,0,NA,0,NA
Cyphocharax multilineatus,Actinopteri,LC,722.2940026807921,0.06,0,0,0,0
Cyphocharax nigripinnis,Actinopteri,LC,0,0,0,NA,0,NA
Cyphocharax notatus,Actinopteri,LC,39974.42811211919,3.5,16412.749568,41.06,25655.6752,64.18
Cyphocharax spilurus,Actinopteri,LC,0,0,0,NA,0,NA
Potamorhina altamazonica,Actinopteri,LC,96160.60757486246,8.41,14714.822508,15.3,15166.807452,15.77
Potamorhina latior,Actinopteri,LC,2253.19204931013,0.2,65.606706,2.91,471.254226,20.91
Potamorhina pristigaster,Actinopteri,LC,7898.675300785779,0.69,654.495712,8.29,1096.721504,13.88
Psectrogaster amazonica,Actinopteri,LC,179990.95662282602,15.74,64628.138752,35.91,95874.437312,53.27
Psectrogaster rutiloides,Actinopteri,LC,51293.92423919826,4.48,4961.617564,9.67,5405.651068,10.54
Steindachnerina bimaculata,Actinopteri,LC,102691.49302288724,8.98,19724.286272,19.21,20176.271216,19.65
Steindachnerina dobula,Actinopteri,LC,15425.80941471588,1.35,3138.018380196289,20.34,3138.018380196289,20.34
Steindachnerina guentheri,Actinopteri,LC,31584.337758747788,2.76,205.60002787890625,0.65,659.5461424023438,2.09
Steindachnerina hypostoma,Actinopteri,LC,9723.84146760075,0.85,2475.042048,25.45,2859.392512,29.41
Steindachnerina planiventris,Actinopteri,LC,87627.24176110502,7.66,26231.295104,29.94,26675.328608,30.44
Prochilodus nigricans,Actinopteri,LC,187282.6036949704,16.38,59910.494208,31.99,81868.604626,43.71
Semaprochilodus insignis,Actinopteri,LC,3093.724591662935,0.27,32.425158,1.05,441.00471,14.25
Semaprochilodus taeniurus,Actinopteri,LC,0,0,0,NA,0,NA
Copella eigenmanni,Actinopteri,LC,37621.19680797381,3.29,6533.410004452148,17.37,7572.174686013672,20.13
Copella nattereri,Actinopteri,LC,295.6915354665915,0.03,0,0,0,0
Pyrrhulina brevis,Actinopteri,LC,0,0,0,NA,0,NA
Pyrrhulina lugubris,Actinopteri,LC,23855.980576462644,2.09,4554.701498875,19.09,12096.304035625,50.71
Pyrrhulina semifasciata,Actinopteri,LC,154430.63366197768,13.5,47972.588416,31.06,68614.176032,44.43
Nannostomus digrammus,Actinopteri,LC,128288.83447553762,11.22,39967.8555782666,31.15,50630.84716226661,39.47
Nannostomus eques,Actinopteri,LC,12309.88819214736,1.08,2690.286592,21.85,3134.320096,25.46
Nannostomus marginatus,Actinopteri,LC,153435.22427015228,13.42,39894.1496,26,48122.35824,31.36
Nannostomus marilynae,Actinopteri,LC,0,0,0,NA,0,NA
Nannostomus trifasciatus,Actinopteri,LC,33673.407776731656,2.94,10788.889216,32.04,11232.92272,33.36
Nannostomus unifasciatus,Actinopteri,LC,0,0,0,NA,0,NA
Boulengerella cuvieri,Actinopteri,LC,26796.463561644865,2.34,5859.954176,21.87,6427.565312,23.99
Boulengerella lateristriga,Actinopteri,LC,0,0,0,NA,0,NA
Boulengerella lucius,Actinopteri,LC,0,0,0,NA,0,NA
Boulengerella maculata,Actinopteri,LC,134945.46857586308,11.8,32879.78239974316,24.37,34149.28847974316,25.31
Boulengerella xyrekes,Actinopteri,LC,0,0,0,NA,0,NA
Acestrorhynchus falcatus,Actinopteri,LC,243758.910498473,21.31,36261.43119276562,14.88,55838.915383515625,22.91
Acestrorhynchus falcirostris,Actinopteri,LC,76309.08906445623,6.67,17927.88065825,23.49,20308.29585825,26.61
Acestrorhynchus grandoculis,Actinopteri,LC,1782.4655958073351,0.16,0,0,0,0
Acestrorhynchus heterolepis,Actinopteri,LC,103020.18354752714,9.01,24590.7093982666,23.87,35603.0260382666,34.56
Acestrorhynchus microlepis,Actinopteri,LC,62852.54181300616,5.5,11006.205557429688,17.51,19509.71561038672,31.04
Acestrorhynchus minimus,Actinopteri,LC,2993.724352521137,0.26,2233.104128,74.59,2233.104128,74.59
Acestrorhynchus nasutus,Actinopteri,LC,0,0,0,NA,0,NA
Gnathocharax steindachneri,Actinopteri,LC,4954.401293514257,0.43,265.658493,5.36,696.437405,14.06
Heterocharax macrolepis,Actinopteri,LC,63500.162083572955,5.55,16306.640879,25.68,20648.298031,32.52
Heterocharax virgulatus,Actinopteri,LC,0,0,0,NA,0,NA
Hoplocharax goethei,Actinopteri,LC,0,0,0,NA,0,NA
Lonchogenys ilisha,Actinopteri,LC,26.43455183275945,0,0,0,14.037252,53.1
Astyanax bimaculatus,Actinopteri,LC,139758.559698933,12.22,45059.796039042965,32.24,76066.44979529297,54.43
Ctenobrycon spilurus,Actinopteri,LC,46171.12478497605,4.04,10977.413711875,23.78,13803.881263875,29.9
Makunaima guianensis,Actinopteri,LC,28545.078884955423,2.5,6474.217104,22.68,6474.217104,22.68
Thayeria obliqua,Actinopteri,LC,92239.83635083136,8.07,15833.05184425,17.17,19793.97898075,21.46
Brachychalcinus copei,Actinopteri,LC,205005.35757238735,17.92,58331.977871262694,28.45,89189.83708645019,43.51
Brachychalcinus nummus,Actinopteri,LC,216093.3883329697,18.89,48883.128026473634,22.62,65758.81814702832,30.43
Brittanichthys axelrodi,Actinopteri,LC,0,0,0,NA,0,NA
Bryconella pallidifrons,Actinopteri,LC,0,0,0,NA,0,NA
Gymnocorymbus thayeri,Actinopteri,LC,202316.8938840996,17.69,62031.16653530835,30.66,88515.27755630836,43.75
Hemigrammus analis,Actinopteri,LC,15604.53458430694,1.36,8089.361408,51.84,8089.361408,51.84
Hemigrammus barrigonae,Actinopteri,LC,257616.87213835216,22.53,29305.866187228516,11.38,40674.30543598047,15.79
Hemigrammus bellottii,Actinopteri,LC,62823.66987755629,5.49,16913.104992,26.92,17451.741728,27.78
Hemigrammus coeruleus,Actinopteri,LC,335.8514937155457,0.03,26.099418,7.77,26.099418,7.77
Hemigrammus geisleri,Actinopteri,LC,105741.97458290242,9.25,20379.206264625,19.27,28578.000992875,27.03
Hemigrammus hyanuary,Actinopteri,LC,3694.710423911991,0.32,489.510666,13.25,915.610346,24.78
Hemigrammus levis,Actinopteri,LC,0,0,0,NA,0,NA
Hemigrammus luelingi,Actinopteri,LC,2529.9209202946786,0.22,487.544896,19.27,930.719744,36.79
Hemigrammus lunatus,Actinopteri,LC,471178.162011035,41.2,97672.94556780336,20.73,139395.45124180336,29.58
Hemigrammus melanochrous,Actinopteri,LC,0,0,0,NA,0,NA
Hemigrammus microstomus,Actinopteri,LC,934.2805952222492,0.08,0,0,0,0
Hemigrammus ocellifer,Actinopteri,LC,24709.67260689474,2.16,298.43618825,1.21,2897.20521225,11.72
Hemigrammus pulcher,Actinopteri,LC,2430.1329323124846,0.21,484.176416,19.92,926.351072,38.12
Hemigrammus schmardae,Actinopteri,LC,0,0,0,NA,0,NA
Hemigrammus stictus,Actinopteri,LC,2617.0445146093675,0.23,0,0,833.353216,31.84
Hemigrammus unilineatus,Actinopteri,LC,38195.52160588325,3.34,10519.940164,27.54,10963.973668,28.7
Hemigrammus vorderwinkleri,Actinopteri,LC,65848.25623549173,5.76,3039.723749875,4.62,13878.98097,21.08
Hemigrammus yinyang,Actinopteri,LC,0,0,0,NA,0,NA
Hyphessobrycon agulha,Actinopteri,LC,0,0,0,NA,0,NA
Hyphessobrycon bentosi,Actinopteri,LC,4053.999620299098,0.35,427.344962,10.54,865.603842,21.35
Hyphessobrycon copelandi,Actinopteri,LC,123119.1207102779,10.77,28627.304832,23.25,33264.921184,27.02
Hyphessobrycon diancistrus,Actinopteri,LC,11205.738565270736,0.98,484.45761875,4.32,4633.3683467499995,41.35
Hyphessobrycon gracilior,Actinopteri,LC,1762.1554919483192,0.15,260.039552,14.76,704.073056,39.96
Hyphessobrycon loretoensis,Actinopteri,LC,2524.8009863322695,0.22,488.403104,19.34,932.237184,36.92
Hyphessobrycon sweglesi,Actinopteri,LC,0,0,0,NA,0,NA
Moenkhausia ceros,Actinopteri,LC,0,0,0,NA,0,NA
Moenkhausia chrysargyrea,Actinopteri,LC,373263.6553216923,32.64,94154.75419169824,25.22,127215.16781335448,34.08
Moenkhausia collettii,Actinopteri,LC,51210.40828292159,4.48,8618.94972725,16.83,12107.0414515,23.64
Moenkhausia comma,Actinopteri,LC,273734.9682029353,23.93,75431.5650525332,27.56,108167.5199530957,39.52
Moenkhausia cotinho,Actinopteri,LC,26317.88576488582,2.3,151.869984,0.58,1365.29872,5.19
Moenkhausia dichroura,Actinopteri,LC,159380.1388693562,13.94,50853.949632,31.91,82100.248192,51.51
Moenkhausia gracilima,Actinopteri,LC,2784.2522381343347,0.24,86.472656,3.11,517.384816,18.58
Moenkhausia grandisquamis,Actinopteri,LC,8501.762273538678,0.74,2690.286592,31.64,3134.320096,36.87
Moenkhausia hemigrammoides,Actinopteri,LC,1014.6299444447498,0.09,0,0,0,0
Moenkhausia intermedia,Actinopteri,LC,6277.463819990825,0.55,1049.178376,16.71,1333.428968,21.24
Moenkhausia jamesi,Actinopteri,LC,6665.658188635091,0.58,831.686144,12.48,1274.592224,19.12
Moenkhausia lata,Actinopteri,LC,0,0,0,NA,0,NA
Moenkhausia lepidura,Actinopteri,LC,57704.13619503087,5.05,11876.85510625,20.58,15270.57117025,26.46
Moenkhausia megalops,Actinopteri,LC,3544.7683619313625,0.31,235.330224,6.64,673.251792,18.99
Moenkhausia mikia,Actinopteri,LC,158050.36577200677,13.82,30827.223036375,19.5,41503.975140125,26.26
Moenkhausia oligolepis,Actinopteri,LC,146992.65209717536,12.85,28172.237376,19.17,29046.342192,19.76
Paracheirodon axelrodi,Actinopteri,LC,0,0,0,NA,0,NA
Paracheirodon innesi,Actinopteri,LC,12066.59516525477,1.06,2690.286592,22.3,3134.320096,25.98
Petitella bleheri,Actinopteri,LC,0,0,0,NA,0,NA
Petitella georgiae,Actinopteri,LC,9754.701545859689,0.85,899.617664,9.22,1343.651168,13.77
Poptella compressa,Actinopteri,LC,119818.74662066008,10.48,27805.878550266603,23.21,27805.878550266603,23.21
Stethaprion erythrops,Actinopteri,LC,108796.8282194519,9.51,20558.044674266603,18.9,21010.0296182666,19.31
Atopomesus pachyodus,Actinopteri,LC,0,0,0,NA,0,NA
Tyttocharax madeirae,Actinopteri,LC,0,0,0,NA,0,NA
Chrysobrycon hesperus,Actinopteri,LC,17985.64711974351,1.57,2433.687808,13.53,2433.687808,13.53
Hemibrycon jelskii,Actinopteri,LC,0,0,0,NA,0,NA
Creagrutus barrigai,Actinopteri,LC,0,0,0,NA,0,NA
Creagrutus vexillapinnus,Actinopteri,LC,1000.0986907067954,0.09,0,0,0,0
Bryconamericus orinocoensis,Actinopteri,LC,0,0,0,NA,0,NA
Knodus heteresthes,Actinopteri,LC,0,0,0,NA,0,NA
Rhinobrycon negrensis,Actinopteri,LC,0,0,0,NA,0,NA
Aphyocharax pusillus,Actinopteri,LC,336846.4475769834,29.45,89963.82317025,26.71,123237.14465825,36.59
Paragoniates alburnus,Actinopteri,LC,212880.55034607704,18.61,39300.84398354981,18.46,51689.49223916895,24.28
Prionobrama filigera,Actinopteri,LC,141724.09197809224,12.39,30944.5310234375,21.83,32561.4360794375,22.98
Odontostilbe fugitiva,Actinopteri,LC,160261.27633365316,14.01,46370.8199902666,28.93,57827.1701342666,36.08
Odontostilbe pulchra,Actinopteri,LC,467252.2649923422,40.85,93226.18222852147,19.95,157795.28599551757,33.77
Protocheirodon pi,Actinopteri,LC,0,0,0,NA,0,NA
Exodon paradoxus,Actinopteri,LC,0,0,0,NA,0,NA
Tetragonopterus argenteus,Actinopteri,LC,22224.8558163402,1.94,6110.821952,27.5,7323.281152,32.95
Tetragonopterus chalceus,Actinopteri,LC,70069.2627718088,6.13,7734.742864875,11.04,17191.118266125,24.53
Acestrocephalus sardina,Actinopteri,LC,74981.436608765,6.56,20319.331972,27.1,20791.95226,27.73
Charax condei,Actinopteri,LC,0,0,0,NA,0,NA
Charax michaeli,Actinopteri,LC,133141.25562060726,11.64,38307.459776,28.77,50983.901344,38.29
Charax niger,Actinopteri,LC,953.0858769950764,0.08,0,0,0,0
Cynopotamus amazonum,Actinopteri,LC,0,0,0,NA,0,NA
Microschemobrycon callops,Actinopteri,LC,81722.57198502657,7.15,37184.106496,45.5,48182.613472,58.96
Microschemobrycon casiquiare,Actinopteri,LC,74969.50120259254,6.56,14596.541824,19.47,14596.541824,19.47
Microschemobrycon geisleri,Actinopteri,LC,0,0,0,NA,0,NA
Microschemobrycon melanotus,Actinopteri,LC,38861.92986860509,3.4,5640.2168,14.51,6650.692576,17.11
Priocharax ariel,Actinopteri,LC,0,0,0,NA,0,NA
Roeboides affinis,Actinopteri,LC,10263.71909774752,0.9,2690.286592,26.21,3134.320096,30.54
Roeboides myersii,Actinopteri,LC,104247.78095990002,9.12,20237.104136313475,19.41,20689.089080313475,19.85
Roeboides occidentalis,Actinopteri,LC,55465.3877226934,4.85,4250.662482953125,7.66,6311.506586835938,11.38
Axelrodia stigmatias,Actinopteri,LC,0,0,0,NA,0,NA
Jupiaba anteroides,Actinopteri,LC,50835.92450014283,4.44,17223.216,33.88,17667.249504,34.75
Jupiaba polylepis,Actinopteri,LC,0,0,0,NA,0,NA
Jupiaba scologaster,Actinopteri,LC,1979.8235839780932,0.17,0,0,0,0
Jupiaba zonata,Actinopteri,LC,3702.134666545756,0.32,183.014945875,4.94,183.014945875,4.94
Leptobrycon jatuaranae,Actinopteri,LC,0,0,0,NA,0,NA
Parapristella georgiae,Actinopteri,LC,0,0,0,NA,0,NA
Carnegiella marthae,Actinopteri,LC,154771.62866116982,13.53,31358.43136,20.26,33688.752736,21.77
Carnegiella myersi,Actinopteri,LC,47984.4668237266,4.2,3037.037644,6.33,3481.071148,7.25
Carnegiella schereri,Actinopteri,LC,38371.97568048713,3.36,3608.580608,9.4,4052.614112,10.56
Carnegiella strigata,Actinopteri,LC,40300.94952862285,3.52,13391.226368,33.23,13835.259872,34.33
Gasteropelecus sternicla,Actinopteri,LC,117589.85348577796,10.28,20583.499496,17.5,21086.585492,17.93
Brycon amazonicus,Actinopteri,LC,44825.596411607046,3.92,2835.618676,6.33,3279.65218,7.32
Brycon falcatus,Actinopteri,LC,28944.887543596837,2.53,956.65624775,3.31,8942.031743,30.89
Brycon melanopterus,Actinopteri,LC,217397.12815623652,19.01,72979.10642280836,33.57,102150.28614380836,46.99
Brycon pesu,Actinopteri,LC,93539.0796713155,8.18,24206.538237,25.88,38571.651662,41.24
Agoniates anchovia,Actinopteri,LC,0,0,0,NA,0,NA
Agoniates halecinus,Actinopteri,LC,0,0,0,NA,0,NA
Triportheus albus,Actinopteri,LC,80566.87518364858,7.04,22463.90492,27.88,32071.879832,39.81
Triportheus angulatus,Actinopteri,LC,24341.974727045206,2.13,6664.52992,27.38,7108.563424,29.2
Triportheus auritus,Actinopteri,LC,397545.3660388759,34.76,93620.52276529688,23.55,135627.71210723437,34.12
Triportheus rotundatus,Actinopteri,LC,41859.9672961131,3.66,4248.743936,10.15,4692.77744,11.21
Triportheus venezuelensis,Actinopteri,LC,0,0,0,NA,0,NA
Bryconops alburnoides,Actinopteri,LC,0,0,0,NA,0,NA
Bryconops caudomaculatus,Actinopteri,LC,31305.52253025479,2.74,9673.920064,30.9,10116.371776,32.31
Bryconops giacopinii,Actinopteri,LC,1014.6299444447498,0.09,0,0,0,0
Bryconops humeralis,Actinopteri,LC,94275.39269621742,8.24,8448.229508,8.96,18342.71646225,19.46
Bryconops inpai,Actinopteri,LC,50299.79793801149,4.4,4272.83254,8.49,4716.866044,9.38
Bryconops magoi,Actinopteri,NA,0,0,0,NA,0,NA
Iguanodectes geisleri,Actinopteri,LC,0,0,0,NA,0,NA
Iguanodectes spilurus,Actinopteri,LC,309616.5465848176,27.07,48612.19238960645,15.7,68499.05648859864,22.12
Chalceus erythrurus,Actinopteri,LC,0,0,0,NA,0,NA
Chalceus macrolepidotus,Actinopteri,LC,13733.57830624316,1.2,0,0,567.611136,4.13
Electrophorus electricus,Actinopteri,LC,26417.02023436161,2.31,7072.259712,26.77,7072.259712,26.77
Gymnotus carapo,Actinopteri,LC,290677.68082143203,25.42,80194.39724917969,27.59,113160.68060635155,38.93
Gymnotus coropinae,Actinopteri,LC,57634.73086177762,5.04,32358.778368,56.14,40030.70022,69.46
Brachyhypopomus beebei,Actinopteri,LC,0,0,0,NA,0,NA
Brachyhypopomus bennetti,Actinopteri,LC,0,0,0,NA,0,NA
Brachyhypopomus brevirostris,Actinopteri,LC,131507.17125214983,11.5,32434.1978013125,24.66,40229.5574779375,30.59
Brachyhypopomus flavipomus,Actinopteri,NA,0,0,0,NA,0,NA
Brachyhypopomus sullivani,Actinopteri,LC,0,0,0,NA,0,NA
Microsternarchus bilineatus,Actinopteri,LC,0,0,0,NA,0,NA
Gymnorhamphichthys hypostomus,Actinopteri,LC,0,0,0,NA,0,NA
Gymnorhamphichthys rondoni,Actinopteri,LC,0,0,0,NA,0,NA
Rhamphichthys rostratus,Actinopteri,LC,28925.7392567216,2.53,10046.035224,34.73,10171.965936,35.17
Hypopygus lepturus,Actinopteri,LC,89897.82741608704,7.86,25376.630272,28.23,28069.209568,31.22
Steatogenys duidae,Actinopteri,LC,0,0,0,NA,0,NA
Steatogenys elegans,Actinopteri,LC,292.969330305994,0.03,0,0,0,0
Distocyclus conirostris,Actinopteri,LC,0,0,0,NA,0,NA
Eigenmannia limbata,Actinopteri,LC,10808.091293350644,0.95,2711.762768,25.09,2711.762768,25.09
Eigenmannia macrops,Actinopteri,LC,1131.337699215136,0.1,30.46327,2.69,30.46327,2.69
Rhabdolichops caviceps,Actinopteri,LC,0,0,0,NA,0,NA
Rhabdolichops eastwardi,Actinopteri,LC,1034.8446373132606,0.09,25.622478,2.48,25.622478,2.48
Rhabdolichops troscheli,Actinopteri,LC,0,0,0,NA,0,NA
Sternopygus astrabes,Actinopteri,LC,9571.242654785434,0.84,8089.361408,84.52,8089.361408,84.52
Sternopygus macrurus,Actinopteri,LC,96409.18655875014,8.43,11885.656896,12.33,13012.162464000001,13.5
Adontosternarchus balaenops,Actinopteri,LC,0,0,0,NA,0,NA
Adontosternarchus clarkae,Actinopteri,LC,0,0,0,NA,0,NA
Adontosternarchus sachsi,Actinopteri,LC,0,0,0,NA,0,NA
Apteronotus bonapartii,Actinopteri,LC,0,0,0,NA,0,NA
Parapteronotus hasemani,Actinopteri,LC,0,0,0,NA,0,NA
Sternarchorhynchus mormyrus,Actinopteri,LC,0,0,0,NA,0,NA
Sternarchorhynchus oxyrhynchus,Actinopteri,LC,0,0,0,NA,0,NA
Compsaraia compsa,Actinopteri,LC,0,0,0,NA,0,NA
Sternarchogiton nattereri,Actinopteri,LC,0,0,0,NA,0,NA
Sternarchogiton porcinum,Actinopteri,LC,0,0,0,NA,0,NA
Sternarchella schotti,Actinopteri,LC,27947.33707009872,2.44,2326.240156,8.32,2326.240156,8.32
Sternarchorhamphus muelleri,Actinopteri,LC,0,0,0,NA,0,NA
Megalocentor echthrus,Actinopteri,LC,0,0,0,NA,0,NA
Ochmacanthus alternus,Actinopteri,LC,894.7350226398613,0.08,0,0,0,0
Ochmacanthus orinoco,Actinopteri,LC,0,0,0,NA,0,NA
Ochmacanthus reinhardtii,Actinopteri,LC,144108.07352769788,12.6,47553.561344,33,66092.026384,45.86
Pseudostegophilus nemurus,Actinopteri,LC,3379.440990499381,0.3,476.550944,14.1,920.584448,27.24
Vandellia cirrhosa,Actinopteri,LC,184858.66000530252,16.16,59064.964608,31.95,79969.672,43.26
Potamoglanis hasemani,Actinopteri,LC,4564.628653890561,0.4,573.06666,12.55,1007.793636,22.08
Callichthys serralabium,Actinopteri,LC,142669.81758842707,12.47,31543.76384,22.11,32809.660192,23
Dianema longibarbis,Actinopteri,LC,104059.7932793246,9.1,20408.909676,19.61,20860.89462,20.05
Hoplosternum littorale,Actinopteri,LC,0,0,0,NA,0,NA
Lepthoplosternum altamazonicum,Actinopteri,LC,18482.90897726209,1.62,2696.0577335,14.59,3140.0912375,16.99
Megalechis picta,Actinopteri,LC,203564.57652464832,17.8,37185.5462119375,18.27,48158.995773875,23.66
Megalechis thoracata,Actinopteri,LC,344251.9174314189,30.1,91048.13683921582,26.45,122284.89845454396,35.52
Corydoras elegans,Actinopteri,LC,30996.90036367389,2.71,237.527238875,0.77,375.559750875,1.21
Corydoras leucomelas,Actinopteri,LC,0,0,0,NA,0,NA
Corydoras splendens,Actinopteri,LC,0,0,0,NA,0,NA
Corydoras trilineatus,Actinopteri,LC,80508.78175666097,7.04,8339.017718266601,10.36,8346.969158266602,10.37
Scoloplax dicra,Actinopteri,LC,6683.922178505258,0.58,11.451717,0.17,440.307141,6.59
Acestridium martini,Actinopteri,LC,0,0,0,NA,0,NA
Hypoptopoma brevirostratum,Actinopteri,LC,0,0,0,NA,0,NA
Hypoptopoma gulare,Actinopteri,LC,50388.69792255683,4.41,4160.97462,8.26,4605.008124,9.14
Hypoptopoma thoracatum,Actinopteri,LC,41702.055701764664,3.65,2691.4889115,6.45,3135.522415375,7.52
Otocinclus vittatus,Actinopteri,LC,0,0,0,NA,0,NA
Oxyropsis wrightiana,Actinopteri,LC,0,0,0,NA,0,NA
Farlowella oxyrryncha,Actinopteri,LC,219536.8986776825,19.2,75054.76096,34.19,106089.390528,48.32
Farlowella smithi,Actinopteri,LC,142252.2424906191,12.44,34083.8685022666,23.96,45540.2186462666,32.01
Lamontichthys filamentosus,Actinopteri,LC,0,0,0,NA,0,NA
Hemiodontichthys acipenserinus,Actinopteri,LC,1800.406779192906,0.16,0,0,0,0
Limatulichthys griseus,Actinopteri,LC,250594.8779905216,21.91,76703.5193822666,30.61,107225.6513662666,42.79
Loricaria cataphracta,Actinopteri,LC,30289.67675862296,2.65,2309.689164,7.63,2309.689164,7.63
Loricariichthys acutus,Actinopteri,LC,0,0,0,NA,0,NA
Rineloricaria formosa,Actinopteri,LC,1014.6299444447498,0.09,0,0,0,0
Rineloricaria lanceolata,Actinopteri,LC,0,0,0,NA,0,NA
Chaetostoma fischeri,Actinopteri,LC,0,0,0,NA,0,NA
Peckoltichthys bachi,Actinopteri,NA,3396.504530915482,0.3,488.575456,14.38,932.60896,27.46
Aphanotorulus emarginatus,Actinopteri,LC,7811.926255874592,0.68,1589.894336,20.35,2033.601696,26.03
Aphanotorulus unicolor,Actinopteri,LC,9718.565160489998,0.85,3304.376064,34,3304.376064,34
Hypostomus hemicochliodon,Actinopteri,LC,52200.15694041401,4.56,5201.871752,9.97,5645.905256,10.82
Hypostomus oculeus,Actinopteri,DD,0,0,0,NA,0,NA
Hypostomus plecostomus,Actinopteri,LC,0,0,0,NA,0,NA
Hypostomus pyrineusi,Actinopteri,LC,0,0,0,NA,0,NA
Pterygoplichthys gibbiceps,Actinopteri,LC,112794.13261819066,9.86,24947.47744,22.12,26082.70064,23.12
Pterygoplichthys pardalis,Actinopteri,LC,104912.7846776042,9.17,20557.76366184375,19.6,21009.74860584375,20.03
Dekeyseria amazonica,Actinopteri,LC,0,0,0,NA,0,NA
Lasiancistrus schomburgkii,Actinopteri,LC,0,0,0,NA,0,NA
Cetopsis candiru,Actinopteri,LC,166277.7835696873,14.54,44042.406784,26.49,54145.10288,32.56
Cetopsis coecutiens,Actinopteri,LC,4010.046892416368,0.35,513.71336,12.81,513.71336,12.81
Helogenes marmoratus,Actinopteri,LC,128011.25622568528,11.19,34680.635008,27.09,44511.311808,34.77
Bunocephalus aleuropsis,Actinopteri,LC,853.7903354685637,0.07,0,0,0,0
Bunocephalus coracoideus,Actinopteri,LC,195974.4901771993,17.14,40802.835197922854,20.82,52273.28009647754,26.67
Bunocephalus verrucosus,Actinopteri,LC,175064.57279820493,15.31,47436.301696,27.1,62583.979112,35.75
Pseudobunocephalus amazonicus,Actinopteri,LC,24386.576768908337,2.13,1262.900172,5.18,1671.485836,6.85
Centromochlus existimatus,Actinopteri,LC,853.7903354685637,0.07,0,0,0,0
Centromochlus heckelii,Actinopteri,LC,22184.17494668205,1.94,5033.96192,22.69,5462.768256,24.62
Tatia intermedia,Actinopteri,LC,256932.75377694177,22.47,78096.90690226661,30.4,109946.5517822666,42.79
Tatia nigra,Actinopteri,LC,0,0,0,NA,0,NA
Ageneiosus inermis,Actinopteri,LC,18665.273689904716,1.63,11446.163456,61.32,11446.163456,61.32
Ageneiosus lineatus,Actinopteri,LC,0,0,0,NA,0,NA
Ageneiosus polystictus,Actinopteri,LC,0,0,0,NA,0,NA
Ageneiosus ucayalensis,Actinopteri,LC,1423.360017077586,0.12,33.801372,2.37,33.801372,2.37
Tympanopleura atronasus,Actinopteri,LC,760.3275180561674,0.07,2.47232875,0.33,50.154313,6.6
Tympanopleura brevis,Actinopteri,LC,0,0,0,NA,0,NA
Auchenipterus ambyiacus,Actinopteri,LC,57629.41735530165,5.04,5250.446386266602,9.11,5694.479890266602,9.88
Auchenipterus brachyurus,Actinopteri,LC,0,0,0,NA,0,NA
Auchenipterus nuchalis,Actinopteri,LC,0,0,0,NA,0,NA
Pseudepapterus hasemani,Actinopteri,LC,0,0,0,NA,0,NA
Auchenipterichthys coracoideus,Actinopteri,LC,0,0,0,NA,0,NA
Auchenipterichthys longimanus,Actinopteri,LC,0,0,0,NA,0,NA
Auchenipterichthys punctatus,Actinopteri,LC,1.709500846244261,0,0,0,0,0
Trachelyichthys decaradiatus,Actinopteri,DD,0,0,0,NA,0,NA
Trachelyopterichthys taeniatus,Actinopteri,LC,109583.1415519177,9.58,28806.748992,26.29,29418.437504,26.85
Trachelyopterus galeatus,Actinopteri,LC,252790.0403456281,22.1,72995.30830273047,28.88,97792.90144010547,38.69
Trachycorystes trachycorystes,Actinopteri,LC,0,0,0,NA,0,NA
Acanthodoras cataphractus,Actinopteri,LC,0,0,0,NA,0,NA
Acanthodoras spinosissimus,Actinopteri,LC,18227.40180378107,1.59,4015.104256,22.03,4459.13776,24.46
Agamyxis pectinifrons,Actinopteri,LC,0,0,0,NA,0,NA
Amblydoras affinis,Actinopteri,LC,95612.74594344452,8.36,22833.662512,23.88,23277.696016,24.35
Anadoras grypus,Actinopteri,LC,12602.426809997029,1.1,2558.462208,20.3,3002.495712,23.82
Physopyxis ananas,Actinopteri,LC,3674.0040346412,0.32,217.431184,5.92,652.169712,17.75
Physopyxis lyra,Actinopteri,LC,0,0,0,NA,0,NA
Scorpiodoras heckelii,Actinopteri,LC,0,0,0,NA,0,NA
Anduzedoras oxyrhynchus,Actinopteri,LC,1000.9534699554216,0.09,0,0,0,0
Centrodoras brachiatus,Actinopteri,LC,7360.653552586838,0.64,914.439552,12.42,1358.146912,18.45
Hassar orestis,Actinopteri,LC,1707.096721969824,0.15,0,0,565.0352,33.1
Hemidoras stenopeltis,Actinopteri,LC,441.39280755928365,0.04,0,0,0,0
Hemidoras morrisi,Actinopteri,LC,5835.8500765314875,0.51,720.743001,12.35,1152.9639795,19.76
Leptodoras juruensis,Actinopteri,LC,1048.511833764589,0.09,8.817122,0.84,8.817122,0.84
Leptodoras linnelli,Actinopteri,LC,12190.320466175554,1.07,0,0,567.611136,4.66
Megalodoras uranoscopus,Actinopteri,LC,0,0,0,NA,0,NA
Nemadoras elongatus,Actinopteri,LC,1250.4367195591517,0.11,7.7719955,0.62,55.2244155,4.42
Nemadoras hemipeltis,Actinopteri,LC,62941.41849452781,5.5,5893.710178808349,9.36,6360.341097808349,10.11
Nemadoras humeralis,Actinopteri,LC,31419.399717253193,2.75,1929.234051625,6.14,2373.267555625,7.55
Ossancora punctata,Actinopteri,LC,32664.52482215208,2.86,2735.844172,8.38,3179.877676,9.73
Oxydoras niger,Actinopteri,LC,50369.03697620778,4.4,4231.8687,8.4,4675.902204,9.28
Platydoras armatulus,Actinopteri,LC,257815.64457903593,22.54,65830.79368087402,25.53,85333.64177059375,33.1
Pterodoras granulosus,Actinopteri,LC,1121.0356828015083,0.1,39.289864,3.5,39.289864,3.5
Tenellus leporhinus,Actinopteri,LC,36217.506696711505,3.17,2938.080652,8.11,3505.691788,9.68
Tenellus ternetzi,Actinopteri,LC,496.0557485063502,0.04,4.081836,0.82,4.081836,0.82
Tenellus trimaculatus,Actinopteri,LC,164774.49109747002,14.41,46144.704231944335,28,57586.386375944334,34.95
Trachydoras microstomus,Actinopteri,LC,987.951745285684,0.09,19.491552,1.97,19.491552,1.97
Trachydoras nattereri,Actinopteri,LC,9571.242654785434,0.84,8089.361408,84.52,8089.361408,84.52
Trachydoras steindachneri,Actinopteri,LC,40701.73651757195,3.56,10966.795264,26.94,11410.828768,28.04
Goeldiella eques,Actinopteri,LC,11482.943026394858,1,2199.841584,19.16,2613.129232,22.76
Pimelodella chagresi,Actinopteri,LC,1.694028874377489,0,0.06736196875,3.98,0.3030989296875,17.89
Pimelodella cristata,Actinopteri,LC,5285.831311290189,0.46,2986.249472,56.5,2986.249472,56.5
Gladioglanis conquistador,Actinopteri,LC,96220.61904211996,8.41,16853.194785,17.52,16861.146225,17.52
Gladioglanis machadoi,Actinopteri,LC,0,0,0,NA,0,NA
Myoglanis koepckei,Actinopteri,LC,0,0,0,NA,0,NA
Imparfinis pristos,Actinopteri,LC,0,0,0,NA,0,NA
Imparfinis stictonotus,Actinopteri,LC,52141.872654843515,4.56,5087.800988,9.76,5531.834492,10.61
Mastiglanis asopos,Actinopteri,LC,88042.72973197396,7.7,24692.437888,28.05,25136.471392,28.55
Brachyplatystoma filamentosum,Actinopteri,LC,0,0,0,NA,0,NA
Brachyplatystoma juruense,Actinopteri,LC,29480.579299513833,2.58,1379.097398,4.68,1379.097398,4.68
Brachyplatystoma platynemum,Actinopteri,LC,0,0,0,NA,0,NA
Brachyplatystoma vaillantii,Actinopteri,LC,1049.054379576798,0.09,33.074176,3.15,466.901408,44.51
Calophysus macropterus,Actinopteri,LC,53244.89745690719,4.66,12547.345923375,23.57,16180.680938625,30.39
Cheirocerus goeldii,Actinopteri,LC,42269.45071409676,3.7,2326.240156,5.5,2326.240156,5.5
Duopalatinus peruanus,Actinopteri,LC,4431.121398280028,0.39,262.730032,5.93,700.988912,15.82
Exallodontus aguanai,Actinopteri,LC,0,0,0,NA,0,NA
Hemisorubim platyrhynchos,Actinopteri,LC,0,0,0,NA,0,NA
Hypophthalmus edentatus,Actinopteri,LC,59547.45311413803,5.21,12800.789828,21.5,13244.823332,22.24
Hypophthalmus fimbriatus,Actinopteri,LC,0,0,0,NA,0,NA
Hypophthalmus marginatus,Actinopteri,LC,0,0,0,NA,0,NA
Phractocephalus hemioliopterus,Actinopteri,LC,3282.1801176130575,0.29,443.913728,13.52,887.947232,27.05
Pimelodina flavipinnis,Actinopteri,LC,0,0,0,NA,0,NA
Pimelodus blochii,Actinopteri,LC,28878.803949096855,2.53,10073.059456,34.88,10517.09296,36.42
Pimelodus ornatus,Actinopteri,LC,224672.45262131887,19.64,47240.66950684953,21.03,56958.30701084953,25.35
Pinirampus pirinampu,Actinopteri,LC,130187.13457254978,11.38,33660.547072,25.86,39179.257312,30.09
Platysilurus mucosus,Actinopteri,LC,51932.449897023944,4.54,5026.397852,9.68,5470.431356,10.53
Platystomatichthys sturio,Actinopteri,LC,3851.4737982964666,0.34,382.075488,9.92,508.780112,13.21
Pseudoplatystoma tigrinum,Actinopteri,LC,0,0,0,NA,0,NA
Sorubim elongatus,Actinopteri,LC,62245.69206418467,5.44,5784.871482007812,9.29,6246.7458975078125,10.04
Sorubim lima,Actinopteri,LC,656.9026548930593,0.06,73.079504,11.12,92.215128000000007,14.04
Sorubimichthys planiceps,Actinopteri,LC,8679.646456444534,0.76,765.130304,8.82,1209.163808,13.93
Zungaro zungaro,Actinopteri,LC,0,0,0,NA,0,NA
Batrochoglanis raninus,Actinopteri,LC,46913.16690332026,4.1,2919.25494,6.22,3363.288444,7.17
Batrochoglanis villosus,Actinopteri,LC,104521.4814049178,9.14,23665.578944,22.64,24519.826528,23.46
Microglanis poecilus,Actinopteri,LC,102990.4813190984,9.01,18041.70218,17.52,28908.25985225,28.07
Synbranchus marmoratus,Actinopteri,LC,0,0,0,NA,0,NA
Cichla monoculus,Actinopteri,LC,10250.52693673813,0.9,2619.702976,25.56,3057.0664,29.82
Cichla orinocensis,Actinopteri,LC,1823.055987988426,0.16,66.25077558203125,3.63,884.9280268808594,48.54
Cichla temensis,Actinopteri,LC,1.709500846244261,0,0,0,0,0
Astronotus ocellatus,Actinopteri,LC,203148.18291575683,17.76,67725.177216,33.34,93550.644384,46.05
Chaetobranchus flavescens,Actinopteri,LC,165500.76376962333,14.47,40382.724832,24.4,49054.966976,29.64
Dicrossus filamentosus,Actinopteri,LC,0,0,0,NA,0,NA
Biotodoma cupido,Actinopteri,LC,8274.31197493719,0.72,1934.63872,23.38,2366.107232,28.6
Biotodoma wavrini,Actinopteri,LC,0,0,0,NA,0,NA
Geophagus winemilleri,Actinopteri,LC,993.2605215488016,0.09,0,0,0,0
Apistogramma agassizii,Actinopteri,LC,49875.1372936439,4.36,4001.915684,8.02,4445.949188,8.91
Apistogramma bitaeniata,Actinopteri,LC,15207.579095718422,1.33,220.442036,1.45,652.70194,4.29
Apistogramma cacatuoides,Actinopteri,LC,51984.59626380405,4.55,5217.9135,10.04,5661.947004,10.89
Apistogramma diplotaenia,Actinopteri,LC,0,0,0,NA,0,NA
Apistogramma eunotus,Actinopteri,LC,48179.12418462166,4.21,2879.013984,5.98,3323.047488,6.9
Satanoperca acuticeps,Actinopteri,LC,0,0,0,NA,0,NA
Satanoperca daemon,Actinopteri,LC,1830.691980051108,0.16,63.76547458203125,3.48,918.9136368808594,50.19
Satanoperca jurupari,Actinopteri,LC,42916.6977465927,3.75,11536.73872,26.88,11976.377856,27.91
Acarichthys heckelii,Actinopteri,LC,53.8348373343201,0,1.285505875,2.39,1.285505875,2.39
Crenicichla johanna,Actinopteri,LC,155684.22910529518,13.61,45880.301568,29.47,56892.618208,36.54
Crenicichla lenticulata,Actinopteri,LC,651.9853771080165,0.06,0,0,0,0
Crenicichla lugubris,Actinopteri,LC,0,0,0,NA,0,NA
Crenicichla proteus,Actinopteri,LC,53158.456299057434,4.65,4851.103402266602,9.13,5281.873642266602,9.94
Crenicichla reticulata,Actinopteri,LC,0,0,0,NA,0,NA
Aequidens diadema,Actinopteri,LC,0,0,0,NA,0,NA
Aequidens tetramerus,Actinopteri,LC,10908.47680897496,0.95,2678.262016,24.55,3122.29552,28.62
Cichlasoma amazonarum,Actinopteri,LC,57926.025828188,5.06,5250.446386266602,9.06,5694.479890266602,9.83
Bujurquina syspilus,Actinopteri,LC,98153.16834900888,8.58,18122.413676,18.46,18574.39862,18.92
Acaronia nassa,Actinopteri,LC,0,0,0,NA,0,NA
Laetacara flavilabris,Actinopteri,LC,106477.00764777558,9.31,20558.044674266603,19.31,21010.0296182666,19.73
Laetacara thayeri,Actinopteri,LC,7879.126802079679,0.69,610.93256,7.75,1053.7972,13.37
Heros efasciatus,Actinopteri,LC,98148.44701790831,8.58,17664.419184,18,18116.404128,18.46
Heros severus,Actinopteri,LC,0,0,0,NA,0,NA
Mesonauta insignis,Actinopteri,LC,105311.70029942197,9.21,28572.966912,27.13,29017.000416,27.55
Mesonauta mirificus,Actinopteri,LC,0,0,0,NA,0,NA
Uaru amphiacanthoides,Actinopteri,LC,0,0,0,NA,0,NA
Hoplarchus psittacus,Actinopteri,LC,1000.0986907067954,0.09,0,0,0,0
Hypselecara temporalis,Actinopteri,LC,3902.810564510668,0.34,279.50448,7.16,716.009152,18.35
Pterophyllum scalare,Actinopteri,LC,27920.5331250889,2.44,8167.360645,29.25,8611.394149,30.84
Anablepsoides rubrolineatus,Actinopteri,LC,853.7903354685637,0.07,0,0,0,0
Plagioscion squamosissimus,Actinopteri,LC,617934.7192114909,54.03,109365.53109563648,17.7,180762.3531056301,29.25
Abarema adenophora,Magnoliopsida,LC,810781.2265046514,70.89,142704.33147416133,17.6,226842.29215065003,27.98
Abarema auriculata,Magnoliopsida,LC,344332.9643821968,30.11,87672.9462774961,25.46,123436.6312048711,35.85
Abarema barbouriana,Magnoliopsida,LC,999992.0164966125,87.44,175855.31639509424,17.59,285265.46738861746,28.53
Abarema callejasii,Magnoliopsida,NT,34017.56070051864,2.97,4514.647696167599,13.27,7087.283700775265,20.83
Abarema floribunda,Magnoliopsida,LC,719612.5442487914,62.92,138523.66629834846,19.25,239423.9929951568,33.27
Abarema jupunba,Magnoliopsida,LC,982906.5414641352,85.94,165473.85662503968,16.84,273690.7169456315,27.85
Abarema killipii,Magnoliopsida,VU,119638.1072508191,10.46,25761.126448066283,21.53,38623.31710960144,32.28
Abarema laeta,Magnoliopsida,LC,383172.1538647911,33.5,96399.17803542005,25.16,142762.99994928893,37.26
Abarema lehmannii,Magnoliopsida,LC,58465.365464146,5.11,12991.275742337464,22.22,21332.89172045703,36.49
Abarema leucophylla,Magnoliopsida,LC,198701.2893539151,17.37,34448.10976225,17.34,44251.26086625,22.27
Abarema macradenia,Magnoliopsida,NA,672259.4632799701,58.78,153724.7847909375,22.87,235095.33778208643,34.97
Abatia parviflora,Magnoliopsida,LC,126057.08460426566,11.02,34001.35377170152,26.97,45028.4399144796,35.72
Abelmoschus moschatus,Magnoliopsida,LC,728343.163038125,63.68,123059.17918756884,16.9,211150.8864353056,28.99
Abrus fruticulosus,Magnoliopsida,DD,359702.01854305604,31.45,57361.1083243374,15.95,95639.760074354,26.59
Abrus precatorius,Magnoliopsida,NA,792138.5239793422,69.26,131598.3617462401,16.61,250036.50846443797,31.56
Abrus pulchellus,Magnoliopsida,NA,582840.9723667363,50.96,109370.67713222168,18.77,172390.11010209765,29.58
Abuta chocoensis,Magnoliopsida,NA,31259.52021994061,2.73,2118.64886525,6.78,2300.95002825,7.36
Abuta grandifolia,Magnoliopsida,LC,637847.7888980486,55.77,119604.8587183496,18.75,186053.4465949209,29.17
Abuta grisebachii,Magnoliopsida,LC,183013.51063877408,16,37450.273792,20.46,38635.707392,21.11
Abuta imene,Magnoliopsida,LC,882914.4836442157,77.2,150556.54840194114,17.05,259109.73540031095,29.35
Abuta racemosa,Magnoliopsida,NA,163464.88501326885,14.29,18098.00134344162,11.07,45455.62171896701,27.81
Abuta rufescens,Magnoliopsida,LC,302802.9987126345,26.48,57555.86326318066,19.01,79375.4970682666,26.21
Abuta solimoesensis,Magnoliopsida,NA,330863.0021512724,28.93,89023.68947052896,26.91,133304.99217886,40.29
Abutilon giganteum,Magnoliopsida,LC,128441.03278600272,11.23,8517.79453883545,6.63,37943.317892896,29.54
Abutilon ibarrense,Magnoliopsida,NA,236650.41685966912,20.69,32448.966548403856,13.71,78902.64021743865,33.34
Abutilon mollissimum,Magnoliopsida,NA,21441.915931956173,1.87,2822.379564655578,13.16,3610.767094437378,16.84
Abutilon pubistamineum,Magnoliopsida,NA,256625.23803273204,22.44,43908.435625761354,17.11,103713.26207881673,40.41
Acacia decurrens,Magnoliopsida,NA,203238.35476981263,17.77,41309.63159473126,20.33,67202.75827255737,33.07
Acacia mangium,Magnoliopsida,LC,641252.860956747,56.07,81091.19534946393,12.65,159140.34365763183,24.82
Acacia melanoxylon,Magnoliopsida,NA,119787.8279723895,10.47,30303.29983472863,25.3,43278.418713593936,36.13
Albizia multiflora,Magnoliopsida,NA,347330.33336488483,30.37,65828.44466700207,18.95,137465.81660817427,39.58
Senegalia riparia,Magnoliopsida,LC,527030.7285509275,46.08,109601.34008216512,20.8,208214.88333168693,39.51
Acaena cylindristachya,Magnoliopsida,NA,77163.51662045535,6.75,25846.040658493836,33.5,32883.1409199433,42.61
Acaena elongata,Magnoliopsida,NA,44351.47298457847,3.88,15121.42391409636,34.09,19108.721995097487,43.08
Acaena ovalifolia,Magnoliopsida,NA,55598.66997715497,4.86,16431.21612023422,29.55,21596.574203618617,38.84
Acaena subincisa,Magnoliopsida,NA,0,0,0,NA,0,NA
Acalypha alopecuroides,Magnoliopsida,NA,156180.88310865083,13.66,16513.594416645996,10.57,55755.09134250439,35.7
Acalypha amentacea,Magnoliopsida,NA,689430.3554443503,60.28,154198.47296702032,22.37,234036.818868116,33.95
Acalypha cuneata,Magnoliopsida,LC,595740.7815560933,52.09,117788.45435402777,19.77,180973.8884062494,30.38
Acalypha cuspidata,Magnoliopsida,NA,338635.72054100945,29.61,30457.992624738283,8.99,79280.1703455,23.41
Acalypha diversifolia,Magnoliopsida,LC,1058361.804996472,92.54,189926.31288363863,17.95,313734.54160516016,29.64
Acalypha hispida,Magnoliopsida,NA,347651.7483234453,30.4,60267.01048623968,17.34,106144.99597646522,30.53
Acalypha macrostachya,Magnoliopsida,LC,390767.3829308006,34.17,72691.81345016681,18.6,127942.4195626941,32.74
Acalypha padifolia,Magnoliopsida,LC,58546.06414184443,5.12,8352.991788179213,14.27,15282.698293890273,26.1
Acalypha platyphylla,Magnoliopsida,LC,145487.18247313742,12.72,27601.66580416632,18.97,43086.11137177197,29.62
Acalypha plicata,Magnoliopsida,NA,176525.42640771504,15.43,15106.923573200387,8.56,56781.186929518146,32.17
Acalypha scandens,Magnoliopsida,NA,373178.7331012285,32.63,96974.65762593408,25.99,145468.5944833755,38.98
Acalypha schiedeana,Magnoliopsida,LC,147193.03956680925,12.87,13567.185733851044,9.22,46959.771952568146,31.9
Acalypha setosa,Magnoliopsida,NA,74882.9338777053,6.55,11090.68580828685,14.81,16741.76331879198,22.36
Acalypha stachyura,Magnoliopsida,LC,155873.84660328596,13.63,26106.723075397276,16.75,30317.11759708627,19.45
Acalypha villosa,Magnoliopsida,LC,712356.356043653,62.29,132837.32441092655,18.65,239449.2643133913,33.61
Acanthella pulchra,Magnoliopsida,NA,104123.74535064382,9.1,7930.054282590454,7.62,15989.200210556122,15.36
Acanthella sprucei,Magnoliopsida,LC,432928.0195216717,37.85,75612.56008511817,17.47,128129.9860719336,29.6
Acanthocereus tetragonus,Magnoliopsida,LC,198829.8896885904,17.38,17385.0803355459,8.74,57616.467267398744,28.98
Acanthospermum australe,Magnoliopsida,NA,503281.5631185583,44,70141.7246621429,13.94,148643.89830170703,29.53
Acanthospermum hispidum,Magnoliopsida,NA,103370.958275222,9.04,19510.753146066163,18.87,30882.54536059473,29.88
Acanthosyris glabrata,Magnoliopsida,NA,35460.020018025454,3.1,4387.904254230896,12.37,8619.188108462036,24.31
Acaulimalva purpurea,Magnoliopsida,NA,1121.3285940572289,0.1,717.56906875,63.99,717.56906875,63.99
Achatocarpus nigricans,Magnoliopsida,LC,204121.4022656649,17.85,20709.324808114212,10.15,60034.73312762911,29.41
Achillea millefolium,Magnoliopsida,LC,147574.1920801615,12.9,36758.62987678766,24.91,53880.9878010061,36.51
Achyranthes aspera,Magnoliopsida,NA,628284.4155169775,54.93,103846.54173440972,16.53,201461.4352783239,32.07
Achyrocline alata,Magnoliopsida,NA,63219.17923016778,5.53,18525.56314887103,29.3,24822.36849151623,39.26
Achyrocline bogotensis,Magnoliopsida,NA,48336.81381177048,4.23,13693.694942234377,28.33,17344.56136759619,35.88
Achyrocline crassiceps,Magnoliopsida,NA,25012.856921156257,2.19,8749.848302218994,34.98,9721.554511379883,38.87
Achyrocline lehmannii,Magnoliopsida,NA,26153.62894190838,2.29,8783.158467396728,33.58,9905.865197064451,37.88
Achyrocline mollis,Magnoliopsida,CR,30276.848316199634,2.65,7518.190723939697,24.83,10219.845442605956,33.75
Achyrocline satureioides,Magnoliopsida,NA,147914.3033363573,12.93,38294.92094647949,25.89,54507.398422594175,36.85
Achyrocline vargasiana,Magnoliopsida,NA,206962.80780218993,18.1,45693.94339613507,22.08,76137.00403255885,36.79
Hypochaeris taraxacoides,Magnoliopsida,NA,3372.7824138443957,0.29,903.5346174140624,26.79,1854.5084211171877,54.98
Aciotis acuminifolia,Magnoliopsida,NA,803336.3072626233,70.24,138293.02017458374,17.21,218986.7755653434,27.26
Aciotis annua,Magnoliopsida,NA,391236.4669927386,34.21,48574.63744030632,12.42,68820.29789306971,17.59
Aciotis circaeifolia,Magnoliopsida,NA,462650.2056564511,40.45,104699.53796310912,22.63,180062.87500067774,38.92
Aciotis indecora,Magnoliopsida,NA,914209.2747895546,79.93,171745.7701014013,18.79,270103.44902450143,29.55
Aciotis olivieriana,Magnoliopsida,NA,655327.7864697629,57.3,98934.80832462134,15.1,181183.13244811547,27.65
Aciotis ornata,Magnoliopsida,NA,467823.3486779676,40.9,80796.52354777699,17.27,117964.8044139934,25.22
Aciotis polystachya,Magnoliopsida,NA,790644.2582652032,69.13,146856.2649897822,18.57,223281.62493299876,28.24
Aciotis purpurascens,Magnoliopsida,NA,782270.393502526,68.4,146307.70698180498,18.7,230632.9215178152,29.48
Aciotis rubricaulis,Magnoliopsida,NA,648402.5257447365,56.69,140142.6207436242,21.61,211486.54717531597,32.62
Aciotis viscida,Magnoliopsida,NA,482072.5647734659,42.15,101024.94778503227,20.96,160144.6109056839,33.22
Acisanthera quadrata,Magnoliopsida,NA,878923.8218443078,76.85,150143.65826861883,17.08,262670.11747217056,29.89
Acisanthera uniflora,Magnoliopsida,NA,808738.6391302756,70.71,148552.37370237513,18.37,247802.1423757467,30.64
Acmella alba,Magnoliopsida,NA,722196.0467936575,63.15,133944.55972449642,18.55,246070.74863069804,34.07
Acmella brachyglossa,Magnoliopsida,NA,747785.822718759,65.38,136806.9328423653,18.29,229390.51168222216,30.68
Acmella ciliata,Magnoliopsida,NA,868838.3466613857,75.97,170402.56224638756,19.61,274623.1464813585,31.61
Acmella oleracea,Magnoliopsida,NA,306621.68138259737,26.81,75587.16054499,24.65,113304.45125649536,36.95
Acmella radicans,Magnoliopsida,NA,274474.3930814569,24,43856.870012753774,15.98,93923.887684901,34.22
Acmella repens,Magnoliopsida,NA,135121.7358125259,11.81,33229.98099270688,24.59,45817.58727418411,33.91
Actinostemon amazonicus,Magnoliopsida,LC,98527.16627967694,8.61,8362.644572824218,8.49,14419.69589719922,14.64
Actinostemon concolor,Magnoliopsida,LC,133974.60754653142,11.71,11301.464392743956,8.44,46363.012712661926,34.61
Adelia ricinella,Magnoliopsida,LC,130809.91472059612,11.44,25753.40740517187,19.69,39560.2064784292,30.24
Adelia triloba,Magnoliopsida,LC,897711.737907436,78.49,149538.06498215365,16.66,266835.91216660955,29.72
Adelobotrys adscendens,Magnoliopsida,NA,676808.8614819861,59.18,134682.3642452294,19.9,202142.7249582827,29.87
Adelobotrys antioquiensis,Magnoliopsida,VU,35584.48844660044,3.11,6035.42429170105,16.96,12244.811079883544,34.41
Adelobotrys fuscescens,Magnoliopsida,NA,892864.8902458833,78.07,168487.95482978984,18.87,256164.2141321907,28.69
Adelobotrys intonsa,Magnoliopsida,NA,2586.8001351444464,0.23,0,0,0,0
Adelobotrys klugii,Magnoliopsida,NA,81361.6580820023,7.11,17292.699197856444,21.25,17526.513129098632,21.54
Adelobotrys linearifolia,Magnoliopsida,NA,546973.3690348063,47.83,109102.07030156133,19.95,160019.9741685,29.26
Adelobotrys macrophylla,Magnoliopsida,NA,59946.971650813175,5.24,18025.06320825,30.07,18469.09671225,30.81
Adelobotrys marginata,Magnoliopsida,NA,326526.68722541386,28.55,94397.52102398926,28.91,133625.49155130176,40.92
Adelobotrys scandens,Magnoliopsida,NA,244276.1187097373,21.36,56711.59742187597,23.22,76056.59929444629,31.14
Adelobotrys spruceana,Magnoliopsida,NA,349906.19214642484,30.59,72153.0809222627,20.62,102221.02222339551,29.21
Adelobotrys subsessilis,Magnoliopsida,NA,154228.15831633346,13.49,40379.314176,26.18,53232.37153,34.52
Adelobotrys tessmannii,Magnoliopsida,NA,157824.8540749977,13.8,33001.75917540991,20.91,36698.51445574585,23.25
Adelphia hiraea,Magnoliopsida,NA,168197.32328339314,14.71,16031.601467171631,9.53,38452.92123117432,22.86
Adenaria floribunda,Magnoliopsida,LC,660172.8873548555,57.72,116170.52020561212,17.6,203027.8050354822,30.75
Adenocalymma apurense,Magnoliopsida,NA,804386.8657259635,70.33,136422.01013444384,16.96,231962.69209879785,28.84
Adenocalymma arthropetiolatum,Magnoliopsida,NA,3914.929775398864,0.34,803.739676,20.53,1402.601372,35.83
Adenocalymma aspericarpum,Magnoliopsida,NA,249920.70989006065,21.85,48438.16873338962,19.38,107372.90971345364,42.96
Adenocalymma bracteosum,Magnoliopsida,LC,761911.7733430165,66.62,139189.2661081565,18.27,237253.1916342608,31.14
Adenocalymma cladotrichum,Magnoliopsida,LC,607223.4345555672,53.09,117502.43540576792,19.35,184244.1597975479,30.34
Adenocalymma croatii,Magnoliopsida,NA,58910.100784171074,5.15,3992.47136346875,6.78,5790.720080921875,9.83
Adenocalymma flaviflorum,Magnoliopsida,NA,557559.0274373068,48.75,106799.83468794238,19.15,163854.0762266836,29.39
Adenocalymma impressum,Magnoliopsida,NA,637565.0831735333,55.75,117733.5129532461,18.47,182098.66754538575,28.56
Adenocalymma inundatum,Magnoliopsida,NA,312237.37451733183,27.3,62052.00203061496,19.87,115131.99675722393,36.87
Adenocalymma magdalenense,Magnoliopsida,NA,34360.291392479456,3,2238.1879722265626,6.51,15461.758274388672,45
Adenocalymma patulum,Magnoliopsida,NA,338336.4427460114,29.58,50163.09005004892,14.83,117021.66739488005,34.59
Adenocalymma pseudopatulum,Magnoliopsida,NA,407371.0029688733,35.62,97092.14346637134,23.83,156537.9181682251,38.43
Adenocalymma schomburgkii,Magnoliopsida,NA,231777.63577879252,20.27,49780.646338125,21.48,62263.012897625,26.86
Adenocalymma tanaeciicarpum,Magnoliopsida,NA,180456.20740259436,15.78,12960.273393019532,7.18,19420.86228071484,10.76
Adenocalymma validum,Magnoliopsida,NA,31055.089859813692,2.72,3700.4651502529296,11.92,4866.086637097656,15.67
Adenolisianthus arboreus,Magnoliopsida,NA,513420.6020409401,44.89,96336.68688949708,18.76,155543.46320233203,30.3
Adenophaedra grandifolia,Magnoliopsida,LC,945958.6648446711,82.71,177180.87940785993,18.73,270188.3331661158,28.56
Adenostemma fosbergii,Magnoliopsida,NA,355858.5493911372,31.11,60501.347984908265,17,83557.16974584936,23.48
Adenostemma lavenia,Magnoliopsida,NA,169683.46974944777,14.84,23632.37929467047,13.93,35901.42925132666,21.16
Adenostemma platyphyllum,Magnoliopsida,NA,712942.9623648489,62.34,147391.43289937414,20.67,217757.03692413683,30.54
Adiscanthus fusciflorus,Magnoliopsida,LC,137013.3369887524,11.98,31171.241472,22.75,35229.010912,25.71
Aegiphila alba,Magnoliopsida,LC,165792.19261882865,14.5,34078.54152040502,20.55,49204.93960405385,29.68
Aegiphila anomala,Magnoliopsida,LC,0,0,0,NA,0,NA
Aegiphila bogotensis,Magnoliopsida,LC,91922.69671049164,8.04,28331.79249869464,30.82,38200.92640354663,41.56
Aegiphila bracteolosa,Magnoliopsida,NA,492046.4340617647,43.02,84996.68802049915,17.27,129489.99084218616,26.32
Aegiphila cordata,Magnoliopsida,LC,490288.31198725215,42.87,91271.13906997332,18.62,137826.70346682708,28.11
Aegiphila costaricensis,Magnoliopsida,LC,607035.8200402944,53.08,125236.56153371454,20.63,190900.74282782112,31.45
Aegiphila cuatrecasasii,Magnoliopsida,LC,210771.76440491696,18.43,45201.63370952118,21.45,68508.9626900409,32.5
Aegiphila elata,Magnoliopsida,LC,756214.3232757023,66.12,146933.5720240599,19.43,230076.36010448565,30.42
Aegiphila elegans,Magnoliopsida,LC,19411.58878461032,1.7,765.414262696289,3.94,1526.1569509384765,7.86
Aegiphila farinosa,Magnoliopsida,NA,85115.20201899623,7.44,21155.42383825222,24.86,31610.326014888666,37.14
Aegiphila fendleri,Magnoliopsida,NA,461165.9442464339,40.32,117129.52429411469,25.4,202360.2777495255,43.88
Aegiphila ferruginea,Magnoliopsida,LC,5641.458683548137,0.49,289.40909496972654,5.13,1923.6458309697264,34.1
Aegiphila filipes,Magnoliopsida,LC,778211.7809752736,68.04,160810.654805213,20.66,250316.64699278973,32.17
Aegiphila glabrata,Magnoliopsida,LC,570620.7394714536,49.89,136887.9475806489,23.99,202551.28348333057,35.5
Aegiphila grandis,Magnoliopsida,LC,209071.74239765233,18.28,40125.87689441693,19.19,69681.20923312011,33.33
Aegiphila haughtii,Magnoliopsida,NA,351977.8673393393,30.78,64515.23956406381,18.33,117564.76616891794,33.4
Aegiphila hirsutissima,Magnoliopsida,LC,718519.003671616,62.82,150582.6217809699,20.96,234215.39285272817,32.6
Aegiphila hoehnei,Magnoliopsida,LC,355190.01584261924,31.06,47077.31291925477,13.25,73926.74273278957,20.81
Aegiphila integrifolia,Magnoliopsida,LC,951294.268548864,83.18,160803.0532092781,16.9,261783.23040860752,27.52
Aegiphila laeta,Magnoliopsida,LC,443237.4516629929,38.75,74565.21322081,16.82,143769.09603699011,32.44
Aegiphila laevis,Magnoliopsida,NA,559873.2574688707,48.95,123915.75885206352,22.13,196342.68297543455,35.07
Aegiphila lehmannii,Magnoliopsida,LC,178146.58865521793,15.58,29834.468433011534,16.75,40572.04382638232,22.77
Aegiphila martinicensis,Magnoliopsida,LC,619705.051400397,54.18,115042.278636219,18.56,195195.61746519507,31.5
Aegiphila membranacea,Magnoliopsida,LC,804054.7951154961,70.3,143935.62494796966,17.9,242347.05475238795,30.14
Aegiphila moldenkeana,Magnoliopsida,LC,75852.25225846552,6.63,21640.62651894012,28.53,33034.61060840077,43.55
Aegiphila mollis,Magnoliopsida,LC,803273.6304909905,70.24,132374.34523063595,16.48,245965.12082978888,30.62
Aegiphila monticola,Magnoliopsida,NT,9897.53923859655,0.87,3672.379747824707,37.1,4785.734353001465,48.35
Aegiphila narinensis,Magnoliopsida,NA,28393.71353295243,2.48,4933.518343837891,17.38,8876.859532521972,31.26
Aegiphila novogranatensis,Magnoliopsida,LC,237965.99172412697,20.81,48510.33589322687,20.39,73499.40784227173,30.89
Aegiphila odontophylla,Magnoliopsida,LC,68150.2967562347,5.96,15816.056682314453,23.21,22676.32514056787,33.27
Aegiphila panamensis,Magnoliopsida,LC,1044325.8016398232,91.31,187912.7386771199,17.99,308014.1197417717,29.49
Aegiphila pennellii,Magnoliopsida,VU,5712.357586466707,0.5,1803.4404441740685,31.57,2767.682020708736,48.45
Aegiphila peruviana,Magnoliopsida,LC,360311.2135021459,31.5,91818.44256355223,25.48,132108.6059832788,36.67
Aegiphila quinduensis,Magnoliopsida,LC,233064.24570526063,20.38,45778.14054993385,19.64,78812.01432105714,33.82
Aegiphila racemosa,Magnoliopsida,NA,360432.8100648549,31.51,100704.95661729397,27.94,138892.76427042676,38.53
Aegiphila smithii,Magnoliopsida,LC,506173.2091792943,44.26,119206.43738157496,23.55,174220.4957125879,34.42
Aegiphila sufflava,Magnoliopsida,LC,120699.11745333008,10.55,22494.33127644617,18.64,22989.292784758665,19.05
Aegiphila ternifolia,Magnoliopsida,LC,11197.094807004283,0.98,1451.0467536569824,12.96,3511.948272012207,31.36
Aegiphila truncata,Magnoliopsida,LC,166290.046858584,14.54,25115.133665325684,15.1,45056.72474054016,27.1
Aegiphila ulei,Magnoliopsida,LC,175045.83466548912,15.31,40980.082072492645,23.41,77225.00598175568,44.12
Aegiphila vallensis,Magnoliopsida,NT,256848.80055006407,22.46,43878.971404242984,17.08,69623.64792922925,27.11
Aequatorium jamesonii,Magnoliopsida,LC,92535.72918752868,8.09,19082.69450765441,20.62,27708.013048602348,29.94
Aequatorium sinuatifolium,Magnoliopsida,NA,13862.98121462069,1.21,5174.209582469971,37.32,5696.067424695251,41.09
Aequatorium verrucosum,Magnoliopsida,LC,27644.12099450908,2.42,9285.66366440326,33.59,11992.5972402323,43.38
Aeschynomene americana,Magnoliopsida,NA,942204.4021804632,82.38,155510.7981898411,16.5,284974.6858589946,30.25
Aeschynomene ciliata,Magnoliopsida,LC,862061.6018538929,75.38,146329.55827839833,16.97,242602.0533071688,28.14
Aeschynomene evenia,Magnoliopsida,NA,268543.3592544624,23.48,22262.635876140623,8.29,45717.3255220625,17.02
Aeschynomene filosa,Magnoliopsida,LC,36922.23030875997,3.23,3643.6219932246095,9.87,8790.879664,23.81
Aeschynomene fluminensis,Magnoliopsida,NA,122272.01942228648,10.69,11201.300385908204,9.16,19286.71586822412,15.77
Aeschynomene paniculata,Magnoliopsida,NA,568420.2994619024,49.7,88691.93586521056,15.6,161408.40258973662,28.4
Aeschynomene pratensis,Magnoliopsida,NA,402421.0958844971,35.19,73273.8440384624,18.21,129875.9071180254,32.27
Aeschynomene rudis,Magnoliopsida,NA,934481.78473555,81.71,158813.47719102466,16.99,279821.1981182726,29.94
Aeschynomene sensitiva,Magnoliopsida,NA,1025875.1138107192,89.7,175785.26643891458,17.14,297560.0328232633,29.01
Aeschynomene villosa,Magnoliopsida,NA,395888.6836537845,34.61,75826.48387185163,19.15,114077.24834146192,28.82
Aetanthus colombianus,Magnoliopsida,NA,53925.529047187,4.72,19179.400876734253,35.57,21689.63480096019,40.22
Aetanthus mutisii,Magnoliopsida,NA,19125.851408600724,1.67,7666.2073134814445,40.08,8210.871420437988,42.93
Aetanthus nodosus,Magnoliopsida,NA,157454.68831138272,13.77,37705.88587389318,23.95,57160.56154121783,36.3
Aetanthus ovalis,Magnoliopsida,NA,19544.870463577412,1.71,4923.313805538574,25.19,6273.058222994141,32.1
Aetheolaena involucrata,Magnoliopsida,LC,7124.335076983063,0.62,3181.731147660156,44.66,3903.2285347871098,54.79
Aetheolaena otophora,Magnoliopsida,NA,40383.00941349941,3.53,15169.719580448089,37.56,19042.54758126132,47.15
Aetheolaena patens,Magnoliopsida,NA,17479.78202691884,1.53,5409.7988140888065,30.95,7129.440491810181,40.79
Agarista albiflora,Magnoliopsida,NA,61290.28765711936,5.36,14902.431586139348,24.31,21490.536047956837,35.06
Agarista duckei,Magnoliopsida,VU,144319.2541605411,12.62,4203.1568904882815,2.91,10660.151380861327,7.39
Ageratina ampla,Magnoliopsida,LC,47926.87782065114,4.19,16753.447343179687,34.96,18948.337265514405,39.54
Ageratina arbutifolia,Magnoliopsida,NA,43145.78292011186,3.77,11600.067493817563,26.89,14059.646982493943,32.59
Ageratina asclepiadea,Magnoliopsida,LC,20980.117729345424,1.83,5290.482577634216,25.22,6046.475814060852,28.82
Ageratina baccharoides,Magnoliopsida,NA,77017.93374271132,6.73,20586.677266524875,26.73,27436.864466615756,35.62
Ageratina boyacensis,Magnoliopsida,NA,27682.3766268529,2.42,6723.01402901001,24.29,8200.030697884278,29.62
Ageratina elegans,Magnoliopsida,NA,25473.36636235929,2.23,7311.016406751862,28.7,8784.058263018276,34.48
Ageratina fastigiata,Magnoliopsida,NA,39435.17629558396,3.45,9729.904237131836,24.67,13882.930347716308,35.2
Ageratina glyptophlebia,Magnoliopsida,NA,43265.80096191819,3.78,15182.10036448996,35.09,17429.502873261805,40.28
Ageratina gracilis,Magnoliopsida,LC,47940.87817121357,4.19,13398.517420529784,27.95,17266.388466120115,36.02
Ageratina gynoxoides,Magnoliopsida,NA,6318.909132956262,0.55,3324.691509501709,52.61,3660.444672765381,57.93
Ageratina ibaguensis,Magnoliopsida,NA,103905.8245396458,9.09,28777.965906250723,27.7,40015.79561658192,38.51
Ageratina latipes,Magnoliopsida,NT,31488.12806892582,2.75,9486.981504486816,30.13,10808.545210975342,34.33
Ageratina pichinchensis,Magnoliopsida,NA,87513.16890592007,7.65,25611.080366914,29.27,33766.86307187526,38.58
Ageratina popayanensis,Magnoliopsida,LC,78889.88459818746,6.9,18054.69186363623,22.89,27389.941767515626,34.72
Ageratina pseudochilca,Magnoliopsida,NA,3275.885345309459,0.29,108.88985275,3.32,922.92978875,28.17
Ageratina psilodora,Magnoliopsida,NA,14925.966382055713,1.31,3999.0429439695263,26.79,4550.5132641311475,30.49
Ageratina tinifolia,Magnoliopsida,NA,56239.0340294858,4.92,19341.869845604186,34.39,24377.60358213428,43.35
Ageratum conyzoides,Magnoliopsida,NA,278081.40223814367,24.31,49238.85743943097,17.71,80006.28520097047,28.77
Ageratum houstonianum,Magnoliopsida,NA,320435.5925877959,28.02,60912.924262044005,19.01,98314.24342417408,30.68
Ageratum microcarpum,Magnoliopsida,NA,0,0,0,NA,0,NA
Agonandra brasiliensis,Magnoliopsida,LC,529564.0287603606,46.3,77508.71373034202,14.64,159936.48465058085,30.2
Agonandra peruviana,Magnoliopsida,LC,140583.64892501693,12.29,25091.27725173413,17.85,26838.18550717163,19.09
Agonandra silvatica,Magnoliopsida,LC,271166.05050411995,23.71,63992.41735254492,23.6,91220.7800735608,33.64
Agouticarpa curviflora,Magnoliopsida,LC,364272.9633158358,31.85,101896.80008758898,27.97,147554.66501208337,40.51
Agouticarpa isernii,Magnoliopsida,LC,372484.9615543492,32.57,87144.29728044696,23.4,135979.36981439637,36.51
Agouticarpa williamsii,Magnoliopsida,LC,268631.3036118917,23.49,51725.560046607236,19.26,80440.58596731421,29.94
Aiouea dubia,Magnoliopsida,LC,179414.36789070378,15.69,41665.2331812251,23.22,62279.08871296509,34.71
Aiouea grandifolia,Magnoliopsida,LC,418587.3630533348,36.6,95091.43066169824,22.72,145088.35594792775,34.66
Aiouea guianensis,Magnoliopsida,LC,606744.6580423539,53.05,130850.92795845862,21.57,206521.65307893688,34.04
Aiouea maguireana,Magnoliopsida,LC,51132.71038599103,4.47,765.39245025,1.5,3253.98918625,6.36
Albizia carbonaria,Magnoliopsida,LC,494587.8961360784,43.24,77826.6267239494,15.74,133783.21494457067,27.05
Albizia niopoides,Magnoliopsida,NA,286309.8427003189,25.03,38023.9912180202,13.28,99106.62443467932,34.62
Albizia pistaciifolia,Magnoliopsida,LR/lc,234473.45681614385,20.5,18870.26159751953,8.05,60332.71941194922,25.73
Albizia subdimidiata,Magnoliopsida,LC,483862.09045792784,42.31,81205.32571989697,16.78,152176.0012512212,31.45
Alchornea acutifolia,Magnoliopsida,LC,212527.9564972711,18.58,41165.15013857713,19.37,69167.26824426439,32.55
Alchornea bogotensis,Magnoliopsida,LC,162758.8191616504,14.23,40338.4239628385,24.78,56902.54208348052,34.96
Alchornea castaneifolia,Magnoliopsida,LC,588549.5544567513,51.46,101885.3150980625,17.31,169421.62018725,28.79
Alchornea coelophylla,Magnoliopsida,NA,194472.7074166296,17,37450.333275486635,19.26,60858.19463436499,31.29
Alchornea costaricensis,Magnoliopsida,LC,200380.1460409176,17.52,33336.88951826294,16.64,58684.56985330374,29.29
Alchornea discolor,Magnoliopsida,LC,648326.9416167845,56.69,113352.75071984342,17.48,185052.83984997135,28.54
Alchornea fluviatilis,Magnoliopsida,LC,620088.3949894882,54.22,119829.46218582422,19.32,187234.5590570166,30.19
Alchornea glandulosa,Magnoliopsida,LC,533274.5804642629,46.63,101147.6973655545,18.97,161611.99837463305,30.31
Alchornea grandiflora,Magnoliopsida,LC,213613.48176737,18.68,41170.53773956769,19.27,67621.00196192761,31.66
Alchornea grandis,Magnoliopsida,LC,355424.5129359385,31.08,62364.59163425079,17.55,104215.24497675122,29.32
Alchornea latifolia,Magnoliopsida,LC,739332.391339459,64.64,146501.8572880216,19.82,219090.4485804828,29.63
Alchornea megalophylla,Magnoliopsida,LC,83856.5069652264,7.33,16358.781349386474,19.51,25159.369162214112,30
Alchornea triplinervia,Magnoliopsida,LC,775011.3282076761,67.76,169750.22873397142,21.9,253436.65790249317,32.7
Alchorneopsis floribunda,Magnoliopsida,LC,878442.1368142781,76.81,161304.9969057467,18.36,256915.17628829335,29.25
Aldina latifolia,Magnoliopsida,LC,357399.54505702155,31.25,68827.07290726562,19.26,92717.96400726562,25.94
Alfaroa williamsii,Magnoliopsida,LC,107381.98406734227,9.39,18540.314526247123,17.27,31006.21796398852,28.87
Alibertia bertierifolia,Magnoliopsida,LC,532679.3012424873,46.58,107368.03994133476,20.16,163557.55027995314,30.7
Alibertia edulis,Magnoliopsida,LC,856694.6592713256,74.91,150301.11795210253,17.54,266438.19730936835,31.1
Alibertia latifolia,Magnoliopsida,LC,761783.2959423813,66.61,146498.48220865737,19.23,230110.91295909896,30.21
Alibertia patinoi,Magnoliopsida,LC,607875.6703286237,53.15,116205.17605841406,19.12,174298.65650433424,28.67
Alicia macrodisca,Magnoliopsida,NA,475796.73367489816,41.6,100891.01866878002,21.2,158936.2478674353,33.4
Allamanda cathartica,Magnoliopsida,NA,844062.940626969,73.8,140166.88399151116,16.61,218042.09826594757,25.83
Allantoma lineata,Magnoliopsida,NA,130153.84364535786,11.38,10672.766536015624,8.2,14835.029377015626,11.4
Allionia incarnata,Magnoliopsida,NA,3744.321842953299,0.33,255.602910375,6.83,1403.429982375,37.48
Alloispermum caracasanum,Magnoliopsida,NA,97238.0673603614,8.5,26634.158678795822,27.39,36819.340343342265,37.87
Alloispermum pachensis,Magnoliopsida,NA,177666.58665057985,15.53,39253.692018868955,22.09,59990.35397833667,33.77
Alloispermum steyermarkii,Magnoliopsida,NA,24877.665582797923,2.18,6262.313678653084,25.17,8100.865346966439,32.56
Allomaieta hirsuta,Magnoliopsida,VU,23948.939150797127,2.09,5018.10149037915,20.95,8141.286730937256,33.99
Allomaieta pancurana,Magnoliopsida,LC,7011.579085067344,0.61,1151.463385010254,16.42,2814.849254814453,40.15
Allomaieta strigosa,Magnoliopsida,NT,37736.53762286223,3.3,5044.854204681183,13.37,9295.91675759134,24.63
Allomaieta villosa,Magnoliopsida,NT,57178.39662938226,5,10675.398643594905,18.67,16247.350479072624,28.42
Allomaieta zenufanasana,Magnoliopsida,NA,14838.891484396085,1.3,3399.853093943848,22.91,6266.866564010987,42.23
Allomarkgrafia foreroi,Magnoliopsida,NA,237550.9084608112,20.77,45591.82685946777,19.19,68423.67231733496,28.8
Allomarkgrafia plumeriiflora,Magnoliopsida,NA,183087.0195254402,16.01,22952.42307884961,12.54,49039.327337410155,26.78
Allophylus amazonicus,Magnoliopsida,LC,968325.622104459,84.67,169357.83421748548,17.49,290757.7330512591,30.03
Allophylus angustatus,Magnoliopsida,LC,300120.3235908197,26.24,52410.172547801725,17.46,84479.86928023264,28.15
Allophylus divaricatus,Magnoliopsida,LC,94269.97917131924,8.24,8092.989343481446,8.58,9160.767755512696,9.72
Allophylus excelsus,Magnoliopsida,LC,401271.0815437584,35.09,68844.17474751233,17.16,113470.75554018738,28.28
Allophylus floribundus,Magnoliopsida,LC,304739.71947107493,26.65,40634.90640035431,13.33,72909.25895419238,23.93
Allophylus glabratus,Magnoliopsida,LC,99264.45734438518,8.68,13316.331994992828,13.42,14303.807319250642,14.41
Allophylus goudotii,Magnoliopsida,NT,44826.02888289517,3.92,14273.14436188049,31.84,15678.718417046626,34.98
Allophylus incanus,Magnoliopsida,LC,458466.4934280929,40.09,84950.32218454944,18.53,121518.88618563686,26.51
Allophylus loretensis,Magnoliopsida,LC,275548.8703113536,24.09,81127.69205349512,29.44,116099.31058065136,42.13
Allophylus myrianthus,Magnoliopsida,LC,356611.4278424413,31.18,64513.86921835724,18.09,115439.97004375464,32.37
Allophylus nitidulus,Magnoliopsida,NA,362309.70549847104,31.68,50887.8570602677,14.05,107971.8762806421,29.8
Allophylus paniculatus,Magnoliopsida,LC,503259.8328237926,44,128006.16331314787,25.44,193072.5024688117,38.36
Allophylus pilosus,Magnoliopsida,LC,216683.01244951537,18.95,47069.32786164954,21.72,73607.61211273547,33.97
Allophylus psilospermus,Magnoliopsida,LC,593499.1098605968,51.89,89909.65655907991,15.15,157145.68216158322,26.48
Allophylus racemosus,Magnoliopsida,LC,147410.81692990253,12.89,21061.13454527071,14.29,50658.03430285368,34.37
Allophylus stenodictyus,Magnoliopsida,LC,1977.7901871105823,0.17,311.82690733081057,15.77,345.74274833081057,17.48
Alloplectus hispidus,Magnoliopsida,NA,252311.79100527873,22.06,49535.91717504498,19.63,69791.149733115235,27.66
Alloplectus weirii,Magnoliopsida,NA,169520.15742766537,14.82,29742.821580153923,17.55,51080.122629200734,30.13
Allosidastrum pyramidatum,Magnoliopsida,NA,36513.22724117883,3.19,4878.893592810547,13.36,16070.737682263672,44.01
Alnus acuminata,Magnoliopsida,LC,127939.35275217448,11.19,33387.74701670971,26.1,47072.39065085998,36.79
Alonsoa meridionalis,Magnoliopsida,NA,91657.92546207142,8.01,24674.116386273177,26.92,33974.27323001512,37.07
Alonsoa serrata,Magnoliopsida,NA,30784.50253271828,2.69,12414.931274305964,40.33,14535.340826996337,47.22
Aloysia scorodonioides,Magnoliopsida,NA,8754.129318953434,0.77,355.9944554619141,4.07,3116.808023461914,35.6
Alseis blackiana,Magnoliopsida,LC,194477.99383759545,17,22109.06169016858,11.37,62472.665830444974,32.12
Alseis labatioides,Magnoliopsida,DD,266776.0540286344,23.33,60757.28206311044,22.77,122424.98096808315,45.89
Alseis microcarpa,Magnoliopsida,LC,916700.4701130006,80.15,165763.55016625815,18.08,283182.1143200154,30.89
Alseis mutisii,Magnoliopsida,EN,158254.21510048647,13.84,14167.893681913089,8.95,52480.64438810449,33.16
Alternanthera albotomentosa,Magnoliopsida,NA,482208.91062564705,42.16,84474.4032886499,17.52,170045.40447823267,35.26
Alternanthera brasiliana,Magnoliopsida,NA,699205.5698789755,61.14,134344.11480671243,19.21,253311.11482353663,36.23
Alternanthera caracasana,Magnoliopsida,NA,111515.89855275307,9.75,27330.048692663633,24.51,40341.42857384143,36.18
Alternanthera flavescens,Magnoliopsida,NA,261451.151294688,22.86,42386.74618167929,16.21,85807.34335107071,32.82
Alternanthera lanceolata,Magnoliopsida,NA,355984.4266237248,31.13,63526.49052284192,17.85,104581.0098961449,29.38
Alternanthera paronychioides,Magnoliopsida,NA,680148.3517513473,59.47,104758.55043008958,15.4,200608.55756614648,29.49
Alternanthera porrigens,Magnoliopsida,NA,144908.70598363155,12.67,32768.53705654363,22.61,48384.72580361004,33.39
Alternanthera pubiflora,Magnoliopsida,NA,313986.5337306401,27.45,59770.698677031665,19.04,114301.9800125246,36.4
Alternanthera pungens,Magnoliopsida,NA,115638.99285693832,10.11,16763.276495144826,14.5,31501.84898183349,27.24
Alternanthera sessilis,Magnoliopsida,LC,612666.7636300506,53.57,104716.2925993577,17.09,176349.5206380897,28.78
Alternanthera truxillensis,Magnoliopsida,NA,21006.978486843094,1.84,1529.31848084375,7.28,3131.1404512109375,14.91
Alysicarpus vaginalis,Magnoliopsida,NA,640575.3297299015,56.01,104808.39774593271,16.36,207458.4139262606,32.39
Alzatea verticillata,Magnoliopsida,LC,183172.95197859936,16.02,38822.06075190167,21.19,60434.530354997805,32.99
Amaioua guianensis,Magnoliopsida,LC,703650.225574206,61.52,110151.87516098777,15.65,205131.11836015212,29.15
Amaioua magnicarpa,Magnoliopsida,LC,30430.743473168295,2.66,4154.456849464844,13.65,6270.052189902343,20.6
Amanoa almerindae,Magnoliopsida,LC,136784.84466232243,11.96,10852.643839939454,7.93,14838.207999947266,10.85
Amanoa cupatensis,Magnoliopsida,NA,143123.14476439176,12.51,56841.6063588125,39.72,90908.5207508125,63.52
Amanoa guianensis,Magnoliopsida,LC,866170.7589697185,75.73,141347.06802116075,16.32,244405.25915043947,28.22
Amanoa nanayensis,Magnoliopsida,NA,72800.67048618576,6.37,15130.527207,20.78,15324.608039,21.05
Amanoa oblongifolia,Magnoliopsida,LC,227656.54304733692,19.91,46504.688296875,20.43,66832.750033625,29.36
Amaranthus crassipes,Magnoliopsida,NA,11056.216268843751,0.97,484.30492425,4.38,484.30492425,4.38
Amaranthus dubius,Magnoliopsida,NA,289184.2532038663,25.29,28976.707911404756,10.02,81786.97903443607,28.28
Amaranthus hybridus,Magnoliopsida,NA,397535.1922520302,34.76,66691.94098424717,16.78,135272.0413246041,34.03
Amaranthus spinosus,Magnoliopsida,NA,568979.7226033438,49.75,102047.79742124978,17.94,199218.673066506,35.01
Amaranthus viridis,Magnoliopsida,NA,810286.0529712305,70.85,165008.75501964684,20.36,252534.19662483167,31.17
Amasonia campestris,Magnoliopsida,NA,531085.6026875727,46.44,86510.61148409198,16.29,150314.8616041515,28.3
Ambelania occidentalis,Magnoliopsida,LC,276470.9038284624,24.17,71613.06865141763,25.9,101972.97716930044,36.88
Ambrosia arborescens,Magnoliopsida,NA,25251.593069525086,2.21,5713.698785631714,22.63,8942.517030606994,35.41
Ambrosia artemisiifolia,Magnoliopsida,NA,408656.34201480506,35.73,68686.56417584234,16.81,141157.43613989308,34.54
Ambrosia cumanensis,Magnoliopsida,NA,407161.02119807183,35.6,69373.06987234825,17.04,124499.15384593784,30.58
Ammannia auriculata,Magnoliopsida,LC,707.5779194522805,0.06,8.9033764375,1.26,603.549824203125,85.3
Ampelocera albertiae,Magnoliopsida,EN,38846.31829589192,3.4,6586.848211051148,16.96,13498.2240876239,34.75
Ampelocera edentula,Magnoliopsida,LC,810393.5927562414,70.86,140028.60318473206,17.28,223407.62489168145,27.57
Ampelocera longissima,Magnoliopsida,NT,543690.096207311,47.54,84519.98885222794,15.55,148027.96669666513,27.23
Ampelocera macphersonii,Magnoliopsida,LC,167509.95438619115,14.65,13113.163604224528,7.83,52349.35292371994,31.25
Ampelocera macrocarpa,Magnoliopsida,LC,259762.12829460597,22.71,26543.41656977112,10.22,69357.27073668827,26.7
Ampelozizyphus amazonicus,Magnoliopsida,LC,408764.2305513509,35.74,87752.36977310058,21.47,125637.97259230955,30.74
Amphidasya ambigua,Magnoliopsida,NA,237969.48283877617,20.81,39368.02004463507,16.54,61025.43113343164,25.64
Amphidasya colombiana,Magnoliopsida,NA,371795.3876921725,32.51,72289.71907423559,19.44,101465.94800998828,27.29
Amphidasya intermedia,Magnoliopsida,NA,207427.1136119289,18.14,23795.586117320436,11.47,46608.010966956,22.47
Amphidasya longicalycina,Magnoliopsida,NA,52327.19708084601,4.58,10308.523218235352,19.7,12836.389665928711,24.53
Amphilophium arenarium,Magnoliopsida,NA,532556.0592200742,46.56,106792.543961375,20.05,155053.08254646874,29.11
Amphilophium aschersonii,Magnoliopsida,NA,337342.46790131065,29.5,79543.0502705791,23.58,122849.43248038011,36.42
Amphilophium chocoense,Magnoliopsida,NA,90006.0316681961,7.87,12001.201691310058,13.33,14382.62398662378,15.98
Amphilophium crucigerum,Magnoliopsida,NA,1092360.0320386342,95.51,191577.64484744935,17.54,324499.6357898628,29.71
Amphilophium granulosum,Magnoliopsida,NA,784286.9296955128,68.58,141992.883414086,18.1,231697.67282674057,29.54
Amphilophium magnoliifolium,Magnoliopsida,NA,832865.5262868386,72.82,142371.64755558534,17.09,234664.97579259783,28.18
Amphilophium monophyllum,Magnoliopsida,NA,115423.22856171044,10.09,12224.577238515623,10.59,18165.714962515623,15.74
Amphilophium occidentale,Magnoliopsida,NA,397488.0757963818,34.75,99826.27913930568,25.11,150559.50645927052,37.88
Amphilophium paniculatum,Magnoliopsida,NA,851955.2287360282,74.49,148868.19910682668,17.47,274595.3313403379,32.23
Amphilophium pannosum,Magnoliopsida,NA,740855.1122728505,64.78,123243.58963958402,16.64,219357.46252827393,29.61
Amphilophium pulverulentum,Magnoliopsida,NA,348280.21696602117,30.45,90414.57177462988,25.96,129096.0309317627,37.07
Amphilophium racemosum,Magnoliopsida,NA,524009.0078273088,45.82,109266.20217928778,20.85,165265.99347412298,31.54
Amphilophium rodriguesii,Magnoliopsida,NA,50148.49651733269,4.38,9403.776888529295,18.75,18782.18856936914,37.45
Amphirrhox longifolia,Magnoliopsida,LC,744400.6407901244,65.09,130772.50917184644,17.57,217099.8039532537,29.16
Amphitecna isthmica,Magnoliopsida,NT,0,0,0,NA,0,NA
Amphitecna latifolia,Magnoliopsida,LC,99059.14341102653,8.66,11759.101131881223,11.87,21339.62960216638,21.54
Amyris balsamifera,Magnoliopsida,LC,151715.44468807,13.27,14010.292340578611,9.23,50070.96684137842,33
Amyris ignea,Magnoliopsida,LC,388868.50787718466,34,56415.837469049744,14.51,123968.2268432296,31.88
Amyris macrocarpa,Magnoliopsida,LC,433089.5550204792,37.87,109581.56311949129,25.3,171664.42106604046,39.64
Amyris pinnata,Magnoliopsida,LC,99373.99929712388,8.69,13884.322350919372,13.97,26505.73683126404,26.67
Anacardium excelsum,Magnoliopsida,LC,375540.3582443506,32.84,51972.92374472342,13.84,114575.55177330716,30.51
Anacardium giganteum,Magnoliopsida,LC,840846.3085508351,73.52,159384.29005626251,18.96,264770.99748705607,31.49
Anacardium occidentale,Magnoliopsida,LC,996126.2940835366,87.1,159849.94926256046,16.05,279877.1671520454,28.1
Anacardium parvifolium,Magnoliopsida,NA,349900.93183325283,30.59,99320.95759850294,28.39,138472.39149363575,39.57
Anacardium spruceanum,Magnoliopsida,NA,286258.9967407474,25.03,33636.34615928125,11.75,54133.09258692188,18.91
Anadenanthera peregrina,Magnoliopsida,LC,602228.7106070175,52.66,99859.05285675295,16.58,195407.31877527433,32.45
Anaxagorea allenii,Magnoliopsida,LC,25665.237598565735,2.24,2355.8491325,9.18,3712.77927646875,14.47
Anaxagorea brachycarpa,Magnoliopsida,LC,317639.5043307268,27.77,70564.95579047754,22.22,98348.12797143652,30.96
Anaxagorea brevipes,Magnoliopsida,LC,692399.501566075,60.54,131438.79954996728,18.98,202481.3861404544,29.24
Anaxagorea crassipetala,Magnoliopsida,LC,633694.6342329427,55.41,136728.94688732203,21.58,228526.32073644787,36.06
Anaxagorea dolichocarpa,Magnoliopsida,LC,591913.7724422985,51.75,116093.9846712268,19.61,176078.1226193152,29.75
Anaxagorea floribunda,Magnoliopsida,VU,95284.80816758964,8.33,28152.125084,29.55,28645.15228,30.06
Anaxagorea manausensis,Magnoliopsida,LC,225191.64507825347,19.69,68532.9289088125,30.43,92544.6481568125,41.1
Anaxagorea petiolata,Magnoliopsida,LC,170465.0119294005,14.9,21766.62395300824,12.77,44778.11423200513,26.27
Anaxagorea phaeocarpa,Magnoliopsida,LC,726368.2462470476,63.51,144303.72135080985,19.87,220093.09110389696,30.3
Anaxagorea rufa,Magnoliopsida,LC,348226.87480603124,30.45,61315.43712128906,17.61,78926.60251985156,22.67
Anchietea frangulifolia,Magnoliopsida,NA,260191.77235244768,22.75,51876.33570785764,19.94,82230.28312341323,31.6
Ancistrothyrsus tessmannii,Magnoliopsida,NA,228487.25898816943,19.98,51312.56685517188,22.46,72178.55350616407,31.59
Andira chigorodensis,Magnoliopsida,LC,221328.76464555363,19.35,24569.61035454639,11.1,61495.94317723194,27.78
Andira inermis,Magnoliopsida,LC,1015645.6333773328,88.8,167305.9831730424,16.47,288303.25903682265,28.39
Andira micrantha,Magnoliopsida,LC,2636.8232899785926,0.23,0,0,152.347648,5.78
Andira multistipula,Magnoliopsida,LC,340584.92364562565,29.78,92993.33935780956,27.3,130373.32189118458,38.28
Andira surinamensis,Magnoliopsida,LC,747533.3260642283,65.36,129538.4982378595,17.33,224583.64401623805,30.04
Andira taurotesticulata,Magnoliopsida,LC,230239.22168737327,20.13,43224.33173313361,18.77,69219.81273793212,30.06
Andira trifoliolata,Magnoliopsida,LC,75483.51158439553,6.6,1659.99840225,2.2,4148.59513825,5.5
Panopsis rubescens,Magnoliopsida,LC,629877.8740306448,55.07,116413.7134428114,18.48,178221.39460294446,28.29
Anechites nerium,Magnoliopsida,NA,47275.82083655935,4.13,5282.275661029297,11.17,14646.68842918164,30.98
Anemopaegma alatum,Magnoliopsida,NA,0,0,0,NA,0,NA
Anemopaegma chrysanthum,Magnoliopsida,NA,601222.556506041,52.57,112619.39067779468,18.73,189864.8628068979,31.58
Anemopaegma chrysoleucum,Magnoliopsida,NA,835129.1897850181,73.02,127242.79254441324,15.24,216055.55359552416,25.87
Anemopaegma colombianum,Magnoliopsida,NA,186442.98645340043,16.3,35904.7820755957,19.26,51764.37838566211,27.76
Anemopaegma floridum,Magnoliopsida,NA,347078.6475918361,30.35,67751.09898421876,19.52,89049.69517821875,25.66
Anemopaegma foetidum,Magnoliopsida,NA,0,0,0,NA,0,NA
Anemopaegma insculptum,Magnoliopsida,NA,88027.07549139691,7.7,18043.62615425,20.5,18487.65965825,21
Anemopaegma karstenii,Magnoliopsida,NA,552872.4831091701,48.34,86142.44608770331,15.58,169716.95173842914,30.7
Anemopaegma oligoneuron,Magnoliopsida,NA,701076.2959043819,61.3,124937.05123304836,17.82,202385.0441595442,28.87
Anemopaegma orbiculatum,Magnoliopsida,NA,113782.96845786484,9.95,8523.121318598847,7.49,41919.111960919705,36.84
Anemopaegma paraense,Magnoliopsida,NA,345058.1282127047,30.17,93021.82185207876,26.96,135018.46963911003,39.13
Anemopaegma puberulum,Magnoliopsida,NA,19176.92193558887,1.68,1663.352368049805,8.67,4560.473959776367,23.78
Anemopaegma santaritense,Magnoliopsida,NA,99932.18459318996,8.74,12679.941852623537,12.69,22097.965124589355,22.11
Anetanthus gracilis,Magnoliopsida,NA,373133.0984266123,32.63,91866.1580731293,24.62,140529.7169750138,37.66
Anethum graveolens,Magnoliopsida,NA,116369.46812863508,10.17,25209.72887857627,21.66,37105.51450609463,31.89
Angelonia angustifolia,Magnoliopsida,NA,812024.0245834227,71,152860.37463773723,18.82,250810.5035717096,30.89
Angelonia salicariifolia,Magnoliopsida,NA,242071.303061122,21.17,32073.824792817024,13.25,61230.11158646838,25.29
Gurania eriantha,Magnoliopsida,NA,713125.1221353927,62.35,148790.81676619177,20.86,232242.55564888095,32.57
Aniba affinis,Magnoliopsida,LC,444891.3829112631,38.9,101311.7905922002,22.77,142807.116965458,32.1
Aniba cinnamomiflora,Magnoliopsida,LC,312384.863478088,27.31,54764.49652620374,17.53,102111.37956426357,32.69
Aniba coto,Magnoliopsida,LC,331968.0178354563,29.03,59725.54035215281,17.99,97954.10830720482,29.51
Aniba guianensis,Magnoliopsida,LC,664485.0290788484,58.1,130209.75620560048,19.6,195676.36171130225,29.45
Aniba hostmanniana,Magnoliopsida,LC,703943.441881997,61.55,136257.71686722204,19.36,209473.2370041181,29.76
Aniba megaphylla,Magnoliopsida,LC,618721.7177155429,54.1,138229.52510572088,22.34,206644.24877948983,33.4
Aniba muca,Magnoliopsida,LC,551557.2518234234,48.23,123935.86750686962,22.47,206099.6994396785,37.37
Aniba panurensis,Magnoliopsida,LC,803120.3951494301,70.22,145718.78329057962,18.14,232765.32495223716,28.98
Aniba perutilis,Magnoliopsida,VU,581007.4372073968,50.8,105169.7743206698,18.1,171768.18895003016,29.56
Aniba riparia,Magnoliopsida,LC,283355.04417708574,24.78,66139.82568939697,23.34,94916.95704979956,33.5
Aniba robusta,Magnoliopsida,LC,166995.75041389026,14.6,28598.300755735825,17.13,50545.61545958006,30.27
Aniba rosaeodora,Magnoliopsida,NA,303703.97472502466,26.55,65851.20474179395,21.68,91205.28978692676,30.03
Aniba taubertiana,Magnoliopsida,LC,410999.4860203734,35.94,93387.7174738252,22.72,132113.61799995802,32.14
Aniba williamsii,Magnoliopsida,LC,705759.5058541164,61.71,149391.8488800681,21.17,231817.37248369335,32.85
Aniseia martinicensis,Magnoliopsida,LC,404079.4988164296,35.33,44657.804387803226,11.05,103095.14994908984,25.51
Anisophyllea guianensis,Magnoliopsida,DD,164731.79807047217,14.4,42872.107136,26.03,60123.626202,36.5
Annona acuminata,Magnoliopsida,LC,358669.3870961853,31.36,69560.70908310742,19.39,144455.91021192577,40.28
Annona amazonica,Magnoliopsida,LC,753203.8830762053,65.86,150835.36289136388,20.03,235297.05536693023,31.24
Annona ambotay,Magnoliopsida,LC,638558.4194127256,55.83,118910.1926321216,18.62,185093.4030246338,28.99
Annona cherimola,Magnoliopsida,LC,400538.10958587,35.02,69646.77501472492,17.39,124000.34255253394,30.96
Annona cordifolia,Magnoliopsida,LC,215653.46416283905,18.86,69328.48709789063,32.15,103169.04299829688,47.84
Annona cuspidata,Magnoliopsida,LC,380382.1891160078,33.26,95562.24740692896,25.12,148990.9255018672,39.17
Annona danforthii,Magnoliopsida,LC,101449.84810952315,8.87,9710.284337235718,9.57,13731.281590495972,13.54
Annona dolichophylla,Magnoliopsida,LC,340529.43280925567,29.77,97517.83126535644,28.64,134292.83531308302,39.44
Annona duckei,Magnoliopsida,LC,373544.3815389125,32.66,72781.44511251878,19.48,108230.284084322,28.97
Annona edulis,Magnoliopsida,LC,934327.2643137444,81.69,161063.627976089,17.24,259036.66236753805,27.72
Annona exsucca,Magnoliopsida,LC,651268.007631327,56.94,107418.30402989668,16.49,201803.35053531732,30.99
Annona foetida,Magnoliopsida,LC,536274.9666553505,46.89,95645.66343603612,17.84,159537.39443941994,29.75
Annona gigantophylla,Magnoliopsida,VU,135612.8055484214,11.86,10860.290945015626,8.01,15421.948697015623,11.37
Annona glabra,Magnoliopsida,LC,895159.4653437333,78.27,146437.10847597793,16.36,255336.7748180841,28.52
Annona hayesii,Magnoliopsida,LC,172938.74802212568,15.12,15708.640380186767,9.08,54153.24633196167,31.31
Annona hypoglauca,Magnoliopsida,LC,307270.7091245356,26.87,81748.95515121368,26.6,112542.56079705743,36.63
Annona jahnii,Magnoliopsida,LC,387524.4143969332,33.88,50997.01869682031,13.16,110968.47787861036,28.64
Annona montana,Magnoliopsida,LC,918206.5823746312,80.28,147838.60123505734,16.1,250289.42367643447,27.26
Annona muricata,Magnoliopsida,LC,1061729.0694382084,92.83,178286.59252812158,16.79,306117.05928013084,28.83
Annona neoinsignis,Magnoliopsida,LC,115633.3875560062,10.11,21729.651009085937,18.79,22173.684513085936,19.18
Annona pachyantha,Magnoliopsida,VU,74951.00749033483,6.55,6458.2872264570315,8.62,8472.120605878907,11.3
Annona papilionella,Magnoliopsida,LC,1007736.6423346652,88.11,174243.44127493165,17.29,290610.46504952223,28.84
Annona punicifolia,Magnoliopsida,EN,48587.80905515965,4.25,3303.142755462891,6.8,24186.806529769532,49.78
Annona purpurea,Magnoliopsida,LC,149381.06372928488,13.06,12756.244272276184,8.54,48086.44375233087,32.19
Annona rensoniana,Magnoliopsida,LC,223189.93165025304,19.51,30946.41837120775,13.87,70448.37375804604,31.56
Annona reticulata,Magnoliopsida,LC,295065.07225127175,25.8,34493.8821357189,11.69,96376.08807436268,32.66
Annona scandens,Magnoliopsida,VU,313079.9377425881,27.37,90722.5610470752,28.98,129696.652476208,41.43
Annona sericea,Magnoliopsida,LC,408148.7971458394,35.69,98568.23499490236,24.15,155516.88786248412,38.1
Annona spraguei,Magnoliopsida,NT,58888.063406724745,5.15,7470.822604757813,12.69,17365.425252800782,29.49
Annona squamosa,Magnoliopsida,LC,625896.0059420656,54.73,97622.3425039642,15.6,186763.87185623345,29.84
Annona symphyocarpa,Magnoliopsida,LC,31551.95280402504,2.76,2249.873664,7.13,3288.537088,10.42
Annona tenuiflora,Magnoliopsida,LC,154794.14643127177,13.53,17291.922461148042,11.17,41328.68523547064,26.7
Anoda cristata,Magnoliopsida,NA,189851.0603377247,16.6,34028.73511207452,17.92,56939.19589355542,29.99
Anomospermum chloranthum,Magnoliopsida,NA,713342.3923986716,62.37,137837.95326022804,19.32,226147.29257672984,31.7
Anomospermum grandifolium,Magnoliopsida,NA,695847.8502430063,60.84,120468.90800838868,17.31,204572.7209143603,29.4
Anomospermum reticulatum,Magnoliopsida,NA,623265.2843945208,54.5,128715.6550295822,20.65,198243.5354541111,31.81
Anredera brachystachys,Magnoliopsida,NA,2251.701040102454,0.2,239.50276050390625,10.64,407.29256085791013,18.09
Anredera ramosa,Magnoliopsida,NA,3060.596329187509,0.27,122.73654470703126,4.01,968.1980487070311,31.63
Anthodiscus amazonicus,Magnoliopsida,LC,302092.370431171,26.41,80146.99370164161,26.53,114293.7697850166,37.83
Anthodiscus chocoensis,Magnoliopsida,EN,42591.30571344541,3.72,3249.5035875,7.63,4447.9873155,10.44
Anthodiscus mazarunensis,Magnoliopsida,LC,407852.0433368504,35.66,97754.34035732812,23.97,140298.27405332812,34.4
Anthodiscus obovatus,Magnoliopsida,LC,327487.6582033916,28.63,69719.80223432812,21.29,111757.24212232813,34.13
Anthodiscus pilosus,Magnoliopsida,LC,324928.10883743747,28.41,96640.5274341294,29.74,134598.16367319188,41.42
Anthopterus cuneatus,Magnoliopsida,NA,9183.24250135799,0.8,1771.508799291992,19.29,1771.0865325527343,19.29
Anthopterus wardii,Magnoliopsida,LC,141938.4122232035,12.41,20797.25034934568,14.65,31622.756588645974,22.28
Antidaphne andina,Magnoliopsida,NA,133302.71765330728,11.66,32978.37077611505,24.74,47832.16874823022,35.88
Antidaphne viscoidea,Magnoliopsida,NA,171693.06261578444,15.01,38091.32741548938,22.19,57669.61174000903,33.59
Antigonon leptopus,Magnoliopsida,NA,431078.76049232256,37.69,66905.13425945546,15.52,134830.49354335203,31.28
Antonia ovata,Magnoliopsida,LC,286333.21986609715,25.04,69852.57899732812,24.4,109661.09786132812,38.3
Antrocaryon amazonicum,Magnoliopsida,NA,32461.102885724853,2.84,17987.5120015,55.41,23015.0643215,70.9
Aparisthmium cordatum,Magnoliopsida,LC,872188.7969781151,76.26,147773.95950705995,16.94,232581.05020073225,26.67
Apeiba glabra,Magnoliopsida,LC,727156.1955371673,63.58,124166.13556271233,17.08,197377.39551297712,27.14
Apeiba macropetala,Magnoliopsida,NA,748241.569078706,65.42,140231.17210177073,18.74,217436.00248590848,29.06
Apeiba membranacea,Magnoliopsida,LC,554226.6448585087,48.46,123423.80120628634,22.27,183564.61828607484,33.12
Apeiba schomburgkii,Magnoliopsida,LC,417740.6591956535,36.53,67061.28982883395,16.05,115192.39909149148,27.58
Apeiba tibourbou,Magnoliopsida,LC,762398.0425070141,66.66,111570.19792590916,14.63,217832.40963080604,28.57
Aphanactis jamesoniana,Magnoliopsida,LC,0,0,0,NA,0,NA
Aphanactis piloselloides,Magnoliopsida,NA,35656.374257063195,3.12,15820.265931837524,44.37,18517.88919514417,51.93
Aphelandra acanthus,Magnoliopsida,LC,64771.37519021399,5.66,15516.00600883685,23.96,24661.257274174433,38.07
Aphelandra albert-smithii,Magnoliopsida,NA,492240.9971598895,43.04,92093.78996653113,18.71,184123.8972527629,37.41
Aphelandra antioquiensis,Magnoliopsida,NA,110668.62108173135,9.68,13850.066026359376,12.51,44408.75489501367,40.13
Aphelandra aurantiaca,Magnoliopsida,NA,401657.8202992399,35.12,94954.07154838531,23.64,145981.91036202846,36.34
Aphelandra barkleyi,Magnoliopsida,NA,177508.26333127057,15.52,30267.737011136775,17.05,51072.60219944989,28.77
Aphelandra blandii,Magnoliopsida,NA,160351.61830680165,14.02,27639.12308427741,17.24,49108.273209579864,30.63
Aphelandra boyacensis,Magnoliopsida,NA,22981.067217191903,2.01,3314.0933915610353,14.42,7236.0094909472655,31.49
Aphelandra chaponensis,Magnoliopsida,NA,152268.86925473768,13.31,18914.157613633055,12.42,53761.88861257788,35.31
Aphelandra crenata,Magnoliopsida,NA,532258.8414445204,46.54,96427.9008678054,18.12,171840.91594854585,32.29
Aphelandra crispata,Magnoliopsida,LC,110973.0310281696,9.7,28494.900431625974,25.68,30621.855040118164,27.59
Aphelandra cuatrecasasii,Magnoliopsida,NA,90367.81014623457,7.9,8747.555632147765,9.68,16711.49265611261,18.49
Aphelandra dolichantha,Magnoliopsida,NA,870.842369908443,0.08,584.0554337255859,67.07,714.0598897255859,82
Aphelandra fernandezii,Magnoliopsida,NA,233441.68775968935,20.41,42693.40559105072,18.29,70486.66234923864,30.19
Aphelandra flava,Magnoliopsida,NA,279231.14291850076,24.41,47556.040448533415,17.03,87865.94930655947,31.47
Aphelandra garciae,Magnoliopsida,NA,195645.06161766985,17.11,23971.65763269287,12.25,47008.98113096582,24.03
Aphelandra glabrata,Magnoliopsida,NA,476164.5278879285,41.63,97759.3834785347,20.53,190083.83477589456,39.92
Aphelandra grandis,Magnoliopsida,NA,257808.00935255853,22.54,35442.35319943415,13.75,56079.14725225293,21.75
Aphelandra hartwegiana,Magnoliopsida,LC,120699.5110121211,10.55,16591.76621190625,13.75,39372.23330680469,32.62
Aphelandra hylaea,Magnoliopsida,NA,333305.5194747336,29.14,66021.47673181319,19.81,107988.72774505788,32.4
Aphelandra impressa,Magnoliopsida,NA,557304.7428802886,48.73,95599.84340403782,17.15,179367.89320432782,32.18
Aphelandra macrophylla,Magnoliopsida,LC,31785.601005570417,2.78,6649.772063813171,20.92,12198.801743935852,38.38
Aphelandra macrostachya,Magnoliopsida,NA,605230.3130938329,52.92,114465.94883980468,18.91,176445.0446903623,29.15
Aphelandra panamensis,Magnoliopsida,NA,6210.838233999538,0.54,1020.41904453125,16.43,1294.757924515625,20.85
Aphelandra parvispica,Magnoliopsida,LC,191683.6266871699,16.76,34556.00089133262,18.03,64766.86074851134,33.79
Aphelandra pharangophila,Magnoliopsida,NT,50882.002116444775,4.45,7169.555266090439,14.09,11594.286551221148,22.79
Aphelandra pilosa,Magnoliopsida,NA,645330.1519581531,56.43,116235.64175166546,18.01,194470.95991831628,30.14
Aphelandra pulcherrima,Magnoliopsida,LC,585664.5649631016,51.21,110570.5402451326,18.88,221042.9269778268,37.74
Aphelandra rosulata,Magnoliopsida,NA,139593.39316198323,12.21,24794.622120592743,17.76,39764.38566403415,28.49
Aphelandra runcinata,Magnoliopsida,NA,93217.41974757124,8.15,22856.18387264923,24.52,34982.9779414397,37.53
Aphelandra scabra,Magnoliopsida,LC,489554.8836315085,42.8,78757.91865873145,16.09,145266.08951121217,29.67
Aphelandra straminea,Magnoliopsida,NA,951750.10331113555,83.22,162078.82575532002,17.03,286950.8732000659,30.15
Aphelandra terryae,Magnoliopsida,NA,69884.15096315405,6.11,11132.704069382811,15.93,16845.385400847656,24.1
Apium graveolens,Magnoliopsida,LC,260535.24966627205,22.78,53407.71497180271,20.5,84011.54526049356,32.25
Apodanthes caseariae,Magnoliopsida,NA,845559.7748686563,73.93,153047.9581446057,18.1,237324.86946949112,28.07
Appunia peduncularis,Magnoliopsida,NA,135612.8055484214,11.86,10860.290945015626,8.01,15421.948697015623,11.37
Appunia tenuiflora,Magnoliopsida,NA,152237.0946921686,13.31,9289.215353642196,6.1,18551.34630706431,12.19
Aptandra caudata,Magnoliopsida,NA,249400.4121905861,21.81,69474.17398063673,27.86,91402.56018176171,36.65
Aptandra tubicina,Magnoliopsida,LC,576560.0035831954,50.41,132274.2366041473,22.94,215739.61267537164,37.42
Apuleia leiocarpa,Magnoliopsida,LC,541852.140994576,47.38,88497.48277373242,16.33,171949.03506962306,31.73
Arachnothryx colombiana,Magnoliopsida,LC,191699.7988360384,16.76,46176.57235846857,24.09,70202.14219274292,36.62
Arachnothryx discolor,Magnoliopsida,NT,254485.8904995992,22.25,35956.54594171607,14.13,75380.35012407764,29.62
Arachnothryx euryphylla,Magnoliopsida,VU,210732.69210793255,18.43,36749.56656169537,17.44,70713.66094455175,33.56
Arachnothryx perezii,Magnoliopsida,LC,10146.76804003108,0.89,1174.9459488936768,11.58,2803.471395869263,27.63
Arachnothryx reflexa,Magnoliopsida,LC,198271.4195762204,17.34,45456.21280968677,22.93,70083.40091568894,35.35
Arachnothryx spectabilis,Magnoliopsida,LC,84636.62319605035,7.4,10160.943986113993,12.01,11606.622410064829,13.71
Aragoa abietina,Magnoliopsida,LC,5601.461523698122,0.49,2821.2987128088225,50.37,2986.348899393814,53.31
Aragoa abscondita,Magnoliopsida,VU,8691.778723038951,0.76,2873.765488125,33.06,3134.56089925,36.06
Aragoa cleefii,Magnoliopsida,LC,19423.019984306855,1.7,5097.672986453857,26.25,5696.546102614746,29.33
Aragoa corrugatifolia,Magnoliopsida,VU,6513.747437249006,0.57,2904.6104157451173,44.59,3519.9568402666014,54.04
Aragoa cundinamarcensis,Magnoliopsida,LC,6588.486547066108,0.58,3842.5936211425783,58.32,3863.17575080957,58.64
Aragoa cupressina,Magnoliopsida,EN,8162.281545566313,0.71,3151.9873246901857,38.62,3616.082653212158,44.3
Aragoa lycopodioides,Magnoliopsida,LC,13644.691798982512,1.19,3803.8649638446273,27.88,4132.894765947712,30.29
Aragoa occidentalis,Magnoliopsida,LC,105482.44509912234,9.22,20897.1038924292,19.81,28638.46595808585,27.15
Aragoa tamana,Magnoliopsida,NA,113.62814037110272,0.01,92.983728,81.83,92.929824,81.78
Aralia excelsa,Magnoliopsida,LC,142691.45504216276,12.48,14444.875514168183,10.12,50526.59102007498,35.41
Archytaea angustifolia,Magnoliopsida,LC,27248.457584959488,2.38,0.76845025,0,2474.19078625,9.08
Archytaea triflora,Magnoliopsida,LC,123.08264891198726,0.01,0,0,0,0
Arcytophyllum aristatum,Magnoliopsida,NA,11178.17482636238,0.98,4258.659044188598,38.1,5404.26051367688,48.35
Arcytophyllum capitatum,Magnoliopsida,NA,5574.145592717419,0.49,678.4209958903808,12.17,2332.111651827881,41.84
Arcytophyllum filiforme,Magnoliopsida,LC,4348.111671814787,0.38,896.0862276086426,20.61,2244.6856515461427,51.62
Arcytophyllum muticum,Magnoliopsida,NA,46019.11718589471,4.02,17314.970794832505,37.63,21107.73231046364,45.87
Arcytophyllum nitidum,Magnoliopsida,NA,58590.12373686094,5.12,19196.754028308136,32.76,23999.72356319247,40.96
Arcytophyllum setosum,Magnoliopsida,NA,43571.47250908041,3.81,12669.470747397378,29.08,16777.79784925675,38.51
Arcytophyllum thymifolium,Magnoliopsida,NA,27323.36087430163,2.39,7173.720920655945,26.25,10438.989615236938,38.21
Ardisia brevis,Magnoliopsida,LC,66416.46689499781,5.81,6748.285068964844,10.16,8986.581848902344,13.53
Ardisia cabrerae,Magnoliopsida,LC,28571.426385277573,2.5,2568.75144584375,8.99,4246.07730196875,14.86
Ardisia cogolloi,Magnoliopsida,LC,125117.76673701125,10.94,15187.22011367224,12.14,25055.038487941467,20.03
Ardisia compressa,Magnoliopsida,LC,603861.8487568523,52.8,111210.0197200302,18.42,180838.6939995165,29.95
Ardisia foetida,Magnoliopsida,LC,448049.8271899559,39.18,76990.69590178256,17.18,147702.5749840381,32.97
Ardisia granatensis,Magnoliopsida,LC,37043.61286691621,3.24,3533.8207759858396,9.54,5412.54300449292,14.61
Ardisia guianensis,Magnoliopsida,LC,1081299.785413204,94.54,193306.81063814645,17.88,313837.02260236116,29.02
Ardisia megistophylla,Magnoliopsida,LC,0,0,0,NA,0,NA
Ardisia niambiensis,Magnoliopsida,LC,65128.477396157235,5.69,7990.66213941919,12.27,12449.551120684817,19.12
Ardisia opegrapha,Magnoliopsida,LC,0,0,0,NA,0,NA
Ardisia palmana,Magnoliopsida,LC,24193.91651784737,2.12,3655.474057486328,15.11,3853.7414079807127,15.93
Ardisia pellucida,Magnoliopsida,LC,858360.6868311502,75.05,141490.2174564579,16.48,258901.38023472848,30.16
Ardisia sapida,Magnoliopsida,NT,109523.76637006912,9.58,14721.808318721589,13.44,18906.32143884942,17.26
Arenaria lanuginosa,Magnoliopsida,LC,226487.98450933176,19.8,52514.4757783333,23.19,74743.4100160469,33
Arenaria musciformis,Magnoliopsida,NA,124619.88455085996,10.9,31116.84803419445,24.97,47552.61165981809,38.16
Arenaria parvifolia,Magnoliopsida,LC,26107.087274755297,2.28,8958.717183478362,34.32,11944.5281073331,45.75
Arenaria venezuelana,Magnoliopsida,NA,0,0,0,NA,0,NA
Argemone mexicana,Magnoliopsida,NA,245180.35416479773,21.44,45311.19579084801,18.48,94108.31633954612,38.38
Aristeguietia lamiifolia,Magnoliopsida,NA,29012.387467117405,2.54,7963.405766605774,27.45,11753.836570567382,40.51
Aristolochia acutifolia,Magnoliopsida,NA,626239.2726112898,54.76,116643.13616760157,18.63,181405.4316679912,28.97
Aristolochia anguicida,Magnoliopsida,NA,134882.87273623122,11.79,12182.974564321808,9.03,47646.23036392099,35.32
Aristolochia cordiflora,Magnoliopsida,NA,244676.80043292936,21.39,27445.018795807984,11.22,60838.378194672914,24.86
Aristolochia didyma,Magnoliopsida,NA,918793.8743769348,80.34,145663.7619895139,15.85,255174.41893801183,27.77
Aristolochia grandiflora,Magnoliopsida,NA,232989.0004820652,20.37,32042.964385350097,13.75,74565.53397612085,32
Aristolochia guentheri,Magnoliopsida,NA,254945.66001366437,22.29,58273.1473751084,22.86,84580.06492226465,33.18
Aristolochia inflata,Magnoliopsida,NA,189464.77933011984,16.57,25544.928805737185,13.48,63497.65684646515,33.51
Aristolochia iquitensis,Magnoliopsida,NA,154900.36626786724,13.54,41596.289536,26.85,54525.71486,35.2
Aristolochia klugii,Magnoliopsida,NA,348134.0947916659,30.44,99163.2439525752,28.48,138307.840341708,39.73
Aristolochia leuconeura,Magnoliopsida,NA,133875.54597743848,11.71,16403.6785523916,12.25,47524.19142792578,35.5
Aristolochia maxima,Magnoliopsida,NA,718208.4637154981,62.8,127737.19575368894,17.79,224129.4471273483,31.21
Aristolochia morae,Magnoliopsida,NA,290011.8696452693,25.36,29412.18411306079,10.14,69598.50924047241,24
Aristolochia odoratissima,Magnoliopsida,NA,785462.765625161,68.68,119786.74360116564,15.25,237960.2934008586,30.3
Aristolochia pilosa,Magnoliopsida,NA,958466.0125347432,83.8,163104.30940267132,17.02,279743.4628427328,29.19
Aristolochia ringens,Magnoliopsida,NA,552002.2500638838,48.26,107641.45567387724,19.5,191222.2970163928,34.64
Aristolochia ruiziana,Magnoliopsida,NA,193006.68725039775,16.88,42866.65406389038,22.21,52304.53616960913,27.1
Aristolochia silvatica,Magnoliopsida,NA,352075.0257631814,30.78,79323.11691432519,22.53,108894.484135458,30.93
Aristolochia tonduzii,Magnoliopsida,NA,599143.3200524745,52.39,90851.49178359612,15.16,126338.64257402207,21.09
Arracacia elata,Magnoliopsida,NA,55967.64319256227,4.89,17225.690652581758,30.78,22181.344270576505,39.63
Arracacia moschata,Magnoliopsida,NA,3924.628475404485,0.34,297.82479714941405,7.59,1606.468621149414,40.93
Arracacia xanthorrhiza,Magnoliopsida,NA,182381.13507511324,15.95,41143.51663592082,22.56,62127.65481126896,34.06
Artemisia absinthium,Magnoliopsida,NA,350438.32749837224,30.64,65543.99919531973,18.7,124409.26177699764,35.5
Artemisia sodiroi,Magnoliopsida,NA,9395.317069273997,0.82,929.3196840354004,9.89,1721.3073965952149,18.32
Artemisia vulgaris,Magnoliopsida,NA,242076.97585273223,21.17,42542.28558649188,17.57,64822.584313826475,26.78
Arthrostemma ciliatum,Magnoliopsida,NA,399002.9269485892,34.89,63959.710508264616,16.03,105983.44253870756,26.56
Artocarpus altilis,Magnoliopsida,DD,756785.1716472352,66.17,149709.64824965587,19.78,234828.4402785033,31.03
Asclepias curassavica,Magnoliopsida,NA,581850.1467467187,50.87,119403.13768528936,20.52,202740.25333733312,34.84
Aspidosperma cuspa,Magnoliopsida,LC,432825.2806067496,37.84,51661.67532946265,11.94,123590.82204120756,28.55
Aspidosperma darienense,Magnoliopsida,LC,301012.80315399717,26.32,73436.87995335058,24.4,102418.2791277539,34.02
Aspidosperma desmanthum,Magnoliopsida,LC,874333.1644547207,76.45,147718.71537814013,16.9,239480.26716391605,27.39
Aspidosperma excelsum,Magnoliopsida,LC,926916.0556695996,81.05,157776.77260703876,17.02,267684.98765517905,28.88
Aspidosperma fendleri,Magnoliopsida,LC,189545.8783672769,16.57,52377.08168823242,27.63,94133.99973994726,49.66
Aspidosperma megalocarpon,Magnoliopsida,LC,793153.7146273628,69.35,125513.85089821552,15.82,244235.33215563232,30.79
Aspidosperma myristicifolium,Magnoliopsida,LC,329597.50449277024,28.82,94256.80167805566,28.6,139227.02017186035,42.24
Aspidosperma pachypterum,Magnoliopsida,LC,130407.4886696378,11.4,10836.138112015626,8.31,14997.389085015626,11.5
Aspidosperma parvifolium,Magnoliopsida,NA,810850.1585043455,70.9,140664.57371377602,17.35,245652.1799532117,30.3
Aspidosperma polyneuron,Magnoliopsida,EN,125637.14278552498,10.99,10057.57314428488,8.01,43058.51572246512,34.27
Aspidosperma rigidum,Magnoliopsida,LC,684966.76813165145,59.89,140311.05020183514,20.48,230574.28356592415,33.66
Aspidosperma schultesii,Magnoliopsida,LC,380063.1280520445,33.23,103180.89131872272,27.15,154339.69961367914,40.61
Aspidosperma spruceanum,Magnoliopsida,LC,889530.9192195507,77.78,147580.00342812206,16.59,251146.57726745153,28.23
Asplundianthus arcuans,Magnoliopsida,NA,21453.699116197564,1.88,5858.229144294586,27.31,6603.253632346157,30.78
Asplundianthus stuebelii,Magnoliopsida,NA,38162.72003456528,3.34,7568.334848673584,19.83,12125.63503814746,31.77
Asteranthos brasiliensis,Magnoliopsida,LC,9780.985572069258,0.86,0,0,0,0
Astraea lobata,Magnoliopsida,NA,487625.3641968089,42.64,58508.11461692282,12,125516.57185257436,25.74
Astronium fraxinifolium,Magnoliopsida,LC,210356.7230706643,18.39,32081.130719184053,15.25,68143.47653309103,32.39
Astronium graveolens,Magnoliopsida,LC,785576.0256346414,68.69,121018.32240567988,15.41,242635.4179623502,30.89
Astronium lecointei,Magnoliopsida,LC,558638.396283205,48.85,85989.12992606201,15.39,175592.29403194922,31.43
Asystasia gangetica,Magnoliopsida,NA,395886.3553968602,34.61,57997.079482523746,14.65,118554.61869151416,29.95
Austrocylindropuntia cylindrica,Magnoliopsida,NT,1110.7768013077564,0.1,50.96833583618164,4.59,50.9921421875,4.59
Austrocylindropuntia subulata,Magnoliopsida,LC,2110.2179612913656,0.18,105.416072,5,821.673352,38.94
Austroeupatorium decemflorum,Magnoliopsida,NA,257405.7227058129,22.51,44782.83232390107,17.4,76969.57475925134,29.9
Autana andersonii,Magnoliopsida,NA,54012.736045353966,4.72,6736.88002425,12.47,14717.000187375,27.25
Averrhoa carambola,Magnoliopsida,DD,955025.0224005188,83.5,175190.71362984992,18.34,272622.5662866294,28.55
Axinaea affinis,Magnoliopsida,LC,9386.77059375934,0.82,1748.5520677966308,18.63,4122.892083710693,43.92
Axinaea colombiana,Magnoliopsida,LC,682.5610946559174,0.06,386.340380875,56.6,390.41314175,57.2
Axinaea costaricensis,Magnoliopsida,LC,128680.00885437212,11.25,23968.15979548242,18.63,41738.14355458642,32.44
Axinaea floribunda,Magnoliopsida,LC,149440.93909776685,13.07,37611.124585618745,25.17,53876.77790139676,36.05
Axinaea grandifolia,Magnoliopsida,LC,77454.40312198612,6.77,22555.19613495892,29.12,33098.54013687829,42.73
Axinaea lehmannii,Magnoliopsida,LC,152765.75877148958,13.36,28561.9725340058,18.7,45512.05942436023,29.79
Axinaea macrophylla,Magnoliopsida,LC,95840.24835703491,8.38,27121.627898482435,28.3,38026.99985666686,39.68
Axinaea quitensis,Magnoliopsida,LC,15421.216308671896,1.35,3366.2571003510743,21.83,6109.004232666504,39.61
Axinaea scutigera,Magnoliopsida,LC,163836.8293676889,14.33,38786.01931737555,23.67,56187.79494654834,34.29
Ayapana amygdalina,Magnoliopsida,NA,598530.9505271483,52.33,88587.64036728992,14.8,172568.87299883272,28.83
Ayapana ecuadorensis,Magnoliopsida,VU,28679.490065382735,2.51,3749.465228633057,13.07,7600.549124789307,26.5
Ayapana elata,Magnoliopsida,NA,661973.3147678678,57.88,81903.22157056292,12.37,139752.11157422964,21.11
Ayapana trinitensis,Magnoliopsida,NA,386218.9814111816,33.77,62385.12549928368,16.15,129188.25715613524,33.45
Ayapanopsis cuchabensis,Magnoliopsida,NA,47073.46196685226,4.12,9833.91737332983,20.89,12988.759036416988,27.59
Ayenia magna,Magnoliopsida,NA,253675.1853090088,22.18,42246.15959296033,16.65,87889.90783691754,34.65
Azorella aretioides,Magnoliopsida,NA,4244.054738946972,0.37,1102.6417038520508,25.98,2377.4790592895506,56.02
Azorella biloba,Magnoliopsida,LC,6208.59115028045,0.54,1697.0407294401855,27.33,1859.3122774401857,29.95
Azorella corymbosa,Magnoliopsida,LC,1749.5297465668657,0.15,1104.066867,63.11,1274.371195,72.84
Azorella crenata,Magnoliopsida,LC,77667.19923207565,6.79,26599.784480656723,34.25,33290.27907966539,42.86
Azorella cuatrecasasii,Magnoliopsida,NA,34641.69947177209,3.03,13849.118933921143,39.98,15333.86315880908,44.26
Azorella multifida,Magnoliopsida,LC,30630.700918047984,2.68,11991.591878383057,39.15,14683.524144468018,47.94
Azorella pedunculata,Magnoliopsida,NA,2454.2927550566205,0.21,416.1894520161133,16.96,1506.3357559536132,61.38
Baccharis alpina,Magnoliopsida,NA,5062.241077943818,0.44,629.6894406560059,12.44,2132.401568593506,42.12
Baccharis antioquensis,Magnoliopsida,NA,138123.42885147163,12.08,32655.792866099247,23.64,45450.84428710236,32.91
Baccharis bogotensis,Magnoliopsida,NA,21485.731115405153,1.88,7474.220930255127,34.79,7948.735067911133,37
Baccharis brachylaenoides,Magnoliopsida,LC,207210.66220383783,18.12,44144.92436213083,21.3,68620.72009950285,33.12
Baccharis caldasiana,Magnoliopsida,NA,14611.078244269203,1.28,5653.143078905243,38.69,6215.364280219635,42.54
Baccharis decussata,Magnoliopsida,NA,173750.56177450906,15.19,36674.32527013061,21.11,57612.739520222414,33.16
Baccharis granadina,Magnoliopsida,NA,9261.236767835757,0.81,1795.043174296631,19.38,4017.0822142106936,43.38
Baccharis grandiflora,Magnoliopsida,NA,33292.010663697314,2.91,9847.216619551333,29.58,12611.004942295163,37.88
Baccharis latifolia,Magnoliopsida,LC,130399.6894322978,11.4,34973.580785659666,26.82,47592.58830225257,36.5
Baccharis lehmannii,Magnoliopsida,NA,161083.2073346583,14.08,39596.50355319649,24.58,57941.39254411992,35.97
Baccharis macrantha,Magnoliopsida,NA,82006.6181574411,7.17,24307.808557004333,29.64,32297.176011196167,39.38
Baccharis mutisiana,Magnoliopsida,NA,31497.315592067986,2.75,6966.63112272998,22.12,9049.772394075197,28.73
Baccharis nitida,Magnoliopsida,LC,157635.29402357212,13.78,30615.080790112977,19.42,47527.57784729895,30.15
Baccharis odorata,Magnoliopsida,NA,11424.010539532575,1,1700.5336823518066,14.89,4560.427842265869,39.92
Baccharis padifolia,Magnoliopsida,NA,2644.376735412649,0.23,242.17437131298828,9.16,1212.7339653129882,45.86
Baccharis pedunculata,Magnoliopsida,NA,234850.7393482517,20.53,40079.57167247633,17.07,65841.05431633696,28.04
Baccharis pentlandii,Magnoliopsida,NA,0,0,0,NA,0,NA
Baccharis prunifolia,Magnoliopsida,NA,48533.53008282572,4.24,17407.521826003143,35.87,19939.67818805801,41.08
Baccharis pululahuensis,Magnoliopsida,NA,68155.21766276831,5.96,16245.564059133549,23.84,22721.91223957564,33.34
Baccharis revoluta,Magnoliopsida,NA,18159.928199283473,1.59,7265.75838567609,40.01,8055.012638088199,44.36
Baccharis rupicola,Magnoliopsida,NA,26150.365163405877,2.29,10056.672977095932,38.46,10711.842972462173,40.96
Baccharis salicifolia,Magnoliopsida,LC,24216.720254046853,2.12,5453.90384453125,22.52,21601.940228515625,89.2
Baccharis teindalensis,Magnoliopsida,NA,3632.2597390111414,0.32,135.14256636376953,3.72,1069.1832383637695,29.44
Baccharis tricuneata,Magnoliopsida,NA,104550.68725203566,9.14,31333.32737039976,29.97,41950.08258666075,40.12
Baccharis trinervis,Magnoliopsida,NA,317726.1901102048,27.78,61649.194124282534,19.4,98912.65102319654,31.13
Baccharis vacciniifolia,Magnoliopsida,NA,57286.03364545692,5.01,19557.3041110586,34.14,23006.281801393863,40.16
Bacopa laxiflora,Magnoliopsida,NA,729303.0736835027,63.77,123819.734659313,16.98,226094.34674268408,31
Bacopa monnieri,Magnoliopsida,LC,34287.501215537544,3,5907.2886019545895,17.23,10507.887354263428,30.65
Bacopa monnierioides,Magnoliopsida,NA,170910.01102460126,14.94,13106.682551702148,7.67,29059.822970003905,17
Bacopa myriophylloides,Magnoliopsida,NA,130056.26949648275,11.37,8656.901093995117,6.66,21098.114126208984,16.22
Bacopa repens,Magnoliopsida,NA,505961.35417730326,44.24,74515.3585583086,14.73,154066.6368241094,30.45
Bacopa reptans,Magnoliopsida,NA,315105.4775307114,27.55,33867.43236047839,10.75,57231.48181635755,18.16
Bacopa salzmannii,Magnoliopsida,NA,666052.7364654896,58.24,100945.33713348884,15.16,158683.92853286094,23.82
Bacopa sessiliflora,Magnoliopsida,NA,43889.64389317022,3.84,3961.8709375930175,9.03,9452.964983385498,21.54
Bacopa stricta,Magnoliopsida,NA,284154.86950082664,24.85,53683.45990196263,18.89,83765.94931430958,29.48
Badilloa salicina,Magnoliopsida,NA,3034.0179124474957,0.27,299.1207399931641,9.86,1502.184451993164,49.51
Balizia pedicellaris,Magnoliopsida,NA,681436.6505125863,59.58,106616.10142939356,15.65,165706.0228754531,24.32
Banara arguta,Magnoliopsida,LC,599220.089503499,52.39,94772.39221651004,15.82,186978.38272685645,31.2
Banara glauca,Magnoliopsida,NA,213693.1721001869,18.68,40168.574671858456,18.8,69649.70764318091,32.59
Banara guianensis,Magnoliopsida,LC,953208.2541863464,83.34,172954.3546615387,18.14,268272.1548902064,28.14
Banara ibaguensis,Magnoliopsida,LC,559813.8440218766,48.95,111122.57091131229,19.85,214562.2536164585,38.33
Banara nitida,Magnoliopsida,LC,218452.69817559983,19.1,62245.2602463358,28.49,91864.44607168846,42.05
Banara ulmifolia,Magnoliopsida,LC,49474.917405339496,4.33,10193.879218716724,20.6,15663.484978535267,31.66
Banisteriopsis caapi,Magnoliopsida,NA,796862.749028514,69.67,154306.31141991337,19.36,234769.1068048517,29.46
Banisteriopsis elegans,Magnoliopsida,NA,154299.19388896675,13.49,22474.697234845025,14.57,30636.310589291556,19.86
Banisteriopsis martiniana,Magnoliopsida,NA,662731.5914378659,57.95,136369.9004631883,20.58,211001.27011812036,31.84
Banisteriopsis muricata,Magnoliopsida,NA,584751.0649455244,51.13,87215.06514471612,14.91,158070.11038077463,27.03
Banisteriopsis padifolia,Magnoliopsida,NA,261672.9498595115,22.88,51564.85869211228,19.71,81707.44079199796,31.23
Banisteriopsis wilburii,Magnoliopsida,NA,61813.57988395066,5.4,10700.765341224607,17.31,15344.209227014891,24.82
Barbieria pinnata,Magnoliopsida,LC,676438.7143157397,59.15,110645.77846693408,16.36,198421.91466337815,29.33
Barleria oenotheroides,Magnoliopsida,NA,406584.1637362375,35.55,43688.008421536106,10.75,98465.7270368843,24.22
Barnadesia parviflora,Magnoliopsida,LC,198164.90095159505,17.33,42093.332590119935,21.24,60773.50680134522,30.67
Barnadesia spinosa,Magnoliopsida,NA,105165.09680634792,9.2,28221.650949936942,26.84,37638.71545847609,35.79
Bartlettina paezensis,Magnoliopsida,NA,98518.690151791,8.61,20162.266550268905,20.47,28618.17491403465,29.05
Batesia floribunda,Magnoliopsida,LC,168281.8331634134,14.71,38410.259072,22.82,47967.09488,28.5
Bathysa bathysoides,Magnoliopsida,NA,499723.4872261454,43.69,53927.5945680852,10.79,112119.2278576441,22.44
Batis maritima,Magnoliopsida,NA,26463.831735072257,2.31,1362.85311875,5.15,7799.76321784375,29.47
Batocarpus amazonicus,Magnoliopsida,LC,583344.1226611459,51.01,96283.73820080105,16.51,158462.22673580982,27.16
Batocarpus costaricensis,Magnoliopsida,LC,573854.3829346491,50.18,97737.97888932734,17.03,164914.8301448673,28.74
Batocarpus orinocensis,Magnoliopsida,LC,387746.5833445413,33.9,83023.29297856244,21.41,120701.4097299259,31.13
Bauhinia aculeata,Magnoliopsida,LC,94413.93976216848,8.26,9529.874751411837,10.09,37994.30739354959,40.24
Bauhinia beguinotii,Magnoliopsida,LC,24583.930924863067,2.15,5286.89964422461,21.51,9693.978824072266,39.43
Bauhinia brachycalyx,Magnoliopsida,LC,138180.8136672676,12.08,23816.4733502666,17.24,27233.81253813379,19.71
Bauhinia cupulata,Magnoliopsida,LC,20470.07574342128,1.79,3406.672728859375,16.64,5368.0049540625,26.22
Bauhinia longicuspis,Magnoliopsida,LC,528362.06761152,46.2,91470.28022058692,17.31,155253.88802151172,29.38
Bauhinia pauletia,Magnoliopsida,LC,170157.22316921546,14.88,13668.009774345825,8.03,53223.857750244875,31.28
Bauhinia petiolata,Magnoliopsida,LC,314620.080273808,27.51,35395.85938442239,11.25,94881.21967043378,30.16
Bauhinia picta,Magnoliopsida,LC,424534.159349942,37.12,61400.23287211445,14.46,116637.30281706023,27.47
Bauhinia tarapotensis,Magnoliopsida,LC,441859.3997021643,38.63,73717.63679422357,16.68,108921.47666854486,24.65
Bauhinia ungulata,Magnoliopsida,LC,356051.03013221215,31.13,35507.9953754797,9.97,84326.45302244315,23.68
Begonia albomaculata,Magnoliopsida,NA,125.63709299385586,0.01,0,0,0,0
Begonia alnifolia,Magnoliopsida,NA,236075.25380577307,20.64,42359.264633330386,17.94,68409.9888503999,28.98
Begonia bracteosa,Magnoliopsida,NA,0,0,0,NA,0,NA
Begonia buddleiifolia,Magnoliopsida,NA,277876.64079916634,24.3,50117.78449680554,18.04,80229.88044711975,28.87
Begonia colombiana,Magnoliopsida,NA,95515.04449166544,8.35,19648.203113964417,20.57,32950.41010951904,34.5
Begonia cornuta,Magnoliopsida,NA,66753.41251479869,5.84,19673.594984284915,29.47,23878.560606740728,35.77
Begonia cucullata,Magnoliopsida,NA,270067.8596495972,23.61,52319.88260711823,19.37,76847.29976409081,28.45
Begonia cymbalifera,Magnoliopsida,NA,161646.10397165388,14.13,28828.868592626888,17.83,39802.58583369788,24.62
Begonia denticulata,Magnoliopsida,NA,107184.35071242832,9.37,27505.37476289087,25.66,38723.82196261639,36.13
Begonia dichotoma,Magnoliopsida,NA,0,0,0,NA,0,NA
Begonia ferruginea,Magnoliopsida,NA,25309.808203633704,2.21,5988.221912154571,23.66,7610.477302412563,30.07
Begonia fischeri,Magnoliopsida,NA,308564.8291651378,26.98,50159.701210162384,16.26,84073.99335917312,27.25
Begonia foliosa,Magnoliopsida,NA,139664.13896051678,12.21,32232.917081806252,23.08,49768.39780261408,35.63
Begonia gamolepis,Magnoliopsida,NA,77347.5042186008,6.76,19467.721366653102,25.17,26742.962882387365,34.58
Begonia glabra,Magnoliopsida,NA,542644.5680822144,47.45,110722.5613740736,20.4,172550.95660777178,31.8
Begonia guaduensis,Magnoliopsida,NA,731980.2237008616,64,128914.4300155235,17.61,225255.4170287932,30.77
Begonia hirsuta,Magnoliopsida,NA,32277.34542887863,2.82,6917.199188882812,21.43,9933.491148285157,30.78
Begonia hirtella,Magnoliopsida,NA,561213.85944994085,49.07,110577.54974123216,19.7,192085.4380032424,34.23
Begonia holtonis,Magnoliopsida,NA,165871.23872934261,14.5,34853.94315932721,21.01,55719.75275967554,33.59
Begonia kalbreyeri,Magnoliopsida,NA,23539.9854586264,2.06,5214.852699984268,22.15,5512.643474372604,23.42
Begonia killipiana,Magnoliopsida,NA,9251.45876350468,0.81,612.274698015625,6.62,780.2475733203125,8.43
Begonia longirostris,Magnoliopsida,NA,39517.50512871762,3.46,7506.885705971145,19,11914.196461453475,30.15
Begonia lutea,Magnoliopsida,NA,194716.23996423557,17.03,58398.18405213355,29.99,104652.21811065845,53.75
Begonia maurandiae,Magnoliopsida,NA,106504.27791649548,9.31,26507.92728903417,24.89,38449.01427010686,36.1
Begonia meridensis,Magnoliopsida,NA,309273.4706092105,27.04,53954.89171018451,17.45,87283.63628047076,28.22
Begonia microcarpa,Magnoliopsida,NA,68560.86577520533,5.99,15538.793015745052,22.66,21062.73206375207,30.72
Begonia novogranatae,Magnoliopsida,NA,155249.814445601,13.57,35353.68788740222,22.77,55970.554142633315,36.05
Begonia parviflora,Magnoliopsida,NA,208880.934736598,18.26,37812.19094363365,18.1,62843.31165195326,30.09
Begonia pastoensis,Magnoliopsida,NA,584.5927429464278,0.05,2.69043275,0.46,2.69043275,0.46
Begonia rossmanniae,Magnoliopsida,NA,207414.80104765948,18.14,38294.33662747789,18.46,48897.33303532518,23.57
Begonia segregata,Magnoliopsida,NA,126007.28414938968,11.02,28597.908401088855,22.7,45473.365388455975,36.09
Begonia semiovata,Magnoliopsida,NA,597853.7827584449,52.27,132595.0904752826,22.18,189415.7345435364,31.68
Begonia sericoneura,Magnoliopsida,NA,208366.0414958535,18.22,27893.68609322019,13.39,57300.58358142713,27.5
Begonia spadiciflora,Magnoliopsida,NA,29256.48785889609,2.56,10436.208063773372,35.67,12731.421215505245,43.52
Begonia tiliifolia,Magnoliopsida,NA,138480.9123990638,12.11,23956.87286818771,17.3,37727.86108278832,27.24
Begonia toledana,Magnoliopsida,NA,61828.93969962572,5.41,17270.7312174751,27.93,22774.65838479517,36.83
Begonia tonduzii,Magnoliopsida,NA,10700.827420470378,0.94,1871.1491198671872,17.49,2685.002124300782,25.09
Begonia tropaeolifolia,Magnoliopsida,EN,116449.03660385424,10.18,28106.881705958924,24.14,39332.68324120398,33.78
Begonia umbellata,Magnoliopsida,NA,22742.808851688904,1.99,5901.346887840332,25.95,7607.062743243958,33.45
Begonia urophylla,Magnoliopsida,NA,32055.396248606736,2.8,7406.322815825195,23.1,13671.42478608008,42.65
Begonia urticae,Magnoliopsida,NA,160137.71063067432,14,39869.76780436945,24.9,57623.46103385938,35.98
Beilschmiedia alloiophylla,Magnoliopsida,LC,53054.18355116638,4.64,9340.28582431128,17.61,14132.181926467774,26.64
Beilschmiedia costaricensis,Magnoliopsida,LC,359591.1887025502,31.44,64020.600942698795,17.8,109085.86356442334,30.34
Beilschmiedia latifolia,Magnoliopsida,LC,142569.53587569337,12.47,33747.19381060364,23.67,50411.16598395142,35.36
Beilschmiedia pendula,Magnoliopsida,LC,636252.3704323191,55.63,133150.77905549298,20.93,198195.4888126863,31.15
Beilschmiedia tovarensis,Magnoliopsida,LC,293398.7244693743,25.65,61197.33215837579,20.86,94740.11581896996,32.29
Bejaria aestuans,Magnoliopsida,LC,200109.78534131512,17.5,47790.81775874738,23.88,70816.0717794309,35.39
Bejaria mathewsii,Magnoliopsida,LC,87968.25230968492,7.69,23264.028945087583,26.45,31482.768728737425,35.79
Bejaria resinosa,Magnoliopsida,LC,85190.04128940741,7.45,26509.03737859204,31.12,34653.28635638202,40.68
Bejaria sprucei,Magnoliopsida,LC,343304.1931788214,30.02,55528.40319994949,16.17,98473.76568391698,28.68
Bellucia acutata,Magnoliopsida,LC,12871.336158598422,1.13,0.76845025,0.01,2011.40422625,15.63
Bellucia arborescens,Magnoliopsida,LC,528892.0498189308,46.24,86515.8987502627,16.36,123550.0054907705,23.36
Bellucia egensis,Magnoliopsida,LC,638825.1633019195,55.86,110899.4388095114,17.36,206327.58958116,32.3
Bellucia grossularioides,Magnoliopsida,LC,849768.4722791933,74.3,139633.19182811718,16.43,246495.62776804552,29.01
Bellucia klugii,Magnoliopsida,NA,350118.51001817547,30.61,96983.41486426536,27.7,134739.00584564038,38.48
Bellucia mespiloides,Magnoliopsida,LC,764810.3751707133,66.87,127567.90173771283,16.68,218881.87733442627,28.62
Bellucia ovata,Magnoliopsida,LC,278445.72906402574,24.35,68003.95112313086,24.42,96940.17951288086,34.81
Bellucia pentamera,Magnoliopsida,LC,844470.6003162216,73.84,153057.7952109842,18.12,243438.6802186231,28.83
Bellucia spruceana,Magnoliopsida,LC,713875.971324312,62.42,129484.06173901744,18.14,226809.2790705416,31.77
Bellucia strigosa,Magnoliopsida,LC,510168.552179997,44.61,90709.4119540647,17.78,154644.43672602394,30.31
Bellucia umbellata,Magnoliopsida,LC,238904.4357321026,20.89,48315.106522797854,20.22,58548.622722110355,24.51
Bellucia villosa,Magnoliopsida,NA,415612.836448953,36.34,75035.40329241699,18.05,131377.03092752735,31.61
Berberis acutinervia,Magnoliopsida,NA,7768.374583445535,0.68,5388.297676089844,69.36,5388.3202123164065,69.36
Berberis goudotii,Magnoliopsida,NA,27556.05063943318,2.41,9391.523864818726,34.08,10463.2021937417,37.97
Berberis grandiflora,Magnoliopsida,NA,46053.38766790331,4.03,12812.5642665921,27.82,18878.781898432124,40.99
Berberis hallii,Magnoliopsida,NA,1094.8376964553654,0.1,102.535208,9.37,572.632104,52.3
Berberis huertasii,Magnoliopsida,NA,112250.0959161248,9.81,33614.85613753192,29.95,44323.91522625349,39.49
Berberis lehmannii,Magnoliopsida,VU,8186.186045128845,0.72,229.82239025097655,2.81,2120.804470269531,25.91
Berberis lutea,Magnoliopsida,LC,49039.475962397286,4.29,16208.25757118338,33.05,19930.91835432614,40.64
Berberis petriruizii,Magnoliopsida,LC,60781.26962238432,5.31,14750.811075829592,24.27,21163.6987986836,34.82
Berberis pichinchensis,Magnoliopsida,NA,10712.017721451795,0.94,1272.1470343049316,11.88,4153.919162218994,38.78
Berberis psilopoda,Magnoliopsida,NA,37021.74865242304,3.24,12489.581416894436,33.74,15308.03120238827,41.35
Berberis rigidifolia,Magnoliopsida,NA,25293.45278922027,2.21,7804.392889415772,30.86,8891.562390919433,35.15
Berberis stuebelii,Magnoliopsida,NA,32448.375942485454,2.84,10711.044753362115,33.01,12674.66041694015,39.06
Berberis tabiensis,Magnoliopsida,VU,120982.9716276345,10.58,32135.573662740146,26.56,44556.44004003441,36.83
Berberis verticillata,Magnoliopsida,NA,14943.046461357972,1.31,5679.292669616241,38.01,6288.419848728577,42.08
Bertholletia excelsa,Magnoliopsida,VU,405372.9795586698,35.44,97131.79302916212,23.96,140042.22540062357,34.55
Bertiera angustifolia,Magnoliopsida,LC,525085.0761225321,45.91,89228.8887098332,16.99,128713.50893089964,24.51
Bertiera bracteosa,Magnoliopsida,LC,57230.4080009921,5,10474.238356160522,18.3,13806.795043970704,24.12
Bertiera guianensis,Magnoliopsida,LC,808506.4244725895,70.69,136331.6376414599,16.86,218250.72736913868,26.99
Bertiera parviflora,Magnoliopsida,NA,323270.937016449,28.27,80015.9292967627,24.75,112480.15866464553,34.79
Bertiera viburnoides,Magnoliopsida,NA,61432.494307742425,5.37,12652.013817429655,20.59,18538.95236336075,30.18
Besleria aggregata,Magnoliopsida,NA,304746.5910683809,26.65,67038.25022936877,22,90837.03441324866,29.81
Besleria angustiflora,Magnoliopsida,NA,42522.61868350495,3.72,7147.016540491363,16.81,11766.708664767608,27.67
Besleria barbata,Magnoliopsida,NA,322342.0636002474,28.18,50018.348812436896,15.52,71368.64567321393,22.14
Besleria barclayi,Magnoliopsida,NA,173476.36844559282,15.17,24244.401321775193,13.98,38989.98268373073,22.48
Besleria cinnabarina,Magnoliopsida,NA,6943.50945527836,0.61,2326.3620848389855,33.5,3205.740468214718,46.17
Besleria cognata,Magnoliopsida,NA,85595.0843199923,7.48,17742.482062526575,20.73,25825.79121369735,30.17
Besleria comosa,Magnoliopsida,LC,188961.822709547,16.52,31158.272488445793,16.49,48950.60547416668,25.91
Besleria delvillari,Magnoliopsida,NA,99196.31479221648,8.67,29070.275581738413,29.31,40671.74383927922,41
Besleria fallax,Magnoliopsida,NA,82747.09622075225,7.24,14257.014887906762,17.23,24396.255174395716,29.48
Besleria fecunda,Magnoliopsida,NA,162643.16411499245,14.22,23361.305777720765,14.36,40602.41386718799,24.96
Besleria flavovirens,Magnoliopsida,NA,95290.73485153654,8.33,28622.096384,30.04,29066.129888,30.5
Besleria florida,Magnoliopsida,NA,45166.293516316415,3.95,14063.549105366908,31.14,17833.369517743067,39.48
Besleria formicaria,Magnoliopsida,NA,0,0,0,NA,0,NA
Besleria formosa,Magnoliopsida,NA,142398.4513658683,12.45,28992.804985756167,20.36,45172.46958255271,31.72
Besleria gibbosa,Magnoliopsida,NA,710993.8396942912,62.17,132161.62494414594,18.59,227848.1307900226,32.05
Besleria hirsuta,Magnoliopsida,NA,123127.62698471652,10.77,12834.72881932544,10.42,21059.878917272217,17.1
Besleria immitis,Magnoliopsida,NA,223451.7999095607,19.54,45826.898972081784,20.51,60684.07648560132,27.16
Besleria inaequalis,Magnoliopsida,NA,186526.93269855517,16.31,41031.72496962988,22,53479.36048399707,28.67
Besleria laxiflora,Magnoliopsida,LC,446396.0076679678,39.03,93267.55522194166,20.89,172179.71537855774,38.57
Besleria microphylla,Magnoliopsida,NA,194761.15232720863,17.03,36327.74265863824,18.65,53639.89348913232,27.54
Besleria nitens,Magnoliopsida,NA,22119.38439111564,1.93,3504.9366665778807,15.85,4880.277707985108,22.06
Besleria notabilis,Magnoliopsida,NA,0,0,0,NA,0,NA
Besleria pauciflora,Magnoliopsida,NA,789412.0154397076,69.02,152119.64240024457,19.27,241966.36708817657,30.65
Besleria pennellii,Magnoliopsida,NA,77144.8261632195,6.75,14719.840465049743,19.08,24320.95009466446,31.53
Besleria reticulata,Magnoliopsida,NA,185119.2818351093,16.19,45987.3005573673,24.84,65981.6270052896,35.64
Besleria riparia,Magnoliopsida,NA,77781.22071266617,6.8,20060.346616890336,25.79,27734.14519385051,35.66
Besleria solanoides,Magnoliopsida,LC,240243.83502600432,21.01,48492.21395545383,20.18,75759.33834152896,31.53
Besleria sprucei,Magnoliopsida,NA,208262.3245338917,18.21,41604.81085162207,19.98,59181.69337299707,28.42
Besleria stricta,Magnoliopsida,NA,284236.975722145,24.85,60781.10449453333,21.38,81304.58612482093,28.6
Besleria tambensis,Magnoliopsida,NA,130001.2622681299,11.37,24497.91968078229,18.84,37674.70119489819,28.98
Besleria variabilis,Magnoliopsida,NA,236077.3053494836,20.64,45152.44550851805,19.13,69125.35251386595,29.28
Besleria ventricosa,Magnoliopsida,NA,87247.00773786205,7.63,19418.80782407391,22.26,26493.713542014277,30.37
Bidens alba,Magnoliopsida,NA,165147.62731394268,14.44,33754.5187365589,20.44,54699.52453502173,33.12
Bidens andicola,Magnoliopsida,NA,76009.86335511752,6.65,25097.00079176596,33.02,31315.537844274502,41.2
Bidens cynapiifolia,Magnoliopsida,NA,723552.9360905048,63.26,151750.2357060795,20.97,256351.55724966736,35.43
Bidens laevis,Magnoliopsida,NA,179355.77082373117,15.68,41011.09534488628,22.87,56739.23488632926,31.64
Bidens pilosa,Magnoliopsida,NA,361817.61103852943,31.64,69646.8075384798,19.25,112681.87470997583,31.14
Bidens reptans,Magnoliopsida,NA,84974.75580369592,7.43,16659.661677857664,19.61,27228.824762486085,32.04
Bidens riparia,Magnoliopsida,NA,480343.1306785966,42,108747.9983739093,22.64,196973.38264328547,41.01
Bidens rubifolia,Magnoliopsida,NA,146888.5798132006,12.84,35828.99468015611,24.39,52678.20008051024,35.86
Bidens triplinervia,Magnoliopsida,NA,74356.4529787427,6.5,23547.460444697877,31.67,29896.19443521759,40.21
Bignonia aequinoctialis,Magnoliopsida,NA,915925.4827835256,80.08,148748.93225742722,16.24,264854.11918939895,28.92
Bignonia binata,Magnoliopsida,NA,854783.6762502575,74.74,143033.30226122617,16.73,244534.19116832103,28.61
Bignonia bracteomana,Magnoliopsida,NA,64457.14560836572,5.64,6907.749376,10.72,6907.749376,10.72
Bignonia corymbosa,Magnoliopsida,NA,645584.3145290919,56.45,105533.49676641324,16.35,208170.4727954956,32.25
Bignonia diversifolia,Magnoliopsida,NA,181623.41266953127,15.88,18149.56536274345,9.99,56587.96205858716,31.16
Bignonia hyacinthina,Magnoliopsida,NA,744553.1704397189,65.1,130325.34442840988,17.5,223195.12949858376,29.98
Bignonia lilacina,Magnoliopsida,NA,635902.416855984,55.6,96208.96253909104,15.13,175179.5299967942,27.55
Bignonia magnifica,Magnoliopsida,NA,316689.23904471454,27.69,42503.09367301172,13.42,85207.02871057607,26.91
Bignonia neoheterophylla,Magnoliopsida,NA,17012.173265733825,1.49,2589.310198394531,15.22,7251.843399539062,42.63
Bignonia neouliginosa,Magnoliopsida,NA,189052.4175287425,16.53,18760.42300327417,9.92,62115.39189534595,32.86
Bignonia nocturna,Magnoliopsida,NA,668782.7646460835,58.48,115426.88187465642,17.26,205814.03502228128,30.77
Bignonia prieurei,Magnoliopsida,NA,729299.8820775533,63.77,123648.66043210372,16.95,193735.2698293572,26.56
Bignonia pterocalyx,Magnoliopsida,NA,176638.0245052428,15.44,23350.57720035376,13.22,62665.58946762549,35.48
Billia rosea,Magnoliopsida,LC,189077.9984683828,16.53,41084.343227885314,21.73,63153.77793298731,33.4
Biophytum calophyllum,Magnoliopsida,NA,552632.6253765604,48.32,102609.7924042649,18.57,162522.1669926494,29.41
Biophytum columbianum,Magnoliopsida,NA,410862.4755447656,35.92,85578.70416178973,20.83,147767.66156106873,35.97
Biophytum dendroides,Magnoliopsida,NA,628288.789650122,54.94,116594.7746801964,18.56,179861.6364648756,28.63
Biophytum lindsaeifolium,Magnoliopsida,NA,87200.69521787134,7.62,18746.88128552344,21.5,18746.88128552344,21.5
Biophytum somnians,Magnoliopsida,NA,187176.338221918,16.37,39168.025037618165,20.93,47884.75245911035,25.58
Biophytum soukupii,Magnoliopsida,NA,11315.184276371509,0.99,1699.5590429648437,15.02,2423.9805594023437,21.42
Bixa orellana,Magnoliopsida,LC,1022556.3412396816,89.41,179694.0696807851,17.57,297197.2046644514,29.06
Bixa urucurana,Magnoliopsida,LC,825423.6156459034,72.17,136971.69774689354,16.59,244495.6394638445,29.62
Blakea albertiae,Magnoliopsida,LC,23434.65578765602,2.05,6464.214786994722,27.58,8726.633456706393,37.24
Blakea allotricha,Magnoliopsida,NA,4400.825090476138,0.38,43.60139075,0.99,43.83454071875,1
Blakea alternifolia,Magnoliopsida,NA,69316.00207751122,6.06,5848.9990752104495,8.44,7029.167867914551,10.14
Blakea andreana,Magnoliopsida,LC,41674.78732846918,3.64,11662.561880005416,27.98,13139.487803821788,31.53
Blakea argentea,Magnoliopsida,VU,132584.47954802643,11.59,29721.694269690033,22.42,42627.01344194708,32.15
Blakea brachyura,Magnoliopsida,LC,112635.03940700198,9.85,17772.88740069701,15.78,23885.766051639577,21.21
Blakea bracteata,Magnoliopsida,NA,216830.42240599377,18.96,45906.91710311318,21.17,56378.4163452032,26
Blakea brasiliensis,Magnoliopsida,LC,455561.9342221859,39.83,106485.80709636628,23.37,161947.35885465925,35.55
Blakea calyptrata,Magnoliopsida,LC,121079.57333739942,10.59,23560.3080353101,19.46,37603.38073849491,31.06
Blakea castanedae,Magnoliopsida,LC,76408.66867257273,6.68,7545.735642364502,9.88,9002.204153919678,11.78
Blakea clavata,Magnoliopsida,NA,41033.359708349184,3.59,2104.3959305625,5.13,2400.2331995585937,5.85
Blakea cuatrecasasii,Magnoliopsida,LC,72851.66852378442,6.37,17159.128882006895,23.55,25851.400725010983,35.48
Blakea cuprina,Magnoliopsida,LC,14241.53732231086,1.25,892.57971,6.27,1135.994942,7.98
Blakea discolor,Magnoliopsida,VU,24656.24649248779,2.16,5590.5086290625,22.67,6025.665450046875,24.44
Blakea fasciculata,Magnoliopsida,NA,41790.4592167568,3.65,6354.57405468457,15.21,7648.80196312207,18.3
Blakea glaberrima,Magnoliopsida,LC,297144.4517633001,25.98,51903.272990841855,17.47,81561.23866858764,27.45
Blakea glabrescens,Magnoliopsida,LC,186826.16008342407,16.34,26240.32927640707,14.05,43105.32192988057,23.07
Blakea granatensis,Magnoliopsida,LC,146711.2754844079,12.83,30033.334644701263,20.47,48087.76665114188,32.78
Blakea henripittieri,Magnoliopsida,NA,92108.42607952858,8.05,18777.689852527572,20.39,28281.79800536992,30.7
Blakea holtonii,Magnoliopsida,LC,76809.78369800729,6.72,26366.96373989185,34.33,33590.4527409892,43.73
Blakea horologica,Magnoliopsida,NA,96961.50564781643,8.48,13608.360233446045,14.03,19330.200555374267,19.94
Blakea inflata,Magnoliopsida,NT,61670.02196001428,5.39,3462.5954236210937,5.61,4166.841325949219,6.76
Blakea insignis,Magnoliopsida,NA,69626.94787620622,6.09,12386.948465188232,17.79,17381.090362053954,24.96
Blakea jativae,Magnoliopsida,NT,7717.572294441963,0.67,137.128986875,1.78,540.758404875,7.01
Blakea latifolia,Magnoliopsida,LC,54518.90238668656,4.77,10189.271198923034,18.69,14006.3280029469,25.69
Blakea longiloba,Magnoliopsida,NA,32864.57288864295,2.87,11961.638536645813,36.4,15117.68573635083,46
Blakea longipes,Magnoliopsida,VU,11015.126775070576,0.96,2899.38564217041,26.32,2899.4512100317384,26.32
Blakea mortoniana,Magnoliopsida,NA,3031.1620853597055,0.27,67.834276296875,2.24,67.834276296875,2.24
Blakea orientalis,Magnoliopsida,LC,448948.3285854644,39.25,86555.2801491651,19.28,131091.99951834668,29.2
Blakea parasitica,Magnoliopsida,LC,238071.21777099505,20.82,35294.36023953692,14.83,54677.795914073424,22.97
Blakea platypoda,Magnoliopsida,LC,64748.26702208038,5.66,8019.548070385372,12.39,10474.116110656125,16.18
Blakea podagrica,Magnoliopsida,LC,107107.24381956855,9.37,12158.79611270868,11.35,16029.346041045166,14.97
Blakea princeps,Magnoliopsida,NT,189081.56291429268,16.53,28837.44483904547,15.25,45486.13087207129,24.06
Blakea punctulata,Magnoliopsida,LC,202212.41611767377,17.68,38277.09701085492,18.93,56857.48047500159,28.12
Blakea pyxidanthus,Magnoliopsida,NT,98047.72251701288,8.57,17127.924127555052,17.47,23480.14877891272,23.95
Blakea quadrangularis,Magnoliopsida,LC,61475.59218985688,5.38,16062.809681870069,26.13,21193.889484924115,34.48
Blakea quadriflora,Magnoliopsida,NA,142722.2911664174,12.48,24040.67750452501,16.84,42342.275029616016,29.67
Blakea repens,Magnoliopsida,LC,144920.40676450077,12.67,26511.78598140109,18.29,40646.47573625335,28.05
Blakea rosea,Magnoliopsida,LC,559276.226818137,48.9,112736.61974832398,20.16,171612.21388313276,30.68
Blakea setosa,Magnoliopsida,LC,221356.01789120733,19.35,37953.06254071246,17.15,61675.388279270264,27.86
Blakea stipulacea,Magnoliopsida,LC,186128.97350577943,16.27,37630.73443784575,20.22,51552.9119091179,27.7
Blakea subbarbata,Magnoliopsida,LC,32714.699323054945,2.86,5743.8924804579465,17.56,6859.278206523803,20.97
Blakea subconnata,Magnoliopsida,LC,154854.96605435904,13.54,22571.705462747224,14.58,34415.22967171042,22.22
Blakea subscabrula,Magnoliopsida,LC,21208.280334860017,1.85,3195.0727750754395,15.07,3371.6863183374026,15.9
Blakea superba,Magnoliopsida,VU,104016.9827300238,9.09,19836.530132367596,19.07,24120.06135888096,23.19
Blakea trianae,Magnoliopsida,LC,68497.71629234392,5.99,6459.0896583398435,9.43,7714.930051925781,11.26
Blakea watsonii,Magnoliopsida,LC,83821.25367932495,7.33,13521.123090598632,16.13,23873.200497663085,28.48
Blastemanthus gemmiflorus,Magnoliopsida,NA,225327.940711734,19.7,33874.487451296874,15.03,45007.378473796874,19.97
Blepharandra angustifolia,Magnoliopsida,LC,6784.292385743073,0.59,0,0,1173.52128,17.3
Blepharandra heteropetala,Magnoliopsida,NA,130731.84686904911,11.43,13331.689687265623,10.2,18048.491755265622,13.81
Blepharodon amazonicum,Magnoliopsida,NA,165619.2083074282,14.48,33001.6548424079,19.93,36821.492316346375,22.23
Blepharodon glaucescens,Magnoliopsida,NA,683532.6504083656,59.77,117603.95424250732,17.21,207086.3293785515,30.3
Blepharodon grandiflorum,Magnoliopsida,NA,218336.8900900069,19.09,44982.042790938845,20.6,70868.64273312436,32.46
Bocageopsis canescens,Magnoliopsida,LC,423103.7004245017,36.99,98395.4406265791,23.26,137121.84779236818,32.41
Bocageopsis multiflora,Magnoliopsida,LC,633172.5725405818,55.36,115739.82383447656,18.28,176756.85202776856,27.92
Bocconia frutescens,Magnoliopsida,LC,180546.41924653543,15.79,38001.497316663816,21.05,58391.38839460626,32.34
Bocconia integrifolia,Magnoliopsida,NA,151325.1005709614,13.23,37394.531162081985,24.71,54748.13543717046,36.18
Boehmeria aspera,Magnoliopsida,LC,261318.4391585384,22.85,53852.217779407045,20.61,80315.05432409058,30.73
Boehmeria bullata,Magnoliopsida,NA,122930.62777111027,10.75,27809.190550105315,22.62,39248.060022805665,31.93
Boehmeria caudata,Magnoliopsida,LC,208636.33027792495,18.24,38992.11468844015,18.69,62887.75000882827,30.14
Boehmeria celtidifolia,Magnoliopsida,LC,159344.39086284774,13.93,37911.731088972534,23.79,52153.80322253419,32.73
Boehmeria nivea,Magnoliopsida,NA,187697.27210221364,16.41,30874.90888569272,16.45,53536.70892913236,28.52
Boehmeria pavonii,Magnoliopsida,LC,219587.08716375817,19.2,31048.909142562217,14.14,56793.74122941841,25.86
Boehmeria ramiflora,Magnoliopsida,LC,294507.9364190615,25.75,59081.34366431712,20.06,99586.92887962791,33.81
Boehmeria ulmifolia,Magnoliopsida,LC,201211.3855104841,17.59,41495.97913841107,20.62,65488.829456603395,32.55
Boerhavia coccinea,Magnoliopsida,NA,117686.66872920834,10.29,11715.6339383114,9.95,47063.64302877942,39.99
Boerhavia diffusa,Magnoliopsida,NA,669279.1574495058,58.52,106721.75154170729,15.95,205192.84396647284,30.66
Boerhavia erecta,Magnoliopsida,NA,272240.82290152786,23.8,43775.908003062104,16.08,95266.64622906284,34.99
Bonamia trichantha,Magnoliopsida,NA,215922.25751507908,18.88,23631.141898159272,10.94,66244.99542792806,30.68
Bonellia frutescens,Magnoliopsida,LC,44666.75758816766,3.91,2442.8933363766787,5.47,12316.702745599883,27.57
Bonnetia paniculata,Magnoliopsida,LC,236893.8189952443,20.71,59099.1434383747,24.95,107500.1383025794,45.38
Bonnetia sessilis,Magnoliopsida,LC,336402.38538165344,29.41,70145.92397368189,20.85,114195.58483224756,33.95
Bonyunia aquatica,Magnoliopsida,LC,548616.3793911479,47.97,106821.25169444532,19.47,155897.7391102031,28.42
Borago officinalis,Magnoliopsida,NA,157381.56913607573,13.76,36739.071499286074,23.34,54822.53556599979,34.83
Borismene japurensis,Magnoliopsida,NA,81847.23059596246,7.16,4353.411504934692,5.32,6668.8008258096925,8.15
Bothriospora corymbosa,Magnoliopsida,LC,161698.15544008056,14.14,43419.151872,26.85,58686.368736,36.29
Botryarrhena pendula,Magnoliopsida,LC,344988.20937140915,30.16,85049.59128287989,24.65,119280.7974480127,34.58
Bouchea boyacana,Magnoliopsida,NA,182415.4565830271,15.95,23436.516539449753,12.85,62443.39493378904,34.23
Bouchea prismatica,Magnoliopsida,NA,247798.6209408252,21.67,28687.615420038102,11.58,80751.12288814773,32.59
Bougainvillea glabra,Magnoliopsida,LC,362502.8856393231,31.7,61661.57438556622,17.01,100867.42203174096,27.83
Bourreria costaricensis,Magnoliopsida,LC,94883.38760044094,8.3,12001.120112650391,12.65,14894.261761238282,15.7
Bowdichia virgilioides,Magnoliopsida,LC,378296.9713911592,33.08,61850.928909178714,16.35,104175.56367162697,27.54
Brachycylix vageleri,Magnoliopsida,NT,22262.42339533917,1.95,3153.9877600820314,14.17,6820.743908242188,30.64
Brachyotum ledifolium,Magnoliopsida,NA,33566.84830427612,2.93,9852.423779477416,29.35,13757.10844305719,40.98
Brachyotum lindenii,Magnoliopsida,NA,23314.5969850198,2.04,8009.996666376862,34.36,10672.08470773349,45.77
Brachyotum strigosum,Magnoliopsida,LC,11546.41040126668,1.01,4889.6493491186375,42.35,5394.595310394058,46.72
Brassica oleracea,Magnoliopsida,DD,417649.34244008025,36.52,73722.2290994571,17.65,136286.33685527247,32.63
Brassica rapa,Magnoliopsida,NA,120121.74969484044,10.5,30852.22694014709,25.68,43792.678161146745,36.46
Bravaisia integerrima,Magnoliopsida,LC,611949.9082654272,53.51,81105.86729911405,13.25,168787.55702660527,27.58
Bredemeyera densiflora,Magnoliopsida,NA,448612.3639088461,39.22,102200.46632540332,22.78,145957.88652253614,32.54
Bredemeyera floribunda,Magnoliopsida,LC,367693.92417469545,32.15,53474.042588328826,14.54,120818.08413636306,32.86
Bredemeyera lucida,Magnoliopsida,NA,777368.6411893144,67.97,121840.5338469832,15.67,221138.1057050368,28.45
Bredemeyera myrtifolia,Magnoliopsida,NA,417731.9205812959,36.52,80383.31837369544,19.24,136524.56284602318,32.68
Brickellia diffusa,Magnoliopsida,NA,195620.39072784997,17.1,25220.75477244191,12.89,60023.48055130893,30.68
Bronwenia cornifolia,Magnoliopsida,NA,230497.1167380904,20.15,25509.870926327876,11.07,78249.40730938375,33.95
Bronwenia wurdackii,Magnoliopsida,NA,780287.6350119705,68.23,128265.32236614454,16.44,219169.54802800785,28.09
Brosimum acutifolium,Magnoliopsida,LC,451338.3528977781,39.46,107774.66883266138,23.88,158396.91108784496,35.09
Brosimum alicastrum,Magnoliopsida,LC,797920.5340809437,69.77,128120.140151241,16.06,248004.6827075856,31.08
Brosimum guianense,Magnoliopsida,LC,952068.736185625,83.25,158863.45550746948,16.69,263104.0555501836,27.63
Brosimum lactescens,Magnoliopsida,LC,860908.3651521523,75.27,142826.0465138027,16.59,228914.68635052492,26.59
Brosimum longifolium,Magnoliopsida,LC,310996.16513442155,27.19,77274.03957858105,24.85,113135.3125755466,36.38
Brosimum multinervium,Magnoliopsida,LC,50949.3240019887,4.45,6900.348831687256,13.54,8281.376891124755,16.25
Brosimum parinarioides,Magnoliopsida,LC,221126.15545564727,19.33,71086.19899875,32.15,97312.82218275,44.01
Brosimum potabile,Magnoliopsida,LC,481541.6535640637,42.1,104896.26331028467,21.78,159748.59946014208,33.17
Brosimum rubescens,Magnoliopsida,LC,854309.3169212418,74.7,141668.96848239342,16.58,241711.1863956213,28.29
Brosimum utile,Magnoliopsida,LC,920400.7003590142,80.48,166707.76435637774,18.11,266445.1031512424,28.95
Browallia americana,Magnoliopsida,NA,273320.0755917117,23.9,53086.38268331788,19.42,85053.81742032887,31.12
Browallia speciosa,Magnoliopsida,NA,268264.1718985704,23.46,50054.78152038449,18.66,79320.75896954507,29.57
Brownea ariza,Magnoliopsida,NA,771054.1205144002,67.42,120659.97000103492,15.65,234954.97315353944,30.47
Brownea birschellii,Magnoliopsida,NT,157839.91540929914,13.8,15330.637046428224,9.71,56686.23547830859,35.91
Brownea coccinea,Magnoliopsida,LC,619094.2426571117,54.13,107955.05657650412,17.44,198705.15494272177,32.1
Brownea grandiceps,Magnoliopsida,LC,292855.445400634,25.61,68804.51086264478,23.49,103714.54251998656,35.41
Brownea longipedicellata,Magnoliopsida,LC,306702.39114346006,26.82,81694.7012,26.64,111384.482565,36.32
Brownea macrophylla,Magnoliopsida,LC,687730.6684901784,60.13,137333.14227510404,19.97,208655.8076870645,30.34
Brownea multijuga,Magnoliopsida,LC,98350.02463053212,8.6,9835.904412838869,10,27741.892689678712,28.21
Brownea negrensis,Magnoliopsida,NA,636602.8437066069,55.66,119092.7169412052,18.71,179936.7330358175,28.27
Brownea santanderensis,Magnoliopsida,EN,28997.92961835929,2.54,3937.6900015517576,13.58,8542.008843270507,29.46
Brownea stenantha,Magnoliopsida,LC,195194.98538850897,17.07,22809.242508271946,11.69,64101.19230598233,32.84
Browneopsis excelsa,Magnoliopsida,LC,129719.20339357656,11.34,15780.95542029834,12.17,44967.471029326174,34.67
Brugmansia arborea,Magnoliopsida,EW,285075.67665584077,24.93,58234.00770121158,20.43,87485.36924846085,30.69
Brugmansia aurea,Magnoliopsida,EW,210800.85647562917,18.43,49509.112545406555,23.49,74871.69882867212,35.52
Brugmansia insignis,Magnoliopsida,EW,674991.2110908658,59.02,147085.9975818479,21.79,225748.31982579737,33.44
Brugmansia sanguinea,Magnoliopsida,EW,96927.79062567346,8.47,22867.82664683565,23.59,33578.38731978075,34.64
Brunellia acostae,Magnoliopsida,LC,143300.8753581409,12.53,27192.8201447409,18.98,37567.16660335924,26.22
Brunellia acutangula,Magnoliopsida,LC,41349.301521252506,3.62,12968.418708578612,31.36,15620.67465031836,37.78
Brunellia boqueronensis,Magnoliopsida,VU,38250.50677746564,3.34,11318.218304814944,29.59,14961.82482660419,39.12
Brunellia cayambensis,Magnoliopsida,VU,13594.085221055484,1.19,5677.07592086084,41.76,7041.307293585449,51.8
Brunellia comocladifolia,Magnoliopsida,LC,294318.0438735282,25.73,58799.43211314093,19.98,92045.7421620315,31.27
Brunellia dulcis,Magnoliopsida,LC,695.7632755614368,0.06,0,0,0,0
Brunellia goudotii,Magnoliopsida,LC,77887.70889903171,6.81,20192.06061207733,25.92,28032.99217223111,35.99
Brunellia hygrothermica,Magnoliopsida,LC,78534.11359405579,6.87,12485.994744885007,15.9,16258.329350404783,20.7
Brunellia integrifolia,Magnoliopsida,LC,210928.00256273855,18.44,42077.33306999324,19.95,77300.55099142734,36.65
Brunellia propinqua,Magnoliopsida,LC,31912.453087080943,2.79,9989.43681146585,31.3,11833.737446575891,37.08
Brunellia putumayensis,Magnoliopsida,NT,66182.27861545527,5.79,14303.93401511084,21.61,23317.953102780397,35.23
Brunellia sibundoya,Magnoliopsida,LC,144632.5172452365,12.65,31357.134661221982,21.68,47016.898635943115,32.51
Brunellia subsessilis,Magnoliopsida,LC,60602.10879462639,5.3,10984.83459795086,18.13,18101.11917785253,29.87
Brunellia tomentosa,Magnoliopsida,LC,10008.634912327649,0.88,449.32731924072266,4.49,3380.870039217285,33.78
Brunellia trianae,Magnoliopsida,LC,121842.44252045528,10.65,26547.98714851623,21.79,38820.42437224395,31.86
Brunellia trigyna,Magnoliopsida,VU,5341.353024336654,0.47,1534.8065145,28.73,1843.001438125,34.5
Brunfelsia chiricaspi,Magnoliopsida,NA,267462.7330990099,23.39,65307.48754569507,24.42,91524.11686654302,34.22
Brunfelsia chocoensis,Magnoliopsida,NA,35203.905072987676,3.08,7813.082754355469,22.19,8818.53952207422,25.05
Brunfelsia grandiflora,Magnoliopsida,LC,531658.0249690721,46.49,108190.2557111461,20.35,168383.89247508167,31.67
Buchnera jacoborum,Magnoliopsida,NA,119619.46158008795,10.46,51380.7376521875,42.95,84898.283172125,70.97
Buchnera palustris,Magnoliopsida,NA,195103.43004753435,17.06,14353.39953592206,7.36,33358.700142258975,17.1
Buchnera pusilla,Magnoliopsida,NA,565182.1618081351,49.42,81473.53283492438,14.42,153308.6671978842,27.13
Buchnera rosea,Magnoliopsida,NA,305557.75875460193,26.72,36377.87128204297,11.91,64818.98169823926,21.21
Buchnera schultesii,Magnoliopsida,NA,163163.6298842,14.27,33915.89573671875,20.79,53079.39528825,32.53
Buchnera weberbaueri,Magnoliopsida,NA,402333.8754099937,35.18,67401.76217290918,16.75,120321.98260972656,29.91
Bucquetia glutinosa,Magnoliopsida,LC,27620.91852060788,2.42,9037.523513145752,32.72,10278.269102358889,37.21
Buddleja americana,Magnoliopsida,LC,159485.28311827336,13.94,30444.938932404053,19.09,49750.85944066504,31.19
Buddleja bullata,Magnoliopsida,NA,116956.0149398389,10.23,32680.11957538458,27.94,43277.687497489744,37
Buddleja incana,Magnoliopsida,LC,64195.50212324015,5.61,20463.729210730147,31.88,26027.43941895036,40.54
Buddleja pichinchensis,Magnoliopsida,VU,2976.837357858759,0.26,369.0674035161133,12.4,1541.3616274536132,51.78
Bunchosia argentea,Magnoliopsida,LC,578953.677752671,50.62,103501.2878707497,17.88,164124.5762082577,28.35
Bunchosia armeniaca,Magnoliopsida,LC,1045989.7474518368,91.46,181366.76067841932,17.34,303453.8744171087,29.01
Bunchosia cauliflora,Magnoliopsida,NT,6555.024728393201,0.57,1.9431902666015624,0.03,1.9431902666015624,0.03
Bunchosia cestrifolia,Magnoliopsida,LC,285478.0623154896,24.96,39355.13092389218,13.79,89244.03906063602,31.26
Bunchosia diphylla,Magnoliopsida,LC,79782.48579059154,6.98,5592.44651626416,7.01,27239.409806379394,34.14
Bunchosia dwyeri,Magnoliopsida,LC,0,0,0,NA,0,NA
Bunchosia glandulifera,Magnoliopsida,LC,797971.7243046043,69.77,150622.72579579553,18.88,237588.50805488517,29.77
Bunchosia hartwegiana,Magnoliopsida,LC,93877.2133930332,8.21,12236.970215491456,13.04,31022.58254581958,33.05
Bunchosia macrophylla,Magnoliopsida,LC,4653.153158522968,0.41,588.053992,12.64,840.064504,18.05
Bunchosia nitida,Magnoliopsida,LC,355314.8453185237,31.07,57992.92497731952,16.32,116370.35659610164,32.75
Bunchosia odorata,Magnoliopsida,LC,109350.84419096253,9.56,8544.499195442597,7.81,38960.78711506033,35.63
Bunchosia pseudonitida,Magnoliopsida,NA,296276.62374115497,25.91,34861.58948512349,11.77,91039.99430629212,30.73
Burdachia prismatocarpa,Magnoliopsida,LC,331670.55761802825,29,59189.07335728125,17.85,85307.94390507812,25.72
Burdachia sphaerocarpa,Magnoliopsida,LC,49664.28803197293,4.34,5426.084138103515,10.93,13536.661209728516,27.26
Burmeistera asclepiadea,Magnoliopsida,NA,208630.93669391648,18.24,36763.19822535364,17.62,54318.993978620485,26.04
Burmeistera carnosa,Magnoliopsida,NA,102223.46270542456,8.94,21205.94201092126,20.74,31493.68281756817,30.81
Burmeistera ceratocarpa,Magnoliopsida,NA,140442.54975925077,12.28,23505.727267536982,16.74,30591.48635820819,21.78
Burmeistera corei,Magnoliopsida,NA,33875.30133747706,2.96,4849.409818527863,14.32,6999.555379919464,20.66
Burmeistera crassifolia,Magnoliopsida,NA,131609.9227795841,11.51,19713.054420861143,14.98,32911.3736228537,25.01
Burmeistera cyclostigmata,Magnoliopsida,NA,98769.15083460783,8.64,17196.567084742554,17.41,25139.571485448305,25.45
Burmeistera fuscoapicata,Magnoliopsida,NA,107604.11388113465,9.41,19775.80844738591,18.38,27721.04476315138,25.76
Burmeistera glabrata,Magnoliopsida,NA,259251.15240516336,22.67,50690.872548854306,19.55,72150.59727987768,27.83
Burmeistera globosa,Magnoliopsida,NA,100747.46182362289,8.81,27414.05323674182,27.21,38377.819922049865,38.09
Burmeistera lutosa,Magnoliopsida,NA,6351.8952574937075,0.56,964.926955910782,15.19,1778.2126457769014,27.99
Burmeistera microphylla,Magnoliopsida,NA,22263.294255575463,1.95,5482.030794196225,24.62,7355.8403302549405,33.04
Burmeistera montipomum,Magnoliopsida,NA,18496.935311088477,1.62,7190.299207262203,38.87,8353.95176319183,45.16
Burmeistera multiflora,Magnoliopsida,NA,134718.07860278196,11.78,23462.065234830385,17.42,37453.20725813208,27.8
Burmeistera succulenta,Magnoliopsida,NA,254888.4239423302,22.29,46698.015105399965,18.32,74357.23403271314,29.17
Burmeistera sylvicola,Magnoliopsida,NA,4255.63995680035,0.37,1969.4355287031708,46.28,1969.269379715866,46.27
Burmeistera truncata,Magnoliopsida,VU,92990.97886829938,8.13,16339.098579075806,17.57,26491.923385083832,28.49
Burmeistera variabilis,Magnoliopsida,NA,231804.5558573866,20.27,39340.80647633539,16.97,59252.67841734256,25.56
Burmeistera vulgaris,Magnoliopsida,NA,366.9955206215858,0.03,0,0,0,0
Bursera graveolens,Magnoliopsida,LC,209849.7849864544,18.35,25535.513760288057,12.17,70605.509266337,33.65
Bursera inversa,Magnoliopsida,DD,71581.88365920355,6.26,11038.748625373048,15.42,38667.55055093945,54.02
Bursera karsteniana,Magnoliopsida,NT,18933.80289543446,1.66,917.2775740078124,4.84,917.2775753671876,4.84
Bursera simaruba,Magnoliopsida,LC,512437.5189391689,44.81,56287.538729853,10.98,121274.5026514036,23.67
Bursera tomentosa,Magnoliopsida,LC,471546.26111914514,41.23,54356.07332725829,11.53,129636.93343109849,27.49
Buxus citrifolia,Magnoliopsida,LC,294804.28170601267,25.78,22970.309409888672,7.79,71069.81940407226,24.11
Byrsonima aerugo,Magnoliopsida,LC,633136.1520335303,55.36,124070.29534291114,19.6,219556.9317956277,34.68
Byrsonima amoena,Magnoliopsida,NA,418797.64648227015,36.62,101598.49936198143,24.26,142834.48050711426,34.11
Byrsonima arthropoda,Magnoliopsida,LC,715631.604520687,62.57,128238.75765655408,17.92,210343.8225855232,29.39
Byrsonima bronweniana,Magnoliopsida,NT,10917.976596812632,0.95,0.76845025,0.01,1385.88486625,12.69
Byrsonima chrysophylla,Magnoliopsida,NA,643202.8531101422,56.24,117934.34733201952,18.34,182681.97752943847,28.4
Byrsonima concinna,Magnoliopsida,LC,224830.38530467672,19.66,59933.30464136792,26.66,99871.92670951392,44.42
Byrsonima coniophylla,Magnoliopsida,LC,58302.96714027602,5.1,4552.15968225,7.81,7040.75641825,12.08
Byrsonima crassifolia,Magnoliopsida,LC,757639.9282755008,66.25,123479.08706197464,16.3,235528.4432193483,31.09
Byrsonima crispa,Magnoliopsida,LC,757010.6899882129,66.19,125418.05355392296,16.57,228783.1181015418,30.22
Byrsonima cuprea,Magnoliopsida,NA,73804.84065472138,6.45,1233.497893015625,1.67,5492.575161015625,7.44
Byrsonima fernandezii,Magnoliopsida,LC,450434.1764126942,39.38,86836.5660441875,19.28,126744.53136946876,28.14
Byrsonima flexipes,Magnoliopsida,LC,394133.64815533935,34.46,70908.15090888305,17.99,98075.28525147996,24.88
Byrsonima frondosa,Magnoliopsida,EN,47914.213059737405,4.19,10109.3728885,21.1,10615.6140405,22.16
Byrsonima garcibarrigae,Magnoliopsida,LC,444139.04057177267,38.83,78383.91014585095,17.65,111784.78293378552,25.17
Byrsonima hypoleuca,Magnoliopsida,LC,410911.25887517154,35.93,65892.71100408789,16.04,127742.22300138818,31.09
Byrsonima japurensis,Magnoliopsida,LC,587217.3601305389,51.34,109293.37102884418,18.61,158855.86853826605,27.05
Byrsonima krukoffii,Magnoliopsida,NA,425415.7134277533,37.2,97984.56330579786,23.03,147182.97902136034,34.6
Byrsonima laevis,Magnoliopsida,NA,553606.115377361,48.41,108387.6298811875,19.58,160882.99841678125,29.06
Byrsonima linguifera,Magnoliopsida,LC,17855.022051992506,1.56,3736.063252265625,20.92,7670.922366265625,42.96
Byrsonima luetzelburgii,Magnoliopsida,LC,84020.50872501572,7.35,9692.58336225,11.54,12181.18009825,14.5
Byrsonima nemoralis,Magnoliopsida,LC,149824.72894892292,13.1,20699.26229074516,13.82,31603.57161054558,21.09
Byrsonima nitidissima,Magnoliopsida,LC,121808.60356261444,10.65,8215.373530117187,6.74,16399.416349945313,13.46
Byrsonima poeppigiana,Magnoliopsida,LC,424567.5619850846,37.12,102673.79195956347,24.18,145405.05500493848,34.25
Byrsonima punctulata,Magnoliopsida,LC,236362.5811358164,20.67,20619.267692926762,8.72,34982.536500286136,14.8
Byrsonima putumayensis,Magnoliopsida,LC,445506.0363265345,38.95,108459.369445291,24.35,154421.8260211731,34.66
Byrsonima spicata,Magnoliopsida,LC,739325.7800169796,64.64,118969.99927031853,16.09,228245.72262371855,30.87
Byrsonima verbascifolia,Magnoliopsida,LC,408780.9842253466,35.74,73835.48565241309,18.06,129357.3540770996,31.64
Byrsonima wurdackii,Magnoliopsida,LC,186477.74830071523,16.3,31300.49643425,16.79,37252.98129825,19.98
Cabomba aquatica,Magnoliopsida,NA,525794.9301314554,45.97,89267.67436084607,16.98,171834.49346994728,32.68
Cabomba furcata,Magnoliopsida,NA,368124.972951765,32.19,55094.15672494043,14.97,92675.94060549024,25.18
Cabralea canjerana,Magnoliopsida,LC,359765.35184707853,31.46,73771.8010114599,20.51,117440.69848308386,32.64
Caesalpinia cassioides,Magnoliopsida,LC,7666.310266677794,0.67,453.0455359494629,5.91,1053.169122041748,13.74
Caesalpinia pulcherrima,Magnoliopsida,LC,807064.3082341659,70.57,128154.99306553855,15.88,250140.4278555696,30.99
Cajanus cajan,Magnoliopsida,NA,798279.0021948775,69.8,136224.30280875895,17.06,258208.2238128844,32.35
Calandrinia acaulis,Magnoliopsida,NA,20488.92037854041,1.79,7679.369776384277,37.48,9555.776963363767,46.64
Calandrinia ciliata,Magnoliopsida,NA,3240.0770693698123,0.28,264.312257328125,8.16,1349.029145328125,41.64
Calatola costaricensis,Magnoliopsida,LC,746396.3711550896,65.26,130164.91499480212,17.44,204861.52230616272,27.45
Calceolaria alata,Magnoliopsida,NA,87218.44484707719,7.63,14481.009485852725,16.6,24121.097660013093,27.66
Calceolaria chelidonioides,Magnoliopsida,NA,93696.41497120108,8.19,22922.192927832824,24.46,30418.347180672852,32.46
Calceolaria colombiana,Magnoliopsida,NA,11023.943630175942,0.96,2162.3850459781493,19.62,4589.808623599365,41.63
Calceolaria crenata,Magnoliopsida,NA,504.2652293216349,0.04,0,0,215.9492,42.82
Calceolaria dichotoma,Magnoliopsida,NA,6224.833750276505,0.54,141.80970468066403,2.28,2356.411656680664,37.86
Calceolaria fusca,Magnoliopsida,NA,376.08678799377026,0.03,0,0,0,0
Calceolaria lamiifolia,Magnoliopsida,NA,15530.155802798034,1.36,5056.668913937927,32.56,6692.304456680786,43.09
Calceolaria lehmanniana,Magnoliopsida,NA,13234.107207499424,1.16,2131.7781494768064,16.11,4862.3462933908695,36.74
Calceolaria mexicana,Magnoliopsida,NA,129978.69858066138,11.36,37406.53454497619,28.78,49684.22973981336,38.22
Calceolaria microbefaria,Magnoliopsida,NA,51584.71128383846,4.51,18673.765902940184,36.2,22614.165882805664,43.84
Calceolaria penlandii,Magnoliopsida,NA,1446.9607457825175,0.13,106.758974,7.38,680.544958,47.03
Calceolaria perfoliata,Magnoliopsida,NA,83328.1915006866,7.29,25210.977459088957,30.26,33155.45093212961,39.79
Calceolaria trilobata,Magnoliopsida,NA,53442.76707229018,4.67,14779.370023555177,27.65,19878.63664547553,37.2
Calceolaria tripartita,Magnoliopsida,NA,121457.99322966766,10.62,32428.495195792177,26.7,44799.92819364947,36.89
Calea abelioides,Magnoliopsida,NA,541073.7155454627,47.31,102256.4236589181,18.9,173214.5878101427,32.01
Calea angosturana,Magnoliopsida,LC,74295.65518964667,6.5,18419.900213045836,24.79,27265.41183264029,36.7
Calea colombiana,Magnoliopsida,NA,138645.11811824286,12.12,32460.68026516623,23.41,51306.41576485553,37.01
Calea jamaicensis,Magnoliopsida,NA,317697.23019904474,27.78,43082.93550236744,13.56,100288.08038260097,31.57
Calea lucidivenia,Magnoliopsida,NA,0,0,0,NA,0,NA
Calea montana,Magnoliopsida,NA,525050.1727477928,45.91,90403.39733648096,17.22,153149.12374465552,29.17
Calea peruviana,Magnoliopsida,LC,30034.345421880193,2.63,4570.214036887739,15.22,6842.997782418257,22.78
Calea sessiliflora,Magnoliopsida,LC,164618.67840098296,14.39,31160.24990350769,18.93,50960.85459535162,30.96
Calea solidaginea,Magnoliopsida,NA,117199.17363908056,10.25,28096.29493481372,23.97,47245.18528458545,40.31
Calea subcordata,Magnoliopsida,NA,99972.85750288251,8.74,23247.807326651306,23.25,37540.66366591931,37.55
Calea tolimana,Magnoliopsida,NA,475254.49077540846,41.55,83172.7055428291,17.5,144549.06307146486,30.42
Calendula officinalis,Magnoliopsida,NA,157605.233575995,13.78,36077.07832155499,22.89,50975.68959616089,32.34
Callaeum antifebrile,Magnoliopsida,NA,0,0,0,NA,0,NA
Calliandra angustifolia,Magnoliopsida,LC,568354.3119704026,49.69,96149.10329049116,16.92,144809.1288309823,25.48
Calliandra coriacea,Magnoliopsida,LC,764018.7860943323,66.8,121855.71619230603,15.95,223784.97749377936,29.29
Calliandra glomerulata,Magnoliopsida,LC,430340.1325216956,37.63,78678.00261892505,18.28,153706.0268174746,35.72
Calliandra guildingii,Magnoliopsida,LC,921119.3080348208,80.54,172167.7620273806,18.69,275761.02980210964,29.94
Calliandra haematocephala,Magnoliopsida,LC,743964.3628703271,65.05,128388.68603173076,17.26,217829.72678220045,29.28
Calliandra laxa,Magnoliopsida,LC,546282.3618613946,47.76,70607.65137769602,12.93,140461.93861715653,25.71
Calliandra magdalenae,Magnoliopsida,LC,686262.8599038627,60,103190.15538161386,15.04,209958.63973359487,30.59
Calliandra pittieri,Magnoliopsida,LC,265330.21552167146,23.2,43956.7065954321,16.57,75666.10799367203,28.52
Calliandra purdiei,Magnoliopsida,LC,518946.8071504912,45.37,92742.16117054725,17.87,179937.15626930195,34.67
Calliandra riparia,Magnoliopsida,LC,697204.5021507721,60.96,112309.4962174689,16.11,226535.34788040884,32.49
Calliandra surinamensis,Magnoliopsida,LC,908931.5263685086,79.47,163816.11858887668,18.02,269345.7345940442,29.63
Calliandra tergemina,Magnoliopsida,LC,474635.6833432071,41.5,81728.477162144045,17.22,164617.814284448,34.68
Calliandra tolimensis,Magnoliopsida,NT,95181.7776381544,8.32,12413.944494611023,13.04,23394.894841076293,24.58
Calliandra trinervia,Magnoliopsida,LC,591997.710842571,51.76,124570.43324521388,21.04,188820.6047625355,31.9
Calliandra tsugoides,Magnoliopsida,NA,208802.9476706975,18.26,41844.03569621582,20.04,66898.41961698218,32.04
Calliandra vaupesiana,Magnoliopsida,NA,202743.83996530293,17.73,48679.49478106253,24.01,79839.77091340628,39.38
Callicarpa acuminata,Magnoliopsida,LC,283462.5115432616,24.78,45221.8256337752,15.95,86437.76953482395,30.49
Callichlamys latifolia,Magnoliopsida,NA,841745.7239118867,73.6,152671.9964472161,18.14,259088.64700264315,30.78
Callitriche nubigena,Magnoliopsida,NA,17763.92490795663,1.55,8759.73102076294,49.31,9590.941065455325,53.99
Calophyllum brasiliense,Magnoliopsida,LC,1019193.857447594,89.11,182554.6199968769,17.91,289341.5748469848,28.39
Calophyllum longifolium,Magnoliopsida,LC,838309.910285943,73.3,140804.12756446327,16.8,228460.24810123572,27.25
Calopogonium caeruleum,Magnoliopsida,NA,906612.2753419968,79.27,146783.69398026718,16.19,273360.3789330125,30.15
Calopogonium galactioides,Magnoliopsida,NA,406781.4647596304,35.57,56075.16320929117,13.79,96753.2914545754,23.79
Calopogonium mucunoides,Magnoliopsida,NA,1036782.5658349608,90.65,184760.90208587213,17.82,305552.3278010854,29.47
Calotropis procera,Magnoliopsida,LC,284369.5218615743,24.86,36809.6931726031,12.94,90232.89675910452,31.73
Calycobolus glaber,Magnoliopsida,NA,348234.9895751085,30.45,66264.01346784149,19.03,93788.43138339478,26.93
Calycobolus sericeus,Magnoliopsida,NA,313048.58964481147,27.37,59783.674065581545,19.1,100050.00018843212,31.96
Calycolpus calophyllus,Magnoliopsida,LC,574318.1751979748,50.22,102190.6464192896,17.79,164976.67177095276,28.73
Calycolpus goetheanus,Magnoliopsida,LC,184081.6377236355,16.1,50340.50914850604,27.35,72998.80556919433,39.66
Calycolpus moritzianus,Magnoliopsida,LC,245305.60120027763,21.45,45399.45506269715,18.51,75267.37271135948,30.68
Calycophyllum candidissimum,Magnoliopsida,LC,98997.29623551252,8.66,7471.414330284393,7.55,37410.18388957401,37.79
Calycophyllum megistocaulum,Magnoliopsida,LC,454811.7528267814,39.77,104458.63717922756,22.97,151493.5549606338,33.31
Calycophyllum obovatum,Magnoliopsida,LC,407748.7227024656,35.65,97749.67251732812,23.97,140211.41894932813,34.39
Calycophyllum spruceanum,Magnoliopsida,LC,365220.7583812379,31.93,94573.83845350024,25.89,145392.12824774632,39.81
Calycophysum pedunculatum,Magnoliopsida,NA,489649.79931871465,42.81,96565.75475523456,19.72,141235.23113767273,28.84
Calycophysum spectabile,Magnoliopsida,NA,6238.136909086578,0.55,585.1164810253906,9.38,2078.949284935547,33.33
Campnosperma panamense,Magnoliopsida,LC,58500.42610427405,5.12,4756.296173488281,8.13,7510.593417957031,12.84
Campomanesia lineatifolia,Magnoliopsida,LC,998485.9537575764,87.3,176736.56216089503,17.7,280739.8923994939,28.12
Campsiandra angustifolia,Magnoliopsida,LC,260148.9835206796,22.75,43190.41446025391,16.6,63189.49383768359,24.29
Campsiandra comosa,Magnoliopsida,LC,452630.8799190444,39.58,70942.14274660937,15.67,102652.26436510938,22.68
Campsiandra gomez-alvareziana,Magnoliopsida,VU,40312.860433106216,3.52,2195.91929825,5.45,4592.70726625,11.39
Campsiandra implexicaulis,Magnoliopsida,LC,429454.2514345208,37.55,78147.13518671875,18.2,111299.20543623438,25.92
Campsiandra laurifolia,Magnoliopsida,LC,8102.08461184301,0.71,2182.826662,26.94,2290.578454,28.27
Campsiandra nutans,Magnoliopsida,NA,35442.86713787284,3.1,0.76845025,0,2474.19078625,6.98
Campsiandra steyermarkiana,Magnoliopsida,LC,322551.2550277099,28.2,43310.781679125,13.43,56848.21960139062,17.62
Cananga odorata,Magnoliopsida,LC,817912.628955459,71.52,137927.59485902917,16.86,236641.2458520831,28.93
Canavalia bicarinata,Magnoliopsida,NA,132908.99098736807,11.62,10611.040015509763,7.98,45547.28346895899,34.27
Canavalia brasiliensis,Magnoliopsida,NA,686284.7155959689,60.01,121669.51685026677,17.73,230242.729518472,33.55
Canavalia oxyphylla,Magnoliopsida,NA,640041.804702792,55.96,133005.23175006566,20.78,218289.9397325132,34.11
Canavalia rosea,Magnoliopsida,LC,30247.091926415025,2.64,4140.611091109375,13.69,10215.831363457031,33.77
Vismia baccifera,Magnoliopsida,LC,991914.5380804598,86.73,181120.14697961407,18.26,281455.4774036482,28.37
Caperonia castaneifolia,Magnoliopsida,NA,696373.836390219,60.89,111998.03612838304,16.08,207873.8077207771,29.85
Caperonia neglecta,Magnoliopsida,NA,37977.50044535487,3.32,4272.152561045898,11.25,5792.89017184375,15.25
Caperonia palustris,Magnoliopsida,NA,963225.8801180132,84.22,161275.15881992978,16.74,285380.9024314317,29.63
Capirona decorticans,Magnoliopsida,LC,575317.3268059619,50.3,108491.34343643895,18.86,170196.30602906054,29.58
Capraria biflora,Magnoliopsida,NA,421885.7408045181,36.89,60682.68745871791,14.38,131404.9887938492,31.15
Capsicum annuum,Magnoliopsida,LC,995453.2516622604,87.04,182803.95651421553,18.36,307606.84696869703,30.9
Capsicum baccatum,Magnoliopsida,NA,218271.3307271226,19.08,44752.52556677156,20.5,71693.06799180697,32.85
Capsicum chinense,Magnoliopsida,NA,927751.691983716,81.12,164169.37747523768,17.7,260973.15636045305,28.13
Capsicum dimorphum,Magnoliopsida,NA,117031.84316634262,10.23,28354.377798248108,24.23,40232.677306044614,34.38
Capsicum frutescens,Magnoliopsida,LC,947945.0293580214,82.88,164741.9465268915,17.38,257286.80766788995,27.14
Capsicum geminifolium,Magnoliopsida,NA,194444.46114854413,17,41031.5481518504,21.1,63841.40153966357,32.83
Capsicum rhomboideum,Magnoliopsida,LC,127129.95897574708,11.12,16839.450883533475,13.25,31645.545966287915,24.89
Caraipa densifolia,Magnoliopsida,LC,573349.5993521552,50.13,104751.2704913766,18.27,162496.77200273058,28.34
Caraipa grandifolia,Magnoliopsida,LC,359395.19431490486,31.42,73702.16330783106,20.51,98122.54467214356,27.3
Caraipa llanorum,Magnoliopsida,LC,382783.2130174401,33.47,43001.549967375,11.23,69465.11500226562,18.15
Caraipa longipedicellata,Magnoliopsida,LC,464642.5187433069,40.63,96125.13681044604,20.69,149017.00292481616,32.07
Caraipa myrcioides,Magnoliopsida,LC,86596.6800326259,7.57,18043.62615425,20.84,18487.65965825,21.35
Caraipa parvielliptica,Magnoliopsida,LC,327516.9895522536,28.64,74909.38816032812,22.87,122582.41291226564,37.43
Caraipa punctulata,Magnoliopsida,LC,679499.8575053235,59.41,129746.83895258872,19.09,205923.61632781217,30.31
Caraipa savannarum,Magnoliopsida,LC,208796.85811080335,18.26,16066.624999994438,7.69,29033.92036196276,13.91
Caraipa tereticaulis,Magnoliopsida,LC,545746.3108412004,47.72,105784.60603308507,19.38,158765.3685486886,29.09
Caraipa utilis,Magnoliopsida,VU,226251.77886876877,19.78,74994.08169724024,33.15,104045.42923336524,45.99
Carapa guianensis,Magnoliopsida,LC,789439.5527819137,69.03,166362.84748116272,21.07,247833.50127224767,31.39
Carapa megistocarpa,Magnoliopsida,LC,3837.847781374135,0.34,87.023556125,2.27,208.388710125,5.43
Carapa vasquezii,Magnoliopsida,LC,15469.467419356404,1.35,2690.286592,17.39,3134.320096,20.26
Carapichea adinantha,Magnoliopsida,LC,122620.0944020592,10.72,29401.897472,23.98,30705.964768,25.04
Carapichea affinis,Magnoliopsida,NA,283806.48735250306,24.81,63539.22979606445,22.39,90475.32572109184,31.88
Carapichea dolichophylla,Magnoliopsida,NA,130217.05590790542,11.39,22590.026410446288,17.35,24169.271391641603,18.56
Carapichea ipecacuanha,Magnoliopsida,NA,101242.73779636118,8.85,11926.962270541017,11.78,41431.184947138674,40.92
Carapichea klugii,Magnoliopsida,LC,224697.5494480463,19.65,48690.33393763086,21.67,60716.34441734961,27.02
Carapichea panurensis,Magnoliopsida,NA,40915.45866435643,3.58,9308.48768,22.75,9308.48768,22.75
Cardamine bonariensis,Magnoliopsida,NA,77594.9754309725,6.78,22843.79192507623,29.44,29803.399469992182,38.41
Cardamine flexuosa,Magnoliopsida,NA,216625.72829848548,18.94,45175.03878100867,20.85,70264.65787699817,32.44
Cardamine fulcrata,Magnoliopsida,NA,50806.69187613261,4.44,16460.24301190991,32.4,20098.11934341188,39.56
Cardamine jamesonii,Magnoliopsida,NA,4363.615215134257,0.38,1064.6989920473634,24.4,2257.260879156738,51.73
Cardamine ovata,Magnoliopsida,NA,280482.35996926145,24.52,61667.10546264293,21.99,93942.07623741309,33.49
Cardiospermum corindum,Magnoliopsida,NA,379629.45509717474,33.19,65080.89526551175,17.14,122918.43851423023,32.38
Cardiospermum grandiflorum,Magnoliopsida,NA,401899.12988574005,35.14,58478.79342310896,14.55,129121.70686834252,32.13
Cardiospermum halicacabum,Magnoliopsida,LC,994777.7233574244,86.98,168726.6816533672,16.96,300193.2964208462,30.18
Carica papaya,Magnoliopsida,DD,700467.9537642132,61.25,151851.6261761825,21.68,228381.2835204552,32.6
Cariniana micrantha,Magnoliopsida,NA,11216.77148728152,0.98,2690.286592,23.98,3134.320096,27.94
Cariniana pyriformis,Magnoliopsida,LR/nt,254457.0632784344,22.25,35167.73844356696,13.82,84103.36828814057,33.05
Carolus sinemariensis,Magnoliopsida,NA,299642.54653899046,26.2,35652.32183075123,11.9,95369.7651270049,31.83
Carpotroche amazonica,Magnoliopsida,NA,391114.2805027666,34.2,93117.93179679688,23.81,128102.43856479687,32.75
Carpotroche grandiflora,Magnoliopsida,LC,573960.3373045216,50.18,107702.50734174535,18.76,163437.957929896,28.48
Carpotroche integrifolia,Magnoliopsida,VU,373059.7043287742,32.62,83856.00484729688,22.48,114464.90003129689,30.68
Carpotroche longifolia,Magnoliopsida,LC,509310.0640456039,44.53,107236.27947328676,21.06,159672.99409615764,31.35
Carpotroche pacifica,Magnoliopsida,LC,70136.17559533523,6.13,6949.990622191406,9.91,8928.42471467578,12.73
Carpotroche platyptera,Magnoliopsida,LC,124.86120173368316,0.01,63.99342,51.25,63.99342,51.25
Carpotroche ramosii,Magnoliopsida,LC,3887.27698217748,0.34,43.5125553125,1.12,55.7343363125,1.43
Caryocar amygdaliferum,Magnoliopsida,LC,128952.27269011084,11.28,18434.624529526976,14.3,33696.78168083008,26.13
Caryocar glabrum,Magnoliopsida,LC,647571.3217854169,56.62,125498.66655747723,19.38,195143.56749870253,30.13
Caryocar gracile,Magnoliopsida,LC,267617.45524499146,23.4,57355.57728225,21.43,76334.95658225,28.52
Caryocar harlingii,Magnoliopsida,LC,32408.649762219065,2.83,2533.970917192383,7.82,2935.51307568457,9.06
Caryocar microcarpum,Magnoliopsida,LC,573037.5856277832,50.1,109754.5291598367,19.15,163942.5072492754,28.61
Caryocar nuciferum,Magnoliopsida,DD,545652.6384357071,47.71,112917.27044639787,20.69,175085.73463961008,32.09
Caryocar pallidum,Magnoliopsida,LC,450493.38544981024,39.39,102313.96622934082,22.71,146071.36658647362,32.42
Caryodaphnopsis cogolloi,Magnoliopsida,EN,5621.566112053724,0.49,469.91018472265625,8.36,1156.124867046875,20.57
Caryodaphnopsis fosteri,Magnoliopsida,LC,130334.12728894224,11.4,22619.42671519629,17.35,24201.8315043916,18.57
Caryodaphnopsis inaequalis,Magnoliopsida,LC,129713.59534001134,11.34,22613.78666644629,17.43,24196.5040316416,18.65
Caryodaphnopsis theobromifolia,Magnoliopsida,NT,51420.10551243969,4.5,11733.67497954248,22.82,16684.26280594336,32.45
Caryodendron orinocense,Magnoliopsida,LC,879802.036748945,76.93,163947.75091991853,18.63,247965.2270253408,28.18
Cascabela thevetia,Magnoliopsida,LC,837222.1380220605,73.2,131850.88685239563,15.75,255177.51175198425,30.48
Casearia aculeata,Magnoliopsida,LC,961485.899530512,84.07,158981.43941938906,16.53,282766.1945459265,29.41
Casearia arborea,Magnoliopsida,LC,1047974.3786910224,91.63,183581.28574287312,17.52,302927.1482979487,28.91
Casearia arguta,Magnoliopsida,LC,344353.2561234387,30.11,31848.62791620534,9.25,74669.86830905879,21.68
Casearia cajambrensis,Magnoliopsida,LC,328416.6275267218,28.72,56291.94439544232,17.14,89730.39887318591,27.32
Casearia combaymensis,Magnoliopsida,LC,616663.8224131325,53.92,127082.08851697406,20.61,189458.00078768824,30.72
Casearia coronata,Magnoliopsida,LC,9894.77220759464,0.87,1188.2465201875,12.01,1648.4175001875,16.66
Casearia corymbosa,Magnoliopsida,LC,268520.33545491024,23.48,27653.33817052365,10.3,77084.95860754617,28.71
Casearia decandra,Magnoliopsida,LC,649268.4954127107,56.77,137729.86632782163,21.21,234184.0432888836,36.07
Casearia draganae,Magnoliopsida,NA,10704.091717541722,0.94,1340.4769969375,12.52,2298.5214769375,21.47
Casearia fasciculata,Magnoliopsida,LC,291482.0911854565,25.49,56869.58142827922,19.51,80297.30696706966,27.55
Casearia grandiflora,Magnoliopsida,LC,721550.1284627389,63.09,122774.03328174292,17.02,233092.4808415548,32.3
Casearia guianensis,Magnoliopsida,LC,221209.54293948848,19.34,17244.91777877658,7.8,56031.53588783572,25.33
Casearia hirsuta,Magnoliopsida,LC,191267.10839157348,16.72,18949.958291467778,9.91,42827.965893929686,22.39
Casearia mariquitensis,Magnoliopsida,LC,1069107.5494339685,93.48,179072.59572672963,16.75,310008.66798520373,29
Casearia megacarpa,Magnoliopsida,LC,395804.6322712121,34.61,91851.33546460044,23.21,154733.71340196297,39.09
Casearia mollis,Magnoliopsida,LC,780775.1807425125,68.27,127868.98689596598,16.38,240529.97543239265,30.81
Casearia negrensis,Magnoliopsida,LC,221824.01950558723,19.4,50897.91394822265,22.95,67254.18662822265,30.32
Casearia nigricans,Magnoliopsida,LC,568381.9944934691,49.7,107598.16573491796,18.93,169552.14654781786,29.83
Casearia obovalis,Magnoliopsida,LC,134335.7710337796,11.75,33525.531376,24.96,51677.834896,38.47
Casearia pitumba,Magnoliopsida,LC,604562.1344224758,52.86,131384.21109742904,21.73,217190.39433628257,35.93
Casearia praecox,Magnoliopsida,LC,195470.97052655695,17.09,20345.286443224395,10.41,62851.7762762047,32.15
Casearia prunifolia,Magnoliopsida,LC,454473.38497739093,39.74,98812.66697062488,21.74,147738.89362896644,32.51
Casearia quinduensis,Magnoliopsida,EX,25275.814985915236,2.21,3430.286716613704,13.57,8620.182120481868,34.1
Casearia resinifera,Magnoliopsida,LC,16651.835934887582,1.46,4398.468352,26.41,4799.573952,28.82
Casearia singularis,Magnoliopsida,NA,246681.11127947507,21.57,45900.73680797558,18.61,56434.087805672854,22.88
Casearia spinescens,Magnoliopsida,LC,0,0,0,NA,0,NA
Casearia sylvestris,Magnoliopsida,LC,1067307.961106662,93.32,183533.97220541263,17.2,305164.77648324484,28.59
Casearia tachirensis,Magnoliopsida,LC,146788.55405747506,12.83,25143.534321511474,17.13,44232.00088640918,30.13
Casearia tremula,Magnoliopsida,LC,87878.29639579248,7.68,7458.173607410156,8.49,31945.0944456875,36.35
Casearia uleana,Magnoliopsida,LC,292880.5709497747,25.61,88867.83808196729,30.34,124430.25898901415,42.48
Casearia ulmifolia,Magnoliopsida,LC,846135.9957098521,73.98,137225.7485274419,16.22,241510.46519333153,28.54
Casearia zahlbruckneri,Magnoliopsida,NA,239194.1764449603,20.91,49603.927144493835,20.74,77511.18338759469,32.41
Casearia zizyphoides,Magnoliopsida,LC,384436.19306516857,33.61,22480.887443260955,5.85,76920.47308419656,20.01
Casimirella ampla,Magnoliopsida,NA,373590.3379116318,32.67,81280.42572310157,21.76,108517.78217110156,29.05
Senna bicapsularis,Magnoliopsida,LC,196980.56510181315,17.22,24865.958086622893,12.62,64328.54795727896,32.66
Cassia fistula,Magnoliopsida,LC,928093.8822846166,81.15,142138.1190035331,15.32,268622.0701101738,28.94
Cassia grandis,Magnoliopsida,LC,563667.8949143796,49.28,65819.4243566661,11.68,147136.65196553068,26.1
Cassia leiandra,Magnoliopsida,LC,495870.9542007993,43.36,97893.56958072032,19.74,171633.5784317667,34.61
Cassia moschata,Magnoliopsida,LC,551720.7824522338,48.24,83601.05181851877,15.15,173631.92806061698,31.47
Chamaecrista viscosa,Magnoliopsida,LC,327928.7861708532,28.67,51757.2288580166,15.78,90520.9576909746,27.6
Cassipourea guianensis,Magnoliopsida,LC,899018.9164055005,78.61,164711.5952483417,18.32,266162.9512249058,29.61
Cassipourea killipii,Magnoliopsida,LC,59737.748963169455,5.22,4002.288354175781,6.7,5237.200661139648,8.77
Cassipourea peruviana,Magnoliopsida,LC,398995.7731477856,34.89,97114.77187320606,24.34,147146.26258768456,36.88
Cassytha filiformis,Magnoliopsida,NA,673084.209457139,58.85,106489.2133740856,15.82,209736.124386922,31.16
Castela erecta,Magnoliopsida,LC,111193.73982912856,9.72,10095.218455214035,9.08,36753.54255531267,33.05
Castilla elastica,Magnoliopsida,LC,472502.45995963714,41.31,84608.02001969061,17.91,147576.9858334032,31.23
Castilla tunu,Magnoliopsida,LC,174490.00951826217,15.26,19836.98570026453,11.37,50486.00088132718,28.93
Castilla ulei,Magnoliopsida,LC,449407.0915161981,39.29,102429.60098986622,22.79,152831.1344653081,34.01
Castilleja arvensis,Magnoliopsida,NA,174927.25797353403,15.29,40428.29798043467,23.11,60146.24442635118,34.38
Castilleja fissifolia,Magnoliopsida,NA,82307.28717560894,7.2,28756.97861169139,34.94,36178.607259721786,43.96
Castilleja integrifolia,Magnoliopsida,NA,43548.09465984188,3.81,13775.32848834082,31.63,16861.77592482837,38.72
Castilleja nubigena,Magnoliopsida,LC,3305.1084455722817,0.29,1463.112225625,44.27,1688.89279175,51.1
Castilleja pumila,Magnoliopsida,NA,1569.2019233064063,0.14,226.18631325,14.41,900.46868125,57.38
Castilleja virgata,Magnoliopsida,NA,5612.6077283516925,0.49,835.8659557766114,14.89,2506.409251714111,44.66
Castratella piloselloides,Magnoliopsida,NA,22899.195264387305,2,8547.494854192444,37.33,9295.743402539065,40.59
Casuarina equisetifolia,Magnoliopsida,LC,444568.31055018265,38.87,90655.54183073182,20.39,150457.07503777795,33.84
Catharanthus roseus,Magnoliopsida,NA,859823.3027811288,75.18,137517.73188004366,15.99,253543.0045383692,29.49
Cathedra acuminata,Magnoliopsida,LC,625772.8941738821,54.72,114637.61180237304,18.32,174206.24298815138,27.84
Catostemma commune,Magnoliopsida,LC,293965.46004694863,25.7,47037.6363581875,16,54145.04442884375,18.42
Catostemma sancarlosianum,Magnoliopsida,LC,11093.690240785336,0.97,0,0,0,0
Cavanillesia platanifolia,Magnoliopsida,LC,157956.14337172292,13.81,13967.26108127072,8.84,52061.91918102518,32.96
Cavendishia adenophora,Magnoliopsida,NT,52693.51772294912,4.61,15959.393246792904,30.29,19439.260938623163,36.89
Cavendishia albopicata,Magnoliopsida,NA,66260.42356041535,5.79,5889.015961531372,8.89,10177.987753132446,15.36
Cavendishia angustifolia,Magnoliopsida,LC,79311.16225017866,6.93,16328.94353588556,20.59,25695.39311462207,32.4
Cavendishia antioquiensis,Magnoliopsida,NA,38306.419954371406,3.35,5493.940487642025,14.34,6690.864256589491,17.47
Cavendishia axillaris,Magnoliopsida,NA,34033.35379771598,2.98,5986.351005758301,17.59,9086.08958041626,26.7
Cavendishia bomareoides,Magnoliopsida,LC,53076.355139525615,4.64,13269.6651490592,25,15572.654733901974,29.34
Cavendishia bracteata,Magnoliopsida,LC,160966.44981123746,14.07,42075.66930484177,26.14,58720.09459499352,36.48
Cavendishia callista,Magnoliopsida,NA,309766.74000114,27.08,61841.70384334946,19.96,91579.77015534378,29.56
Cavendishia capitulata,Magnoliopsida,NA,12240.74038093809,1.07,2955.1013836026573,24.14,4414.691468207394,36.07
Cavendishia caudata,Magnoliopsida,NA,41058.546620129695,3.59,6863.700740878662,16.72,9501.64300242212,23.14
Cavendishia chocoensis,Magnoliopsida,NA,271183.3100965141,23.71,41139.46503259134,15.17,68216.13121128781,25.15
Cavendishia compacta,Magnoliopsida,NA,121669.24915216913,10.64,18802.613653458277,15.45,24961.757460814813,20.52
Cavendishia complectens,Magnoliopsida,NA,143644.46160962095,12.56,21453.47113289685,14.94,33731.73203271149,23.48
Cavendishia cuatrecasasii,Magnoliopsida,NA,117529.81498195746,10.28,21891.59888533905,18.63,37709.92776650134,32.09
Cavendishia divaricata,Magnoliopsida,NT,21025.808045247864,1.84,5001.029175352966,23.79,6236.4450235992435,29.66
Cavendishia endresii,Magnoliopsida,NA,0.8500788491091729,0,0.855678375,100.66,0.855678375,100.66
Cavendishia engleriana,Magnoliopsida,NA,247224.1815215672,21.62,41581.13442310422,16.82,68555.73662878653,27.73
Cavendishia erythrostegia,Magnoliopsida,LC,20289.15136926792,1.77,3543.049070847412,17.46,4153.279468927246,20.47
Cavendishia foreroi,Magnoliopsida,NA,1610.1939999759045,0.14,202.17800693945313,12.56,202.00422056640625,12.55
Cavendishia fusiformis,Magnoliopsida,NA,3304.965835820275,0.29,771.8233048359375,23.35,1015.816296828125,30.74
Cavendishia guatapeensis,Magnoliopsida,LC,137676.37745676687,12.04,28350.656456186585,20.59,42168.3120429956,30.63
Cavendishia jardinensis,Magnoliopsida,CR,4654.690308365709,0.41,1679.82694805542,36.09,1978.0881360593264,42.5
Cavendishia laurifolia,Magnoliopsida,NA,63865.8153769009,5.58,11185.155031676915,17.51,18279.536297929695,28.62
Cavendishia leucantha,Magnoliopsida,LC,154677.41154693783,13.52,35668.462712964414,23.06,52917.70729390674,34.21
Cavendishia lindauiana,Magnoliopsida,NA,105371.48574808158,9.21,12418.821446867432,11.79,17946.395860155517,17.03
Cavendishia longirachis,Magnoliopsida,EN,210.9124879058859,0.02,50.9412769375,24.15,50.949814127929685,24.16
Cavendishia macrocephala,Magnoliopsida,VU,48338.917075811325,4.23,6487.970663016754,13.42,11789.756076034844,24.39
Cavendishia micayensis,Magnoliopsida,NA,169965.7717076446,14.86,29904.2141286037,17.59,44964.49986637805,26.46
Cavendishia nitens,Magnoliopsida,NA,30348.160847723335,2.65,7735.960437542721,25.49,8473.018423894038,27.92
Cavendishia nitida,Magnoliopsida,LC,30808.664696301235,2.69,11244.62057810437,36.5,12909.713227220582,41.9
Cavendishia palustris,Magnoliopsida,NA,70387.45157706695,6.15,5734.9060024257815,8.15,7141.231029699219,10.15
Cavendishia porphyrea,Magnoliopsida,NA,63320.94888283434,5.54,5883.612589482666,9.29,6309.831859406982,9.96
Cavendishia pubescens,Magnoliopsida,LC,173786.37325112868,15.2,40055.76054450597,23.05,59853.06349747203,34.44
Cavendishia quereme,Magnoliopsida,NA,129933.5987584555,11.36,21909.690080436372,16.86,36926.81812321862,28.42
Cavendishia speciosa,Magnoliopsida,NA,34321.73137895447,3,7629.980248731324,22.23,10810.184848956422,31.5
Cavendishia spicata,Magnoliopsida,NA,14837.359794773993,1.3,3179.827725497921,21.43,3606.196267975216,24.3
Cavendishia subamplexicaulis,Magnoliopsida,LC,30185.647872491565,2.64,5225.858296533936,17.31,6724.436858286866,22.28
Cavendishia tarapotana,Magnoliopsida,NA,279868.3228438235,24.47,53979.62107201868,19.29,81760.03871535145,29.21
Cavendishia tenella,Magnoliopsida,NA,202030.43399137488,17.66,33882.947888712464,16.77,51619.87105334473,25.55
Cavendishia urophylla,Magnoliopsida,NA,110859.44969546227,9.69,13989.347500853515,12.62,21026.632715124662,18.97
Cavendishia venosa,Magnoliopsida,NA,45104.734055476605,3.94,6247.700955518891,13.85,7053.551612137481,15.64
Cavendishia viridiflora,Magnoliopsida,NA,44884.28061910723,3.92,6988.036321369141,15.57,8879.972452684082,19.78
Cayaponia buraeavii,Magnoliopsida,NA,196460.30410218437,17.18,44901.411734692505,22.86,66933.55302445641,34.07
Cayaponia capitata,Magnoliopsida,NA,65834.94363085258,5.76,12316.587258492187,18.71,12597.854746492188,19.14
Cayaponia glandulosa,Magnoliopsida,NA,805360.1611694596,70.42,151635.38502301788,18.83,245832.6490181887,30.52
Cayaponia granatensis,Magnoliopsida,NA,784967.3648694936,68.63,137962.36732140693,17.58,212375.28950183044,27.06
Cayaponia hammelii,Magnoliopsida,NA,89391.83637198673,7.82,17129.09543238591,19.16,25391.9723235374,28.41
Cayaponia macrocalyx,Magnoliopsida,NA,665635.3681694017,58.2,142958.6918766214,21.48,213829.180913125,32.12
Cayaponia ophthalmica,Magnoliopsida,NA,513976.8091825951,44.94,116092.5699716386,22.59,180014.4122175473,35.02
Cayaponia oppositifolia,Magnoliopsida,NA,169719.07568824923,14.84,34469.53962879785,20.31,38515.81212504003,22.69
Cayaponia podantha,Magnoliopsida,NA,159037.3210951555,13.91,10891.437073612671,6.85,39222.08211463025,24.66
Cayaponia racemosa,Magnoliopsida,NA,851138.3483845057,74.42,147687.6411987924,17.35,273715.34550039435,32.16
Cayaponia simplicifolia,Magnoliopsida,NA,210279.91451035396,18.39,47038.765684498045,22.37,64870.60091472636,30.85
Cayaponia triangularis,Magnoliopsida,NA,95090.12594742664,8.31,19194.235251076178,20.19,29056.100719205904,30.56
Cayaponia tubulosa,Magnoliopsida,NA,991123.9830202304,86.66,173816.61207042073,17.54,292348.20575450856,29.5
Cecropia angustifolia,Magnoliopsida,LC,228497.15125982775,19.98,47645.12447488271,20.85,74327.67345518715,32.53
Cecropia bullata,Magnoliopsida,LC,110613.33474643707,9.67,20988.56538687931,18.97,32189.224266199584,29.1
Cecropia distachya,Magnoliopsida,LC,618478.6846998571,54.08,116209.34466808398,18.79,181708.4587285752,29.38
Cecropia engleriana,Magnoliopsida,LC,727492.3836961183,63.61,136076.2257884209,18.7,210076.4740253821,28.88
Cecropia ficifolia,Magnoliopsida,LC,611974.3331176077,53.51,115978.67335480078,18.95,181313.85357723144,29.63
Cecropia gabrielis,Magnoliopsida,LC,133632.69314388194,11.68,28272.486173652036,21.16,41374.57527336024,30.96
Cecropia garciae,Magnoliopsida,LC,125291.32061521348,10.95,17815.76397459326,14.22,24579.480389677738,19.62
Cecropia herthae,Magnoliopsida,LC,307197.9687430367,26.86,53628.04464358136,17.46,82967.30515035767,27.01
Cecropia heterochroma,Magnoliopsida,LC,362.99119657592394,0.03,307.631008,84.75,307.631008,84.75
Cecropia hispidissima,Magnoliopsida,LC,218403.64837963576,19.1,35400.44624153746,16.21,58788.25908997148,26.92
Cecropia insignis,Magnoliopsida,LC,59914.04736343516,5.24,8013.694804492248,13.38,10508.632543750062,17.54
Cecropia latiloba,Magnoliopsida,LC,824186.9112282798,72.06,148857.12509435383,18.06,258348.12946378448,31.35
Cecropia litoralis,Magnoliopsida,LC,2278.9300227626777,0.2,77.585064,3.4,187.066872,8.21
Cecropia longipes,Magnoliopsida,LC,49082.69070176036,4.29,4900.579486419678,9.98,27794.673124799072,56.63
Cecropia marginalis,Magnoliopsida,LC,465245.6178163393,40.68,118904.73797960176,25.56,190312.895315693,40.91
Cecropia maxima,Magnoliopsida,LC,16240.423533417115,1.42,1554.5347900236816,9.57,5876.880309937744,36.19
Cecropia megastachya,Magnoliopsida,LC,48696.885139588725,4.26,9870.604086301026,20.27,13188.963329666749,27.08
Cecropia membranacea,Magnoliopsida,LC,638873.049181943,55.86,128826.20800629527,20.16,195117.46634408215,30.54
Cecropia metensis,Magnoliopsida,LC,356512.78429391055,31.17,58180.77850464404,16.32,101398.45213755274,28.44
Cecropia montana,Magnoliopsida,NA,10222.497929048768,0.89,1999.54159846875,19.56,2085.2014627109374,20.4
Cecropia mutisiana,Magnoliopsida,LC,322403.4516787515,28.19,48560.218833015686,15.06,101713.63619038185,31.55
Cecropia obtusifolia,Magnoliopsida,LC,199852.65477397636,17.47,27012.258786114257,13.52,44928.79758500818,22.48
Cecropia peltata,Magnoliopsida,LC,565050.7855651741,49.41,68886.50456624072,12.19,147106.83230627913,26.03
Cecropia plicata,Magnoliopsida,LC,221808.29072472992,19.39,39732.369960049815,17.91,58849.63876197473,26.53
Cecropia putumayonis,Magnoliopsida,LC,194366.51652157097,16.99,40988.000136286864,21.09,53068.20998177417,27.3
Cecropia reticulata,Magnoliopsida,LC,113494.70564871268,9.92,21042.51034382257,18.54,30875.886762641356,27.2
Cecropia sararensis,Magnoliopsida,LC,148958.07481221756,13.02,35598.72509250232,23.9,59223.258506644546,39.76
Cecropia sciadophylla,Magnoliopsida,LC,651942.1874365703,57,122688.5020934746,18.82,190263.41126993657,29.18
Cecropia telealba,Magnoliopsida,LC,238859.70902187756,20.88,45851.26934439997,19.2,88197.63940555396,36.92
Cecropia telenitida,Magnoliopsida,LC,127500.34596584048,11.15,26537.953402042174,20.81,40374.92708005993,31.67
Cecropia virgusa,Magnoliopsida,LC,46152.04187352501,4.04,3878.169923,8.4,5215.210083,11.3
Cedrela fissilis,Magnoliopsida,VU,217987.17173837975,19.06,28587.95404241406,13.11,60370.52050036719,27.69
Cedrela montana,Magnoliopsida,VU,128045.48341590608,11.2,34031.0816200401,26.58,46943.77104235144,36.66
Cedrela nebulosa,Magnoliopsida,NA,0,0,0,NA,0,NA
Cedrela odorata,Magnoliopsida,VU,862471.2735950444,75.41,162789.59882732356,18.87,255716.7341539895,29.65
Cedrelinga cateniformis,Magnoliopsida,LC,498119.3967719586,43.55,108542.88495225806,21.79,165406.7014951968,33.21
Ceiba lupuna,Magnoliopsida,NA,24308.302357006363,2.13,1.9431902666015624,0.01,1.9431902666015624,0.01
Ceiba pentandra,Magnoliopsida,LC,1019858.0492982352,89.17,161872.289776436,15.87,284855.28265507653,27.93
Ceiba samauma,Magnoliopsida,LC,138793.18616417018,12.14,24718.385026062257,17.81,26456.072925499757,19.06
Ceiba speciosa,Magnoliopsida,LC,182771.922364459,15.98,31027.871558461105,16.98,54958.42707909631,30.07
Celosia argentea,Magnoliopsida,LC,665022.2858239167,58.15,143366.8564546092,21.56,220927.28918452415,33.22
Celosia virgata,Magnoliopsida,NA,25542.76984284864,2.23,1104.8058522165527,4.33,2624.505482498779,10.27
Celtis iguanaea,Magnoliopsida,LC,541562.7498330537,47.35,108036.592591328,19.95,183224.226070629,33.83
Celtis schippii,Magnoliopsida,LC,757839.8214516459,66.26,135939.9009129279,17.94,214316.35633604068,28.28
Celtis trinervia,Magnoliopsida,LC,10695.11442318471,0.94,704.287492618164,6.59,2710.0855492460937,25.34
Centaurium erythraea,Magnoliopsida,LC,3603.314676454978,0.32,243.8563011879883,6.77,1460.8802051879884,40.54
Centradenia paradoxa,Magnoliopsida,NA,18736.55169317182,1.64,2127.350255214844,11.35,2941.2032596523436,15.7
Centradeniastrum album,Magnoliopsida,NA,2012.6113537768656,0.18,36.001254,1.79,255.109046,12.68
Centratherum punctatum,Magnoliopsida,NA,980488.1406063064,85.73,178626.65303295653,18.22,288630.9459961339,29.44
Centrolobium paraense,Magnoliopsida,NT,298700.86793373147,26.12,34833.856439811825,11.66,86048.08960003553,28.81
Centrolobium yavizanum,Magnoliopsida,DD,124724.40085358285,10.91,16056.718503728516,12.87,47882.5232072832,38.39
Centronia laurifolia,Magnoliopsida,LC,96864.02984718232,8.47,16139.053238312195,16.66,28008.96343964783,28.92
Centropogon aequatorialis,Magnoliopsida,EN,13737.498871121888,1.2,1987.4044996962891,14.47,4143.909318805664,30.16
Centropogon asclepiadeus,Magnoliopsida,NA,180721.9333219193,15.8,41570.07164245306,23,61251.43255561121,33.89
Centropogon ayavacensis,Magnoliopsida,NA,145845.76481071586,12.75,31324.580086326965,21.48,46435.009340353274,31.84
Centropogon calycinus,Magnoliopsida,NA,2999.6730634777464,0.26,116.281883265625,3.88,638.821723265625,21.3
Centropogon carnosus,Magnoliopsida,NA,66884.34098775621,5.85,17671.645810019163,26.42,22143.227015707333,33.11
Centropogon coccineus,Magnoliopsida,NA,4986.065191882909,0.44,942.94859396875,18.91,1356.9561779375,27.21
Centropogon congestus,Magnoliopsida,NA,212077.0578804518,18.54,42940.00127992395,20.25,63604.7174392323,29.99
Centropogon cornutus,Magnoliopsida,NA,917567.908612233,80.23,176954.1476966043,19.29,284510.3958155505,31.01
Centropogon curvatus,Magnoliopsida,NA,184409.69149617295,16.12,37321.13921709192,20.24,58467.832955218626,31.71
Centropogon erianthus,Magnoliopsida,NA,166902.6660017531,14.59,37744.463779974234,22.61,56926.421477304255,34.11
Centropogon ferrugineus,Magnoliopsida,NA,116485.32613151088,10.19,33557.98184857489,28.81,45217.73893726721,38.82
Centropogon foetidus,Magnoliopsida,NA,31311.482929071757,2.74,4511.337519039429,14.41,9155.505410100464,29.24
Centropogon glabrifilis,Magnoliopsida,NA,8746.05899236047,0.76,609.9838405327148,6.97,3613.156272470215,41.31
Centropogon glandulosus,Magnoliopsida,NA,35618.97496172922,3.11,6299.306181610416,17.69,11894.684320086002,33.39
Centropogon grandis,Magnoliopsida,NA,66150.88988374811,5.78,18462.78810253766,27.91,27063.86345210669,40.91
Centropogon granulosus,Magnoliopsida,NA,309920.3208690029,27.1,52013.80867847754,16.78,84199.34233111127,27.17
Centropogon hartwegii,Magnoliopsida,EN,34909.24785704101,3.05,6254.257522013184,17.92,10981.699927318115,31.46
Centropogon latisepalus,Magnoliopsida,NA,34529.580593782965,3.02,11260.228805851197,32.61,13588.773904992491,39.35
Centropogon lehmannii,Magnoliopsida,NA,77215.37545662055,6.75,15242.436660032894,19.74,20762.1233948529,26.89
Centropogon leucophyllus,Magnoliopsida,NA,16755.247209534846,1.47,5065.327544094845,30.23,6496.528218583614,38.77
Centropogon loretensis,Magnoliopsida,NA,33544.03736972261,2.93,4951.929476959412,14.76,7490.350359611451,22.33
Centropogon luteus,Magnoliopsida,NA,91935.49353497846,8.04,18767.5188873078,20.41,25908.53950801941,28.18
Centropogon nigricans,Magnoliopsida,NA,1903.2472136539184,0.17,35.70013025,1.88,194.79441825,10.23
Centropogon pichinchensis,Magnoliopsida,NA,5714.225580274691,0.5,359.8185293608398,6.3,2037.00211336084,35.65
Centropogon preslii,Magnoliopsida,NA,41725.24052139668,3.65,10666.636113736024,25.56,15891.530009996948,38.09
Centropogon scabellus,Magnoliopsida,NA,73012.57511325394,6.38,15281.549751098572,20.93,23510.30593451758,32.2
Centropogon solanifolius,Magnoliopsida,NA,169422.3145311366,14.81,39921.02123251886,23.56,57489.56770554956,33.93
Centropogon trianae,Magnoliopsida,NA,137600.08326956126,12.03,29149.813334960756,21.18,45491.95745655713,33.06
Centropogon verbascifolius,Magnoliopsida,NA,132377.09775935634,11.57,27305.386024171512,20.63,41462.89975438109,31.32
Centropogon warscewiczii,Magnoliopsida,NA,39221.51252738703,3.43,7079.180971065857,18.05,11333.20063635431,28.9
Centropogon yarumalensis,Magnoliopsida,NA,8442.835480708107,0.74,1992.4804563106652,23.6,3307.110019760128,39.17
Centrosema angustifolium,Magnoliopsida,NA,357175.053713816,31.23,55185.580406079105,15.45,94370.19365184374,26.42
Centrosema brasilianum,Magnoliopsida,NA,345019.5798554271,30.17,50776.25512992163,14.72,83915.6228007937,24.32
Centrosema macrocarpum,Magnoliopsida,LC,664147.0113669744,58.07,99908.7917278956,15.04,180212.48891078052,27.13
Centrosema molle,Magnoliopsida,NA,706666.6400236133,61.79,121446.02178873269,17.19,227979.8494537655,32.26
Centrosema plumieri,Magnoliopsida,NA,578844.3263961503,50.61,132704.75070745125,22.93,229039.30571595207,39.57
Centrosema pubescens,Magnoliopsida,NA,790085.929429103,69.08,128972.38636802202,16.32,248500.58251802032,31.45
Centrosema sagittatum,Magnoliopsida,NA,394131.4906426897,34.46,55161.54100324744,14,114692.0854146217,29.1
Centrosema triquetrum,Magnoliopsida,NA,459239.82094845263,40.15,82636.39098134056,17.99,113896.450109374,24.8
Centrosema venosum,Magnoliopsida,NA,150191.03333032236,13.13,11900.91003246875,7.92,23925.265622734376,15.93
Centrosema vexillatum,Magnoliopsida,NA,89508.90784769332,7.83,12490.21354697461,13.95,39861.97123240039,44.53
Centrosema virginianum,Magnoliopsida,NA,232294.8878210007,20.31,41038.885945129805,17.67,66718.11085112621,28.72
Cerastium arvense,Magnoliopsida,LC,73382.49989481398,6.42,23960.481378660857,32.65,30369.134289242003,41.38
Cerastium danguyi,Magnoliopsida,NA,16766.420497137035,1.47,5880.15680520166,35.07,7859.799569508545,46.88
Cerastium floccosum,Magnoliopsida,NA,0,0,0,NA,0,NA
Cerastium glomeratum,Magnoliopsida,NA,67840.47122840726,5.93,20219.340379653066,29.8,25786.869819661377,38.01
Cerastium imbricatum,Magnoliopsida,NA,765.8055974192652,0.07,681.265796,88.96,681.2972464765625,88.96
Cerastium kunthii,Magnoliopsida,NA,13001.277878226596,1.14,5843.132847246094,44.94,6485.806678664063,49.89
Cerastium mollissimum,Magnoliopsida,NA,17834.60134293041,1.56,5461.14395323822,30.62,7352.022567040161,41.22
Cerastium trianae,Magnoliopsida,NA,10730.422381621713,0.94,4776.598379712891,44.51,5472.277282075684,51
Ceratophyllum demersum,Magnoliopsida,LC,1012131.4735594745,88.5,187060.8644464632,18.48,311427.28846045287,30.77
Ceratostema alatum,Magnoliopsida,NA,4102.480197875945,0.36,716.6110096467285,17.47,1938.9699055842289,47.26
Cereus hexagonus,Magnoliopsida,LC,292116.4156910073,25.54,36588.52592264587,12.53,83616.01811059217,28.62
Cervantesia tomentosa,Magnoliopsida,LC,23630.709706445483,2.07,8039.362107603943,34.02,10870.175477214294,46
Cespedesia spathulata,Magnoliopsida,LC,754239.6467375874,65.95,141380.48653493315,18.74,218543.12020368336,28.98
Cestrum alternifolium,Magnoliopsida,LC,402926.333182623,35.23,73053.06170469632,18.13,137720.68529867826,34.18
Cestrum bigibbosum,Magnoliopsida,LC,14668.202032673622,1.28,3251.9698213125,22.17,5344.085728757813,36.43
Cestrum buxifolium,Magnoliopsida,NA,35020.2432985987,3.06,10475.110694961211,29.91,12187.350288831996,34.8
Cestrum cuneifolium,Magnoliopsida,DD,48108.31413428182,4.21,12357.484687447752,25.69,16101.347774935546,33.47
Cestrum darcyanum,Magnoliopsida,DD,10885.594311932684,0.95,4974.485001847351,45.7,5632.214196869812,51.74
Cestrum humboldtii,Magnoliopsida,LC,163927.56270991778,14.33,39949.29797510015,24.37,59477.44219468687,36.28
Cestrum langeanum,Magnoliopsida,NA,45486.26998325081,3.98,5219.597314714843,11.48,7711.174767652344,16.95
Cestrum latifolium,Magnoliopsida,LC,841069.3965334845,73.54,151405.730437392,18,278033.1004607827,33.06
Cestrum lindenii,Magnoliopsida,LC,224611.64006934673,19.64,43190.805450675274,19.23,67746.94905834172,30.16
Cestrum mariquitense,Magnoliopsida,LC,941919.638479014,82.36,178412.21466765003,18.94,286768.1870936366,30.45
Cestrum microcalyx,Magnoliopsida,LC,569833.9547952152,49.82,101293.22543633528,17.78,143216.64469764088,25.13
Cestrum morae,Magnoliopsida,LC,18354.89726200592,1.6,1304.1700756240234,7.11,4948.017049790284,26.96
Cestrum mutisii,Magnoliopsida,NA,13691.54799315591,1.2,1429.891872432007,10.44,1556.245229109375,11.37
Cestrum nocturnum,Magnoliopsida,LC,645493.5930606782,56.44,135220.98962126405,20.95,206811.69837188243,32.04
Cestrum ochraceum,Magnoliopsida,LC,179528.06255630316,15.7,45228.78101940435,25.19,62764.84124072388,34.96
Cestrum olivaceum,Magnoliopsida,NA,274067.07286700583,23.96,52090.46694129196,19.01,80373.34376182315,29.33
Cestrum peruvianum,Magnoliopsida,NA,9736.119848934415,0.85,1107.9052673518067,11.38,4001.933907265869,41.1
Cestrum petiolare,Magnoliopsida,LC,77121.07093421964,6.74,24173.5811142796,31.34,32176.74902814209,41.72
Cestrum racemosum,Magnoliopsida,LC,454398.9275415623,39.73,76270.98917296593,16.79,125594.65581907456,27.64
Cestrum reflexum,Magnoliopsida,NA,825508.4989416247,72.18,169585.95528867017,20.54,260187.3878168491,31.52
Cestrum salicifolium,Magnoliopsida,LC,62761.13981960951,5.49,16488.958033440795,26.27,22352.51089207727,35.62
Cestrum scandens,Magnoliopsida,LC,665049.7346183,58.15,129963.62684357497,19.54,232399.476450615,34.94
Cestrum tomentosum,Magnoliopsida,LC,116294.9286213744,10.17,28833.717573896236,24.79,39713.7781412461,34.15
Cestrum tubulosum,Magnoliopsida,NA,572389.9173232438,50.05,109208.38990629568,19.08,168366.7019534451,29.41
Chaetocarpus schomburgkianus,Magnoliopsida,LC,330616.31307638716,28.91,50413.2109885033,15.25,72667.39331998669,21.98
Chaetolepis alpina,Magnoliopsida,NA,14100.921536750411,1.23,6606.68012153125,46.85,6781.656700702149,48.09
Chaetolepis lindeniana,Magnoliopsida,NA,14670.84438188842,1.28,4147.305870352539,28.27,4628.123013993652,31.55
Chaetolepis microphylla,Magnoliopsida,NA,54200.07376655406,4.74,12971.299726299922,23.93,17495.33799596105,32.28
Chalybea corymbifera,Magnoliopsida,EN,9834.738294007451,0.86,3402.1981469055177,34.59,3883.91282029126,39.49
Chalybea macrocarpa,Magnoliopsida,EN,21620.13911814809,1.89,4609.267061709473,21.32,5158.607463036865,23.86
Chalybea mutisiana,Magnoliopsida,EN,33573.99370435926,2.94,5051.486861355224,15.05,6560.695616676269,19.54
Chamaecrista adiantifolia,Magnoliopsida,LC,180017.24295297722,15.74,36839.99481825,20.46,39267.60928225,21.81
Chamaecrista apoucouita,Magnoliopsida,LC,301546.4115492728,26.37,94799.3774543125,31.44,132728.7044623125,44.02
Chamaecrista calycioides,Magnoliopsida,NA,188107.8044897131,16.45,11961.67854472461,6.36,23358.563401535157,12.42
Chamaecrista desvauxii,Magnoliopsida,LC,785616.5049269847,68.69,121939.10883670412,15.52,226208.2884108364,28.79
Chamaecrista diphylla,Magnoliopsida,NA,371650.70580196794,32.5,60345.940823280274,16.24,106090.19358119728,28.55
Chamaecrista fagonioides,Magnoliopsida,NA,236434.31005802116,20.67,18474.74418920725,7.81,62462.562483327914,26.42
Chamaecrista flexuosa,Magnoliopsida,NA,385524.8089859188,33.71,35119.96400399554,9.11,94223.44470443476,24.44
Chamaecrista glandulosa,Magnoliopsida,LC,402254.59346741874,35.17,57484.89349072234,14.29,101845.5619089348,25.32
Chamaecrista hispidula,Magnoliopsida,NA,802.0066165524347,0.07,0,0,0,0
Chamaecrista kunthiana,Magnoliopsida,NA,487044.4775306557,42.59,63350.58747923114,13.01,133540.91866408617,27.42
Chamaecrista nictitans,Magnoliopsida,LC,885006.0198922546,77.38,161447.48433617313,18.24,271955.6180396545,30.73
Chamaecrista orenocensis,Magnoliopsida,LC,298787.6187731931,26.12,22462.19626483667,7.52,42550.06910943579,14.24
Chamaecrista parvistipula,Magnoliopsida,NA,171780.34749790689,15.02,15449.125204203125,8.99,29299.02657515625,17.06
Chamaecrista ramosa,Magnoliopsida,NA,291578.454644172,25.49,43210.49640546875,14.82,75597.83807060937,25.93
Chamaecrista rotundifolia,Magnoliopsida,NA,674361.9359709352,58.96,111702.52773130118,16.56,216935.75133809928,32.17
Chamaecrista serpens,Magnoliopsida,NA,344867.61065188283,30.15,26901.676505123993,7.8,61943.32666227859,17.96
Chamissoa acuminata,Magnoliopsida,NA,759583.3631033378,66.42,155726.7275220606,20.5,247780.91415752785,32.62
Chamissoa altissima,Magnoliopsida,NA,827148.6184480641,72.32,161334.1883682437,19.5,266789.2434867691,32.25
Chaptalia cordata,Magnoliopsida,NA,15036.291915206644,1.31,2176.5750409299317,14.48,5639.155472843994,37.5
Chaptalia nutans,Magnoliopsida,NA,828874.1047381252,72.47,143627.49759903643,17.33,240990.73909611988,29.07
Chaunochiton angustifolium,Magnoliopsida,LC,520802.90361750737,45.54,92057.69274623143,17.68,145135.3128679375,27.87
Chaunochiton kappleri,Magnoliopsida,LC,295042.74078568956,25.8,63509.04235021692,21.53,105736.3246490138,35.84
Chaunochiton loranthoides,Magnoliopsida,LC,124086.77109065022,10.85,11200.68045275,9.03,21770.83048892187,17.54
Cheiloclinium anomalum,Magnoliopsida,NA,382439.6041245583,33.44,100790.3582430752,26.35,139041.222840208,36.36
Cheiloclinium belizense,Magnoliopsida,NA,928310.3712462244,81.17,148490.01173545734,16,261927.42535319627,28.22
Cheiloclinium cognatum,Magnoliopsida,LC,782743.2712461629,68.44,138679.0429630996,17.72,214546.8419835879,27.41
Cheiloclinium hippocrateoides,Magnoliopsida,NA,728849.1354910065,63.73,135276.9364550524,18.56,211777.39943417144,29.06
Chelonanthus pterocaulis,Magnoliopsida,NA,366748.1253454333,32.07,28741.278971742897,7.84,65873.81105507567,17.96
Chelonanthus purpurascens,Magnoliopsida,NA,732703.3215865584,64.06,124255.93939076833,16.96,207976.99786308655,28.38
Chenopodium petiolare,Magnoliopsida,NA,33682.962728838174,2.95,6785.639974812317,20.15,11209.655052007509,33.28
Chimarrhis glabriflora,Magnoliopsida,LC,328902.346217902,28.76,74897.5638514209,22.77,114230.42919877148,34.73
Chimarrhis parviflora,Magnoliopsida,LC,670560.2708938997,58.63,147839.95000099493,22.05,251028.3503951172,37.44
Chiococca alba,Magnoliopsida,LC,416815.30436489906,36.44,67570.10620157911,16.21,133245.7767306266,31.97
Chiococca belizensis,Magnoliopsida,LC,914409.2022529864,79.95,180662.64556296577,19.76,295900.5182671893,32.36
Chionanthus compactus,Magnoliopsida,LC,444358.24154120666,38.85,57234.41063517871,12.88,122277.35901288356,27.52
Chionanthus implicatus,Magnoliopsida,LC,653802.04478818,57.17,121367.7467474143,18.56,185590.62198231884,28.39
Chione venosa,Magnoliopsida,LC,325146.566168806,28.43,58821.73471738353,18.09,92064.066701099,28.31
Chlorocardium venenosum,Magnoliopsida,LC,269414.9719513779,23.56,46573.66144313379,17.29,56795.88028771582,21.08
Chloroleucon mangense,Magnoliopsida,LC,385114.85508190066,33.67,49419.86935351053,12.83,113696.49995952372,29.52
Chomelia malaneoides,Magnoliopsida,NA,572803.2373223148,50.08,109569.507144458,19.13,162211.12992066896,28.32
Chomelia microloba,Magnoliopsida,LC,24938.324276585063,2.18,1708.3233011240234,6.85,11177.34203286621,44.82
Chomelia polyantha,Magnoliopsida,LC,559235.4948673506,48.9,117351.9150451655,20.98,203108.307593168,36.32
Chomelia recordii,Magnoliopsida,LC,9710.40759200285,0.85,1699.1835649648438,17.5,2513.036569402344,25.88
Chomelia spinosa,Magnoliopsida,LC,506487.0799121429,44.29,67753.93638771896,13.38,141448.60038636113,27.93
Chomelia tenuiflora,Magnoliopsida,LC,692199.5802954944,60.52,135944.24533839026,19.64,212693.9236836096,30.73
Chondrodendron tomentosum,Magnoliopsida,LC,585309.9324033388,51.18,111557.74798031818,19.06,199125.1076557883,34.02
Chromolaena bullata,Magnoliopsida,LC,71321.5660657882,6.24,17731.83087396729,24.86,22350.485553332463,31.34
Chromolaena laevigata,Magnoliopsida,NA,440721.7137752306,38.53,71596.30180051099,16.25,118388.58531997527,26.86
Chromolaena leivensis,Magnoliopsida,LC,11729.387952196472,1.03,983.5157017622072,8.39,1286.4780176364743,10.97
Chromolaena leptocephala,Magnoliopsida,NA,109748.04367922385,9.6,23619.683966342636,21.52,36441.70849665221,33.2
Chromolaena moritziana,Magnoliopsida,NA,134550.5264441213,11.76,21038.887306927245,15.64,47232.61166469555,35.1
Chromolaena odorata,Magnoliopsida,NA,934873.1843172504,81.74,163592.54210912433,17.5,290717.1582298508,31.1
Chromolaena perglabra,Magnoliopsida,LC,21229.352071549125,1.86,2361.793004790192,11.13,3201.992765229889,15.08
Chromolaena scabra,Magnoliopsida,NA,208997.9169418492,18.27,48653.32658420587,23.28,70186.84996174854,33.58
Chromolaena squalida,Magnoliopsida,NA,372402.3236093042,32.56,54305.99339944702,14.58,93941.72887950236,25.23
Chromolaena subscandens,Magnoliopsida,NA,220656.5335429852,19.29,44913.47818223566,20.35,71678.26217398365,32.48
Chromolaena tacotana,Magnoliopsida,LC,92630.81273408487,8.1,12817.060207848945,13.84,24593.00949677347,26.55
Chromolaena tyleri,Magnoliopsida,NA,535826.0211110249,46.85,123160.82472181908,22.99,188537.46648266565,35.19
Chromolucuma rubriflora,Magnoliopsida,NA,154340.64071786424,13.49,31834.363493839843,20.63,61494.39171485644,39.84
Chrysobalanus icaco,Magnoliopsida,LC,664387.1159186226,58.09,118171.67004510284,17.79,222977.64656283392,33.56
Chrysochlamys balboa,Magnoliopsida,NA,2198.661474558394,0.19,27.3064868125,1.24,39.7316488125,1.81
Chrysochlamys bracteolata,Magnoliopsida,LC,322515.997957846,28.2,57253.20397625748,17.75,76597.41044391165,23.75
Chrysochlamys colombiana,Magnoliopsida,LC,288870.852302215,25.26,56278.54389413592,19.48,84472.8148400226,29.24
Chrysochlamys dependens,Magnoliopsida,LC,350432.38408101414,30.64,56305.23407154498,16.07,98331.9162163108,28.06
Chrysochlamys floribunda,Magnoliopsida,LC,433454.2525171026,37.9,84429.59576310577,19.48,134108.96878555958,30.94
Chrysochlamys macrophylla,Magnoliopsida,LC,288739.02669943206,25.25,44832.56794958417,15.53,73380.32261553722,25.41
Chrysochlamys membranacea,Magnoliopsida,LC,558860.0799778985,48.86,98511.83944540522,17.63,140758.55154887366,25.19
Chrysochlamys tenuifolia,Magnoliopsida,LC,243542.18762086355,21.29,31566.08880943042,12.96,56038.8421835083,23.01
Chrysochlamys ulei,Magnoliopsida,LC,313878.8146170952,27.44,53808.95904538437,17.14,107547.83791996592,34.26
Chrysochlamys weberbaueri,Magnoliopsida,LC,547178.4615314853,47.84,97844.69508731853,17.88,147214.53347973034,26.9
Chrysophyllum amazonicum,Magnoliopsida,LC,460770.7164093409,40.29,104980.22769413062,22.78,148351.2308735134,32.2
Chrysophyllum argenteum,Magnoliopsida,LC,893584.9474882393,78.13,165844.65340029864,18.56,262697.85544432723,29.4
Chrysophyllum bombycinum,Magnoliopsida,LR/nt,368227.46494744695,32.2,95467.1507213916,25.93,135440.47548519628,36.78
Chrysophyllum cainito,Magnoliopsida,LC,558996.7375434793,48.88,94809.3368200665,16.96,167312.8187193417,29.93
Chrysophyllum colombianum,Magnoliopsida,LC,694832.9299289759,60.75,125180.54604558337,18.02,194902.50387013511,28.05
Chrysophyllum lucentifolium,Magnoliopsida,LC,633073.2732291801,55.35,83685.8042749493,13.22,178321.88796076202,28.17
Chrysophyllum manaosense,Magnoliopsida,LC,372002.0195434687,32.53,101294.59518928124,27.23,144993.0211290127,38.98
Chrysophyllum parvulum,Magnoliopsida,LC,141874.0851687415,12.4,22195.609217385023,15.64,36890.37018949259,26
Chrysophyllum pomiferum,Magnoliopsida,LC,912815.2248708252,79.81,154362.36823699318,16.91,253362.94248754412,27.76
Chrysophyllum prieurii,Magnoliopsida,LC,475427.1989114273,41.57,91532.06006711192,19.25,131628.08548149676,27.69
Chrysophyllum sanguinolentum,Magnoliopsida,LC,500021.0504484938,43.72,114763.45536558272,22.95,176679.33165113756,35.33
Chrysophyllum superbum,Magnoliopsida,DD,69763.68627167113,6.1,16138.906816,23.13,19724.632864,28.27
Chrysophyllum ucuquirana-branca,Magnoliopsida,NA,223979.05805368957,19.58,28843.676165046876,12.88,33460.399324546874,14.94
Chrysophyllum venezuelanense,Magnoliopsida,LC,366695.9959749294,32.06,82685.82819830439,22.55,132651.5004703785,36.17
Chrysothemis dichroa,Magnoliopsida,NA,11183.77099695318,0.98,1552.33074575,13.88,4374.780162,39.12
Chrysothemis friedrichsthaliana,Magnoliopsida,NA,133486.6662307467,11.67,16676.89232101184,12.49,29428.961560059357,22.05
Chrysothemis pulchella,Magnoliopsida,NA,653527.0938161683,57.14,104707.63477289931,16.02,178163.04120966804,27.26
Chuquiraga jussieui,Magnoliopsida,NA,14292.533298651097,1.25,5056.414379697754,35.38,6574.773819801269,46
Passiflora misera,Magnoliopsida,NA,895511.0819529578,78.3,149468.4314607846,16.69,257324.590507646,28.73
Ciliosemina pedunculata,Magnoliopsida,LC,302676.28651545924,26.46,74656.31724280344,24.67,118801.6420852336,39.25
Ciliosemina purdieana,Magnoliopsida,LC,562912.0920615685,49.22,70395.97550145892,12.51,143544.7001337279,25.5
Cinchona barbacoensis,Magnoliopsida,LC,114545.17633161182,10.02,18001.976746574524,15.72,24012.979989986085,20.96
Cinchona lancifolia,Magnoliopsida,NA,450758.4057984601,39.41,69474.06443275299,15.41,140141.50178449904,31.09
Ladenbergia oblongifolia,Magnoliopsida,LC,246793.84356491605,21.58,41543.81098942395,16.83,70937.36821963965,28.74
Cinchona pitayensis,Magnoliopsida,LC,63846.03568473067,5.58,19822.08129840564,31.05,25527.588290666932,39.98
Cinchona pubescens,Magnoliopsida,LC,173507.02444269156,15.17,36771.74272132739,21.19,56652.24513444171,32.65
Cinchonopsis amazonica,Magnoliopsida,LC,263697.8273678151,23.06,63630.83829062207,24.13,100759.13896062988,38.21
Cirsium vulgare,Magnoliopsida,NA,56033.36994126285,4.9,14514.48484583896,25.9,20370.21331826907,36.35
Cissampelos andromorpha,Magnoliopsida,NA,841476.6505895021,73.58,153590.89043983282,18.25,240459.9916573172,28.58
Cissampelos fasciculata,Magnoliopsida,NA,401061.5088561286,35.07,67375.25920981476,16.8,107521.27708783669,26.81
Cissampelos grandifolia,Magnoliopsida,NA,755574.3574243438,66.06,159103.85178419627,21.06,248194.98045414416,32.85
Cissampelos laxiflora,Magnoliopsida,NA,425788.12062119506,37.23,67216.44862193323,15.79,126864.0553741836,29.8
Cissampelos ovalifolia,Magnoliopsida,NA,416635.0259161803,36.43,56359.75770791162,13.53,111651.99963196972,26.8
Cissampelos pareira,Magnoliopsida,NA,708075.9345615744,61.91,112592.37030975596,15.9,212932.67343228895,30.07
Cissampelos tropaeolifolia,Magnoliopsida,NA,1023669.4111124566,89.51,181183.02394556787,17.7,302782.4107333303,29.58
Cissus alata,Magnoliopsida,NA,826650.9124703734,72.28,147809.38745072318,17.88,270872.6180909321,32.77
Cissus anisophylla,Magnoliopsida,NA,279824.25720159133,24.47,52409.08304707184,18.73,83816.51319959304,29.95
Cissus colombiensis,Magnoliopsida,NA,909619.9575808716,79.53,168930.6213177003,18.57,256196.78047307508,28.17
Cissus descoingsii,Magnoliopsida,NA,817348.1325104532,71.47,167555.68493447962,20.5,256393.37716000623,31.37
Cissus erosa,Magnoliopsida,NA,958779.0312671508,83.83,164111.58537444586,17.12,272526.7772487448,28.42
Cissus flavifolia,Magnoliopsida,NA,177221.89122021614,15.5,47576.18065304297,26.85,63992.07144948828,36.11
Cissus fuliginea,Magnoliopsida,NA,724090.067355784,63.31,125550.40633551432,17.34,228084.00877028433,31.5
Cissus fusifolia,Magnoliopsida,NA,475148.7663743536,41.55,116082.32125945904,24.43,159416.2633581997,33.55
Cissus gongylodes,Magnoliopsida,NA,0,0,0,NA,0,NA
Cissus microcarpa,Magnoliopsida,NA,1017859.4320047356,89,190463.62311764457,18.71,305572.72968915966,30.02
Cissus neei,Magnoliopsida,NA,348552.0418277178,30.48,85979.8737927677,24.67,146626.8518152912,42.07
Cissus obliqua,Magnoliopsida,NA,174302.3197010068,15.24,43781.79785341314,25.12,63285.617388409475,36.31
Cissus peruviana,Magnoliopsida,NA,0,0,0,NA,0,NA
Cissus trianae,Magnoliopsida,NA,117702.598565904,10.29,22750.2203284528,19.33,36457.59506859241,30.97
Cissus verticillata,Magnoliopsida,LC,819148.6249211794,71.62,157646.67246513575,19.25,260524.90147755516,31.8
Citharexylum caudatum,Magnoliopsida,LC,127002.83925613928,11.1,15824.065371352051,12.46,20199.23931411865,15.9
Citharexylum kunthianum,Magnoliopsida,NA,69229.9608845258,6.05,6019.884275114981,8.7,13020.148058256877,18.81
Citharexylum poeppigii,Magnoliopsida,LC,884282.3815097918,77.32,151788.63524484722,17.17,241826.10082004569,27.35
Citharexylum subflavescens,Magnoliopsida,LC,216963.1566671961,18.97,41539.258435448544,19.15,67943.78463654223,31.32
Citharexylum sulcatum,Magnoliopsida,NA,27627.17002524276,2.42,7265.4051942595825,26.3,8322.3980730791,30.12
Citronella costaricensis,Magnoliopsida,LC,366324.18185843056,32.03,65402.120875543565,17.85,110996.59451020934,30.3
Citronella incarum,Magnoliopsida,LC,296610.6187900344,25.93,50360.34030374536,16.98,79396.11909420752,26.77
Citronella melliodora,Magnoliopsida,LC,348752.8533452454,30.49,42378.29059748358,12.15,69866.46756246228,20.03
Citrullus lanatus,Magnoliopsida,NA,529904.4670428811,46.33,82799.12883068489,15.63,153570.1887036331,28.98
Citrus aurantiifolia,Magnoliopsida,NA,588561.7501387107,51.46,119833.35928377142,20.36,178658.94521219813,30.36
Citrus limon,Magnoliopsida,NA,711018.3527450239,62.17,138855.86146904473,19.53,216297.2949598894,30.42
Clarisia biflora,Magnoliopsida,LC,647154.7120602867,56.58,146136.75459078443,22.58,227446.62989527785,35.15
Clarisia ilicifolia,Magnoliopsida,LC,38836.50625574374,3.4,4853.7191949375,12.5,8929.60426525,22.99
Clarisia racemosa,Magnoliopsida,LC,872724.3470253391,76.31,148897.966986478,17.06,237479.8732022785,27.21
Clathrotropis brachypetala,Magnoliopsida,LC,563884.1950859317,49.3,99960.31274218092,17.73,191780.02805892617,34.01
Clathrotropis brunnea,Magnoliopsida,NA,141129.89635705808,12.34,18567.956567901805,13.16,41946.25020774361,29.72
Clathrotropis glaucophylla,Magnoliopsida,LC,403546.5980980888,35.28,64985.11710321192,16.1,90801.10734690283,22.5
Clathrotropis macrocarpa,Magnoliopsida,LC,531800.3648935035,46.5,109049.8283386992,20.51,161622.48226602637,30.39
Clathrotropis nitida,Magnoliopsida,LC,208979.8908142898,18.27,43116.90329825,20.63,53862.49433825,25.77
Clavija biborrana,Magnoliopsida,LC,127187.28221937096,11.12,16683.29844882422,13.12,48272.61016796387,37.95
Clavija costaricana,Magnoliopsida,LC,46025.71064211551,4.02,9701.062500654298,21.08,13772.964362550782,29.92
Clavija membranacea,Magnoliopsida,LC,23390.979907500492,2.05,1525.1019366816406,6.52,2739.909680681641,11.71
Clavija mezii,Magnoliopsida,LC,119168.332375771,10.42,12955.273344218474,10.87,46817.17586506571,39.29
Clavija ornata,Magnoliopsida,LC,459471.4920879396,40.17,74377.24478718628,16.19,153441.04226467406,33.4
Clavija weberbaueri,Magnoliopsida,LC,414650.91637203697,36.26,103264.35697543848,24.9,146713.36578324318,35.38
Cleidion castaneifolium,Magnoliopsida,LC,1093101.656237163,95.58,194344.34960114025,17.78,324051.93513652496,29.65
Clematis guadeloupae,Magnoliopsida,NA,594591.9436967585,51.99,111035.92914808664,18.67,210578.9306883295,35.42
Clematis haenkeana,Magnoliopsida,NA,144155.7689169825,12.6,34884.10560130963,24.2,49262.22832888281,34.17
Clethra fagifolia,Magnoliopsida,LC,172528.41654857234,15.09,40779.34817922112,23.64,60463.976527516475,35.05
Clethra fimbriata,Magnoliopsida,LC,36182.32608976822,3.16,10225.991422172852,28.26,11893.87624196704,32.87
Clethra ovalifolia,Magnoliopsida,LC,76508.74898105761,6.69,22857.837111721863,29.88,30675.937570908813,40.09
Clethra pedicellaris,Magnoliopsida,LC,96954.1401560698,8.48,20965.656925753297,21.62,30675.44917996399,31.64
Clethra repanda,Magnoliopsida,LC,116189.05596056455,10.16,27938.823875623053,24.05,41179.65427348504,35.44
Clibadium eggersii,Magnoliopsida,NA,395626.86701794085,34.59,62404.98880706622,15.77,105412.53426801995,26.64
Clibadium grandifolium,Magnoliopsida,LC,133418.73887379438,11.67,14634.319313388916,10.97,20454.19843788284,15.33
Clibadium laxum,Magnoliopsida,NA,10361.238431273474,0.91,267.93568736816405,2.59,2415.764631368164,23.32
Clibadium pentaneuron,Magnoliopsida,NA,678711.8267401735,59.34,137642.21974352575,20.28,207373.8376043668,30.55
Clibadium surinamense,Magnoliopsida,LC,950771.9648696498,83.13,182099.56176354396,19.15,280252.5734598352,29.48
Clibadium sylvestre,Magnoliopsida,LC,1019735.1154089094,89.16,181273.3050343721,17.78,302890.3738085481,29.7
Clibadium trianae,Magnoliopsida,NA,284583.4380560911,24.88,55762.38217913223,19.59,85687.90606242509,30.11
Clinopodium brownei,Magnoliopsida,NA,284530.00037383346,24.88,61292.373116864714,21.54,92139.75967787344,32.38
Clitoria arborea,Magnoliopsida,LC,508279.6046308909,44.44,113426.79884658472,22.32,169570.73858763013,33.36
Clitoria coriacea,Magnoliopsida,NA,102664.1130028272,8.98,5989.54516421875,5.83,10707.36294021875,10.43
Clitoria dendrina,Magnoliopsida,LC,489116.25865290355,42.77,86365.68589907911,17.66,150006.8826726875,30.67
Clitoria falcata,Magnoliopsida,NA,810370.6927025785,70.86,124109.55230968918,15.32,233473.63775645537,28.81
Clitoria guianensis,Magnoliopsida,NA,341401.6096941529,29.85,50935.2659834834,14.92,87969.14838371679,25.77
Clitoria javitensis,Magnoliopsida,NA,840509.6281176439,73.49,141932.71411532763,16.89,237242.916133021,28.23
Clusia alata,Magnoliopsida,LC,190357.46699751177,16.64,43220.147548461915,22.7,64565.180954170166,33.92
Clusia amazonica,Magnoliopsida,LC,832132.8731725904,72.76,150705.63959981088,18.11,233694.06326641585,28.08
Clusia articulata,Magnoliopsida,LC,365346.94010175095,31.94,56918.2006099776,15.58,110395.3709310898,30.22
Clusia brachycarpa,Magnoliopsida,LC,147657.88266821278,12.91,37119.33792107213,25.14,52827.53778888213,35.78
Clusia candelabrum,Magnoliopsida,LC,636259.5125995047,55.63,116314.00005195312,18.28,179046.00248168653,28.14
Clusia caudata,Magnoliopsida,LC,154383.17331697914,13.5,23851.810661398064,15.45,31859.592222887502,20.64
Clusia cerroana,Magnoliopsida,LC,542533.799635168,47.44,108343.1474373238,19.97,180945.6860653596,33.35
Clusia chiribiquetensis,Magnoliopsida,LC,486722.2427789387,42.56,92411.86366930664,18.99,156781.24631980274,32.21
Clusia columnaris,Magnoliopsida,LC,864265.4018920042,75.57,147762.70228337633,17.1,231995.48842630765,26.84
Clusia congestiflora,Magnoliopsida,LC,144634.28523952878,12.65,28696.272258768648,19.84,45576.64656975677,31.51
Clusia crenata,Magnoliopsida,LC,134722.7857610263,11.78,26672.735691523376,19.8,41165.63167953626,30.56
Clusia cuneifolia,Magnoliopsida,LC,276310.0733438756,24.16,53208.81848538336,19.26,79937.46035716492,28.93
Clusia cylindrica,Magnoliopsida,LC,106749.4095333472,9.33,22082.550468181817,20.69,31987.077384630866,29.96
Clusia dixonii,Magnoliopsida,LC,167132.17220482946,14.61,32332.72243394943,19.35,51032.17836285965,30.53
Clusia ducu,Magnoliopsida,LC,244911.59375846543,21.41,52381.95817861902,21.39,77395.55886287805,31.6
Clusia elliptica,Magnoliopsida,LC,146122.3762861251,12.78,37757.09894851222,25.84,53327.777645244096,36.5
Clusia flavida,Magnoliopsida,LC,902443.662753528,78.91,158272.89543785705,17.54,247467.57955297784,27.42
Clusia fructiangusta,Magnoliopsida,LC,383332.75578302145,33.52,75809.52188172046,19.78,101529.28598309377,26.49
Clusia garcibarrigae,Magnoliopsida,LC,85363.83074225558,7.46,15595.735260716674,18.27,23921.77914974158,28.02
Clusia grandiflora,Magnoliopsida,LC,673994.8699229761,58.93,129324.33101301268,19.19,201045.23009416505,29.83
Clusia hammeliana,Magnoliopsida,LC,566489.0716015755,49.53,117772.06849503162,20.79,174299.45850900488,30.77
Clusia haughtii,Magnoliopsida,LC,492740.5570277334,43.08,91898.48272754114,18.65,133445.28228886498,27.08
Clusia huberi,Magnoliopsida,LC,340232.4809174835,29.75,71445.71994236011,21,121338.1191065354,35.66
Clusia hydrogera,Magnoliopsida,LC,149301.52925752135,13.05,31823.220328137755,21.31,49617.64309174243,33.23
Clusia insignis,Magnoliopsida,LC,726160.5502754304,63.49,149418.0775267408,20.58,233246.00143247435,32.12
Clusia laurifolia,Magnoliopsida,LC,84791.98449464494,7.41,11804.314832520877,13.92,17324.236408043642,20.43
Clusia leptanthera,Magnoliopsida,LC,208052.2002983986,18.19,33691.165441699086,16.19,52248.763248367366,25.11
Clusia lineata,Magnoliopsida,LC,737576.4177820818,64.49,122373.63716358284,16.59,191642.22883236085,25.98
Clusia loranthacea,Magnoliopsida,LC,824435.9344662399,72.09,164919.75273710632,20,257765.82835569177,31.27
Clusia loretensis,Magnoliopsida,LC,357685.400687515,31.27,92255.2858420857,25.79,136756.15880597435,38.23
Clusia magnifolia,Magnoliopsida,LC,510928.85010716773,44.67,100068.72874465298,19.59,144186.09907895478,28.22
Clusia mamillata,Magnoliopsida,LC,114111.13259136611,9.98,12378.71435865219,10.85,17847.125421114677,15.64
Clusia martiana,Magnoliopsida,LC,500851.2113658162,43.79,106587.79965797254,21.28,158204.69116031763,31.59
Clusia melchiorii,Magnoliopsida,LC,239596.3522884434,20.95,41511.55028562402,17.33,73277.07873275696,30.58
Clusia microstemon,Magnoliopsida,LC,218174.9204867751,19.08,38649.60911704297,17.71,65644.54426863672,30.09
Clusia minor,Magnoliopsida,LC,701887.1665260791,61.37,123296.94910755634,17.57,212291.22375224077,30.25
Clusia mocoensis,Magnoliopsida,LC,504739.20797717915,44.13,62839.77526950989,12.45,106527.0649480832,21.11
Clusia monantha,Magnoliopsida,LC,68075.0307432871,5.95,13954.02203056964,20.5,23022.320690672517,33.82
Clusia multiflora,Magnoliopsida,LC,215040.65731808436,18.8,50547.469101996154,23.51,73396.77673290917,34.13
Clusia nigrolineata,Magnoliopsida,LC,348571.6376191323,30.48,98949.6107298252,28.39,137969.014286958,39.58
Clusia obovata,Magnoliopsida,LC,765468.1450092391,66.93,139498.29490619,18.22,230507.71410318185,30.11
Clusia octandra,Magnoliopsida,LC,365595.8252956018,31.97,65889.53497838428,18.02,85002.74952262393,23.25
Clusia opaca,Magnoliopsida,NA,222529.79231735904,19.46,47908.86650026563,21.53,75039.82483826563,33.72
Clusia pallida,Magnoliopsida,LC,486793.9099764155,42.56,84299.04970524492,17.32,126025.76439166164,25.89
Clusia palmicida,Magnoliopsida,LC,810453.1319158565,70.86,138010.50046128075,17.03,224307.05017163543,27.68
Clusia panapanari,Magnoliopsida,LC,582997.9368261499,50.98,114373.51312635644,19.62,168111.05714011425,28.84
Clusia penduliflora,Magnoliopsida,LC,411676.5035994302,36,84703.15341037305,20.58,115007.26707271543,27.94
Clusia pentandra,Magnoliopsida,LC,148940.6239106193,13.02,25750.20045175714,17.29,42378.33002778931,28.45
Clusia renggerioides,Magnoliopsida,LC,631035.1530852563,55.18,118774.17350694434,18.82,183965.4827717168,29.15
Clusia rosea,Magnoliopsida,LC,1012066.9085574962,88.49,183935.04285924515,18.17,315810.1966875366,31.2
Clusia schomburgkiana,Magnoliopsida,LC,514300.77017936704,44.97,80944.93433358503,15.74,126176.78714270252,24.53
Clusia schultesii,Magnoliopsida,LC,442117.40867660457,38.66,102350.57558409082,23.15,146116.10918922364,33.05
Clusia sipapoana,Magnoliopsida,LC,987292.5768350112,86.33,173000.48989332086,17.52,289718.85257050366,29.34
Clusia spathulifolia,Magnoliopsida,LC,456748.2913927395,39.94,96871.032945292,21.21,143782.19120161523,31.48
Clusia sphaerocarpa,Magnoliopsida,LC,156838.9059760051,13.71,38330.02619057965,24.44,55752.72211223047,35.55
Clusia stenophylla,Magnoliopsida,LC,76721.49521266206,6.71,16908.664197942162,22.04,25526.61650836591,33.27
Clusia thurifera,Magnoliopsida,LC,256047.68031767895,22.39,50031.05612573605,19.54,75561.47193411978,29.51
Clusia triflora,Magnoliopsida,LC,240000.57528231724,20.98,51499.580823622346,21.46,81083.27411592584,33.78
Clusia trochiformis,Magnoliopsida,LC,236226.39213735453,20.65,49010.54220382882,20.75,77404.79198147525,32.77
Clusia venusta,Magnoliopsida,LC,164511.85428945703,14.38,24463.326878484557,14.87,37564.19021639636,22.83
Clusia viscida,Magnoliopsida,LC,399892.17970987025,34.97,66803.15306125335,16.71,87412.23205718414,21.86
Clusiella axillaris,Magnoliopsida,LC,472056.54767943645,41.27,107056.07290525,22.68,162200.67547479688,34.36
Clusiella elegans,Magnoliopsida,NA,286987.08915804065,25.09,43497.53455402783,15.16,64353.79789173914,22.42
Cnestidium rufescens,Magnoliopsida,NA,284499.3328534534,24.88,31394.059133405975,11.03,60187.541329621854,21.16
Cnidoscolus urens,Magnoliopsida,LC,440187.10180738784,38.49,47540.94805132202,10.8,112642.70050518954,25.59
Cobaea scandens,Magnoliopsida,NA,159139.10519185118,13.91,31489.89928571849,19.79,51185.934409894515,32.16
Coccocypselum condalia,Magnoliopsida,NA,237720.59052249655,20.79,45546.92978697998,19.16,72882.4951166189,30.66
Coccocypselum guianense,Magnoliopsida,NA,699452.995164832,61.16,94036.38897698914,13.44,158184.67526033704,22.62
Coccocypselum hirsutum,Magnoliopsida,NA,724794.2295247241,63.37,137230.4203069068,18.93,218538.42380011108,30.15
Coccocypselum hispidulum,Magnoliopsida,NA,370904.9828896945,32.43,53977.953336179446,14.55,88043.8187434447,23.74
Coccocypselum lanceolatum,Magnoliopsida,NA,195326.54258460784,17.08,42445.59846018243,21.73,65482.09569901001,33.52
Coccoloba acuminata,Magnoliopsida,LC,668033.7074487655,58.41,107865.95304245064,16.15,218556.50722551564,32.72
Coccoloba ascendens,Magnoliopsida,LC,699676.2175734842,61.18,115828.02400769164,16.55,197658.64651548705,28.25
Coccoloba caracasana,Magnoliopsida,LC,400166.5251616079,34.99,50188.41609339011,12.54,109883.91387113334,27.46
Coccoloba coronata,Magnoliopsida,LC,958527.9634100666,83.81,165350.07697362106,17.25,292581.1422962375,30.52
Coccoloba densifrons,Magnoliopsida,LC,574828.8780021531,50.26,125175.52705455045,21.78,189953.00586349817,33.05
Coccoloba excelsa,Magnoliopsida,LC,641669.1476534086,56.11,107173.5229739182,16.7,176310.42144322023,27.48
Coccoloba latifolia,Magnoliopsida,LC,594261.5410799453,51.96,114322.51503235644,19.24,168051.67594211426,28.28
Coccoloba lehmannii,Magnoliopsida,LC,922792.1404467196,80.69,150690.16980412765,16.33,259943.03099441165,28.17
Coccoloba marginata,Magnoliopsida,NA,623620.2256601051,54.53,114344.73192681347,18.34,172919.79798173925,27.73
Coccoloba mollis,Magnoliopsida,LC,919744.4272845604,80.42,155235.43877921297,16.88,256573.6364777473,27.9
Coccoloba obovata,Magnoliopsida,LC,202783.73808491533,17.73,22371.276960736053,11.03,63491.79189192312,31.31
Coccoloba ovata,Magnoliopsida,LC,386459.2319729031,33.79,66338.22701521094,17.17,108353.57991352344,28.04
Coccoloba padiformis,Magnoliopsida,LC,288822.3671101568,25.25,32884.344534515716,11.39,80726.28172642435,27.95
Coccoloba striata,Magnoliopsida,LC,901119.9128246892,78.79,155545.148382015,17.26,283195.66823327285,31.43
Cochlospermum orinocense,Magnoliopsida,LC,723043.4639840877,63.22,109635.9934623698,15.16,216260.21970626403,29.91
Cochlospermum vitifolium,Magnoliopsida,LC,580656.9275836115,50.77,85436.95192159152,14.71,173785.01362779323,29.93
Codiaeum variegatum,Magnoliopsida,LC,806624.6925728545,70.53,155334.1388310955,19.26,244912.36231264428,30.36
Codonanthopsis calcarata,Magnoliopsida,NA,258263.16638121175,22.58,55224.823552,21.38,73275.048544,28.37
Codonanthopsis crassifolia,Magnoliopsida,NA,943027.348055222,82.45,156148.6008093837,16.56,261073.98458428963,27.68
Codonanthopsis dissimulata,Magnoliopsida,NA,381507.34172320017,33.36,100790.93035037868,26.42,140319.41980875365,36.78
Codonanthopsis macradenia,Magnoliopsida,NA,1160.6793637988064,0.1,11.534937,0.99,11.534937,0.99
Codonanthopsis uleana,Magnoliopsida,NA,637437.3922874196,55.74,135344.67895886378,21.23,206419.47146698268,32.38
Codonanthopsis ulei,Magnoliopsida,NA,302321.469538145,26.43,62509.76811682422,20.68,83955.49549282422,27.77
Coffea arabica,Magnoliopsida,EN,690032.447929241,60.33,131649.45305062085,19.08,206994.36262220508,30
Cojoba arborea,Magnoliopsida,LC,1027352.608622586,89.83,178627.3294151859,17.39,302310.0899069723,29.43
Cojoba rufescens,Magnoliopsida,LC,51532.154249649575,4.51,7783.601313750488,15.1,11190.63920782715,21.72
Colignonia parviflora,Magnoliopsida,NA,13517.40250027976,1.18,1423.3176247404783,10.53,5225.333096654541,38.66
Colubrina glandulosa,Magnoliopsida,LC,634264.795906987,55.46,100162.27890267456,15.79,182633.31778674183,28.79
Columellia oblonga,Magnoliopsida,LC,4805.633914151161,0.42,231.61911164208985,4.82,1767.57495164209,36.78
Columnea angustata,Magnoliopsida,NA,182226.9575247733,15.93,22900.875656749085,12.57,35233.37102572766,19.33
Columnea anisophylla,Magnoliopsida,NA,307397.2000156374,26.88,61063.19629507662,19.86,87593.27946249279,28.5
Columnea arguta,Magnoliopsida,NA,544.2374573347673,0.05,427.626416,78.57,570.932336,104.91
Columnea bilabiata,Magnoliopsida,NA,119885.8188574952,10.48,14608.887805186769,12.19,23047.61396242798,19.22
Columnea byrsina,Magnoliopsida,NA,39155.99700560149,3.42,8595.012023145142,21.95,11605.85732674121,29.64
Columnea chrysotricha,Magnoliopsida,NA,27799.393218414956,2.43,5385.923840171021,19.37,9712.721541275512,34.94
Columnea ciliata,Magnoliopsida,NA,204497.67939776767,17.88,34839.36701206512,17.04,57470.03631930762,28.1
Columnea consanguinea,Magnoliopsida,NA,90313.18183549438,7.9,9893.17578691986,10.95,14828.13973752472,16.42
Columnea dimidiata,Magnoliopsida,NA,181890.09272588644,15.9,35325.700274604795,19.42,53814.56293997876,29.59
Columnea dissimilis,Magnoliopsida,NA,2685.1940764544106,0.23,479.669087625,17.86,489.265917625,18.22
Columnea eburnea,Magnoliopsida,NA,38837.546910054465,3.4,7816.244479793823,20.13,11573.30695119214,29.8
Columnea ericae,Magnoliopsida,NA,363800.9398351468,31.81,73959.84860312226,20.33,94231.8658037403,25.9
Columnea florida,Magnoliopsida,NA,103178.62503656062,9.02,15995.108140186465,15.5,21204.51589049939,20.55
Columnea fuscihirta,Magnoliopsida,NA,207107.02861996592,18.11,39096.06638121612,18.88,63652.09436012525,30.73
Columnea guttata,Magnoliopsida,NA,69825.43955442001,6.11,9253.039830809415,13.25,14082.644363546624,20.17
Columnea herthae,Magnoliopsida,NA,103201.36807326176,9.02,12643.385309745972,12.25,18764.119328354613,18.18
Columnea inaequilatera,Magnoliopsida,NA,153155.06659999632,13.39,24187.288664529115,15.79,38029.539714256105,24.83
Columnea kalbreyeriana,Magnoliopsida,NA,142502.17938806376,12.46,19259.82246444372,13.52,29350.12285323718,20.6
Columnea kienastiana,Magnoliopsida,NA,125252.7337527783,10.95,14240.134908455566,11.37,19327.327019890778,15.43
Columnea lanata,Magnoliopsida,NA,42717.93026607851,3.74,3013.367275875,7.05,3711.227443625,8.69
Columnea lehmannii,Magnoliopsida,NA,85611.62614143139,7.49,9757.30303125354,11.4,11552.311075017456,13.49
Columnea mastersonii,Magnoliopsida,VU,12019.267600821013,1.05,1968.911487751648,16.38,4976.854783622864,41.41
Columnea medicinalis,Magnoliopsida,NA,7143.225894129036,0.62,131.23137954992677,1.84,615.6397235499268,8.62
Columnea microcalyx,Magnoliopsida,NA,187561.45339928695,16.4,40862.92155346506,21.79,62986.24645616656,33.58
Columnea minutiflora,Magnoliopsida,NA,97926.4970761342,8.56,13677.081442271365,13.97,16691.182057518432,17.04
Columnea parviflora,Magnoliopsida,NA,127872.82229064402,11.18,14712.807451244871,11.51,22711.945962675534,17.76
Columnea peruviana,Magnoliopsida,NA,176641.57606118964,15.44,37639.80438093968,21.31,58296.84524352196,33
Columnea picta,Magnoliopsida,NA,221148.74538803255,19.34,38888.70872546759,17.58,56797.20609875659,25.68
Columnea pulcherrima,Magnoliopsida,NA,59909.02571838794,5.24,4011.8337449296873,6.7,5002.7136893125,8.35
Columnea purpurata,Magnoliopsida,NA,221018.5233495488,19.33,48962.67248468308,22.15,75539.10365078897,34.18
Columnea rosea,Magnoliopsida,NA,124500.44532887236,10.89,15748.65537017356,12.65,23592.04865063184,18.95
Columnea rubriacuta,Magnoliopsida,NA,159583.68972395782,13.95,25900.560673693904,16.23,35878.78647177762,22.48
Columnea sanguinea,Magnoliopsida,NA,287263.9956631099,25.12,60071.89055682599,20.91,94917.84777483862,33.04
Columnea spathulata,Magnoliopsida,NA,13971.83719711892,1.22,787.6009260393066,5.64,1752.0941949924315,12.54
Columnea strigosa,Magnoliopsida,NA,133277.98248141873,11.65,35690.61697135855,26.78,49025.17819862479,36.78
Columnea tenensis,Magnoliopsida,LC,300991.6424328117,26.32,48469.16037681292,16.1,71298.64479065471,23.69
Columnea tessmannii,Magnoliopsida,NA,158285.2641578058,13.84,28126.922990378585,17.77,45225.992218411026,28.57
Columnea villosissima,Magnoliopsida,NA,201323.0259592794,17.6,29376.544986440964,14.59,42269.40060604839,21
Combretum assimile,Magnoliopsida,NA,733833.2694310247,64.16,134473.27073520512,18.32,217161.37585796876,29.59
Combretum fruticosum,Magnoliopsida,NA,623603.4079773144,54.53,99385.57270427803,15.94,207717.7593527964,33.31
Combretum laxum,Magnoliopsida,LC,791343.7665405546,69.19,130984.2355418291,16.55,212792.9138399961,26.89
Combretum llewelynii,Magnoliopsida,NA,273960.1364365578,23.95,77869.44254285938,28.42,108364.04511823438,39.55
Combretum paraguariense,Magnoliopsida,LC,238817.8921277324,20.88,57575.24165271973,24.11,77846.15248896973,32.6
Combretum pyramidatum,Magnoliopsida,LC,496019.18708498107,43.37,84491.73647683203,17.03,117391.87496728516,23.67
Combretum rotundifolium,Magnoliopsida,LC,487783.63090062,42.65,104619.39507192164,21.45,151791.8592683042,31.12
Comolia leptophylla,Magnoliopsida,NA,211471.4189816382,18.49,12966.1068061875,6.13,26485.853939984376,12.52
Comolia microphylla,Magnoliopsida,NA,301516.22550076427,26.36,36109.28009317395,11.98,60353.61970054895,20.02
Compsoneura atopa,Magnoliopsida,LC,971002.8710936392,84.9,171340.2905585373,17.65,286482.2100226962,29.5
Compsoneura capitellata,Magnoliopsida,LC,453024.0273880142,39.61,97637.72307248547,21.55,140122.50864553434,30.93
Compsoneura debilis,Magnoliopsida,LC,256783.7250540899,22.45,49108.941110515625,19.12,68202.94105451563,26.56
Compsoneura mutisii,Magnoliopsida,LC,271479.7117785399,23.74,40092.81692559015,14.77,74074.49885745802,27.29
Compsoneura rigidifolia,Magnoliopsida,LC,320579.08319815714,28.03,40204.146797239926,12.54,87390.07830152137,27.26
Compsoneura sprucei,Magnoliopsida,LC,760549.8913835898,66.5,135309.85296602367,17.79,211055.79089944897,27.75
Compsoneura ulei,Magnoliopsida,LC,327103.43803521927,28.6,78271.49270760937,23.93,118873.7743980078,36.34
Conceveiba guianensis,Magnoliopsida,LC,509345.3534790082,44.54,112503.59321462351,22.09,172960.32823842627,33.96
Conceveiba martiana,Magnoliopsida,LC,245371.939073693,21.45,51953.8943512041,21.17,64552.7835802041,26.31
Conceveiba rhytidocarpa,Magnoliopsida,LC,329860.11761936033,28.84,81721.5056733877,24.77,117978.1169636924,35.77
Conceveiba terminalis,Magnoliopsida,LC,385592.10549779405,33.71,87849.55217445019,22.78,125848.518284583,32.64
Condaminea corymbosa,Magnoliopsida,LC,303909.56768742594,26.57,49663.37885198021,16.34,84060.6059705454,27.66
Condea verticillata,Magnoliopsida,NA,346687.30521049496,30.31,59172.537117365675,17.07,107792.33342272624,31.09
Condylidium iresinoides,Magnoliopsida,NA,403998.60732133646,35.32,87099.9129413945,21.56,156348.0558561809,38.7
Condylocarpon pubiflorum,Magnoliopsida,NA,201129.05704616403,17.59,37626.802051661136,18.71,41176.151023504885,20.47
Conium maculatum,Magnoliopsida,NA,117843.38164954148,10.3,29571.78126592576,25.09,44129.01733660033,37.45
Connarus fasciculatus,Magnoliopsida,LC,469717.4758565684,41.07,107114.14545611329,22.8,164465.55399193653,35.01
Connarus lambertii,Magnoliopsida,NA,627884.2201259286,54.9,97728.95948844016,15.56,189071.6750070408,30.11
Connarus panamensis,Magnoliopsida,NA,170646.56292580222,14.92,15795.555815956268,9.26,54951.940671077915,32.2
Connarus punctatus,Magnoliopsida,NA,618068.9051098693,54.04,116701.82766673047,18.88,179915.1107423623,29.11
Connarus rigidus,Magnoliopsida,NA,409852.727201271,35.84,69728.56468544787,17.01,97727.0799467013,23.84
Connarus ruber,Magnoliopsida,NA,621858.496266885,54.37,115077.44972868456,18.51,176054.75507913769,28.31
Connarus venezuelanus,Magnoliopsida,LC,206196.4569039276,18.03,13575.468457828125,6.58,23963.68035015625,11.62
Conobea scoparioides,Magnoliopsida,NA,478219.2501367238,41.81,86111.4046168272,18.01,117697.20444562571,24.61
Conocarpus erectus,Magnoliopsida,LC,61002.93386445239,5.33,5552.203535415741,9.1,27905.48420672098,45.74
Conocliniopsis prasiifolia,Magnoliopsida,NA,282895.1984561485,24.74,46596.42575328827,16.47,92981.64351540504,32.87
Copaifera pubiflora,Magnoliopsida,LC,239670.80146457575,20.96,13444.61565884375,5.61,32444.18920417969,13.54
Copaifera reticulata,Magnoliopsida,LC,342564.53920772934,29.95,99163.2439525752,28.95,138307.840341708,40.37
Corchorus hirtus,Magnoliopsida,NA,432259.2254370407,37.8,54800.151291161135,12.68,121794.226642625,28.18
Corchorus orinocensis,Magnoliopsida,NA,571548.4328705233,49.97,93756.85083257552,16.4,191544.13786369943,33.51
Corchorus siliquosus,Magnoliopsida,NA,617704.2965664625,54.01,128303.76199148496,20.77,228512.21721773583,36.99
Cordia alliodora,Magnoliopsida,LC,1004027.8337505488,87.79,184149.7284732322,18.34,308553.0182453766,30.73
Cordia bicolor,Magnoliopsida,LC,808269.8280433376,70.67,135722.99151992414,16.79,258991.4229362439,32.04
Cordia bogotensis,Magnoliopsida,LC,184075.09685349572,16.09,34218.83833611578,18.59,61202.42819483008,33.25
Cordia collococca,Magnoliopsida,LC,340934.55169323675,29.81,82155.78585922714,24.1,150995.2836534362,44.29
Cordia colombiana,Magnoliopsida,LC,473262.7981782544,41.38,81543.15625584907,17.23,123409.47251504644,26.08
Cordia cymosa,Magnoliopsida,LC,545270.6250797895,47.68,80055.05218084637,14.68,136030.14450920647,24.95
Cordia dentata,Magnoliopsida,LC,169325.22753165956,14.81,16947.5952434548,10.01,57214.42884729715,33.79
Cordia diversifolia,Magnoliopsida,LC,0,0,0,NA,0,NA
Cordia dwyeri,Magnoliopsida,LC,189523.22992715743,16.57,27519.11974585592,14.52,47894.45814635808,25.27
Cordia exaltata,Magnoliopsida,LC,616479.9778636269,53.9,118750.30860699684,19.26,184083.547898761,29.86
Cordia kingstoniana,Magnoliopsida,LC,716426.760590247,62.64,134932.66996840507,18.83,210065.14850808648,29.32
Cordia lucidula,Magnoliopsida,LC,403967.2194766829,35.32,99028.87597325756,24.51,140102.78352560246,34.68
Cordia lutea,Magnoliopsida,LC,5311.765699845003,0.46,509.8674688125,9.6,1457.89669321875,27.45
Cordia nodosa,Magnoliopsida,LC,775177.8040352183,67.78,140073.19143244842,18.07,222038.1324735698,28.64
Cordia panamensis,Magnoliopsida,LC,591317.0668613563,51.7,132082.6637459419,22.34,206521.81280787036,34.93
Cordia protracta,Magnoliopsida,LC,186017.87276947108,16.26,27226.27442663189,14.64,53593.03383810417,28.81
Cordia sericicalyx,Magnoliopsida,LC,755984.0245226015,66.1,115914.23179168112,15.33,234628.23667330056,31.04
Cordia tetrandra,Magnoliopsida,LC,625367.2662985086,54.68,100831.63436392244,16.12,200054.45388698904,31.99
Cordia toqueve,Magnoliopsida,LC,816014.0574668037,71.35,145155.66295494724,17.79,238626.26842186032,29.24
Cordia ucayaliensis,Magnoliopsida,LC,616021.275539321,53.86,114536.63973391827,18.59,177213.2575802415,28.77
Cordiera garapatica,Magnoliopsida,LC,576631.304103868,50.42,112500.85405226047,19.51,161584.56831561704,28.02
Cordiera myrciifolia,Magnoliopsida,LC,706472.6464284078,61.77,107904.91843394336,15.27,212858.78991815235,30.13
Coriandrum sativum,Magnoliopsida,NA,277482.7821879398,24.26,56692.15344106046,20.43,91487.62127483316,32.97
Coriaria ruscifolia,Magnoliopsida,NA,107050.52824262448,9.36,30211.209100118343,28.22,41315.166517928345,38.59
Cornus peruviana,Magnoliopsida,LC,81446.66515586819,7.12,16805.9097027357,20.63,24788.08454741075,30.43
Cornutia odorata,Magnoliopsida,LC,857209.5836000108,74.95,153844.2626735321,17.95,258640.86247631183,30.17
Cornutia pyramidata,Magnoliopsida,LC,379896.0666401924,33.22,59606.92681276824,15.69,97043.46963180944,25.54
Corynaea crassa,Magnoliopsida,NA,133954.54182768034,11.71,35806.60438338449,26.73,50044.79633421719,37.36
Corytoplectus congestus,Magnoliopsida,NA,13606.788331306338,1.19,6025.647952975739,44.28,7259.270344897598,53.35
Cosmibuena grandiflora,Magnoliopsida,LC,691167.9537626737,60.43,124939.27519039292,18.08,219775.1521040307,31.8
Cosmibuena macrocarpa,Magnoliopsida,LC,128750.66790386272,11.26,17381.483027399903,13.5,27991.743802396973,21.74
Cosmos caudatus,Magnoliopsida,NA,657477.1994196547,57.49,116530.99656945864,17.72,194818.26536215487,29.63
Cotula australis,Magnoliopsida,NA,95160.5531715792,8.32,22465.51910379132,23.61,33676.83569358814,35.39
Couepia bracteosa,Magnoliopsida,LC,132422.43571576997,11.58,35863.93708051563,27.08,46799.23092451563,35.34
Couepia chrysocalyx,Magnoliopsida,LC,458661.4809513443,40.1,84838.8636135401,18.5,120699.16255122169,26.32
Couepia guianensis,Magnoliopsida,LC,744927.449093807,65.13,117439.04141447703,15.77,199349.4645884072,26.76
Couepia macrophylla,Magnoliopsida,LC,560720.3904305771,49.03,132031.52509454853,23.55,197106.70475473144,35.15
Couepia obovata,Magnoliopsida,LC,509490.2975315634,44.55,104472.40503013256,20.51,156480.339754261,30.71
Couepia paraensis,Magnoliopsida,LC,610299.7105117849,53.36,111394.62511185254,18.25,164193.15009829003,26.9
Couepia ulei,Magnoliopsida,LC,249476.6775031264,21.81,70911.28431492286,28.42,96809.09655954783,38.8
Couepia williamsii,Magnoliopsida,LC,290553.78730882355,25.4,78715.53481424674,27.09,114256.6871050358,39.32
Couma catingae,Magnoliopsida,LC,439949.7995313824,38.47,98741.6704125244,22.44,140520.35578593847,31.94
Couma macrocarpa,Magnoliopsida,LC,841050.5331729568,73.54,140874.1987280338,16.75,230021.54086758097,27.35
Couma utilis,Magnoliopsida,LC,338200.2203884413,29.57,47262.14269917139,13.97,74814.525780167,22.12
Couratari guianensis,Magnoliopsida,LC,885489.9902815205,77.42,148427.29650591663,16.76,253873.76610483692,28.67
Couratari oligantha,Magnoliopsida,LC,400588.33381128934,35.03,98611.09070442188,24.62,136148.82479948437,33.99
Couroupita guianensis,Magnoliopsida,LC,751343.5031879557,65.69,127750.91144297092,17,208655.2231503738,27.77
Coursetia caribaea,Magnoliopsida,LC,138341.46805485815,12.1,11900.572080100068,8.6,47361.25758622269,34.24
Coursetia ferruginea,Magnoliopsida,LC,258949.1557677835,22.64,32743.49519105844,12.64,87360.56275214072,33.74
Coussapoa asperifolia,Magnoliopsida,LC,906480.9310498068,79.26,164336.1409680282,18.13,254801.01710078845,28.11
Coussapoa contorta,Magnoliopsida,LC,145077.81766384374,12.69,23928.303424683716,16.49,30656.15616383728,21.13
Coussapoa herthae,Magnoliopsida,LC,42394.81725283221,3.71,7365.915910101562,17.37,9384.057762691406,22.13
Coussapoa nitida,Magnoliopsida,LC,185805.84698264897,16.25,43252.72755826661,23.28,54792.1635582666,29.49
Coussapoa orthoneura,Magnoliopsida,LC,651866.9696110399,57,116020.595476553,17.8,178253.99183478052,27.35
Coussapoa ovalifolia,Magnoliopsida,LC,584292.597557554,51.09,124245.8056583718,21.26,196428.91714849937,33.62
Coussapoa parviceps,Magnoliopsida,LC,44813.76914185475,3.92,8030.360703354981,17.92,12602.580179712646,28.12
Coussapoa tessmannii,Magnoliopsida,LC,358721.69305492425,31.37,97868.20952873536,27.28,147300.64574346045,41.06
Coussapoa trinervia,Magnoliopsida,LC,575707.628690982,50.34,111665.42144551736,19.4,170254.54456259645,29.57
Coussapoa villosa,Magnoliopsida,LC,672220.6390095091,58.78,149428.01848553753,22.23,223870.57589131143,33.3
Coussarea brevicaulis,Magnoliopsida,NA,395240.918754013,34.56,100124.95829040626,25.33,152519.93759149805,38.59
Coussarea cerroazulensis,Magnoliopsida,LC,13159.04397783034,1.15,1034.7064717001954,7.86,2295.2074313466796,17.44
Coussarea ecuadorensis,Magnoliopsida,LC,251201.19216490295,21.96,60075.617546676025,23.92,78254.54089916602,31.15
Coussarea enneantha,Magnoliopsida,LC,111163.01822750182,9.72,13992.82962503949,12.59,17710.12862982831,15.93
Coussarea flava,Magnoliopsida,NA,289107.59474335046,25.28,69169.59557527759,23.93,117723.1306022444,40.72
Coussarea grandifolia,Magnoliopsida,LC,353243.09506496566,30.89,43015.18616265677,12.18,97289.24803873684,27.54
Coussarea hirticalyx,Magnoliopsida,LC,641225.2628042601,56.07,149310.96792393285,23.29,226260.7305907981,35.29
Coussarea klugii,Magnoliopsida,LC,190052.75640847112,16.62,40302.35999307532,21.21,48312.92116401855,25.42
Coussarea latifolia,Magnoliopsida,LC,136521.68719363151,11.94,23997.47362024165,17.58,34992.55127828468,25.63
Coussarea linearis,Magnoliopsida,NA,564202.2897492948,49.33,132183.602485151,23.43,198462.78893047103,35.18
Coussarea loftonii,Magnoliopsida,LC,75366.41843825954,6.59,11681.77809909404,15.5,15439.624046756637,20.49
Coussarea macrophylla,Magnoliopsida,NA,173821.13455883096,15.2,35911.54283254785,20.66,41094.59690141504,23.64
Coussarea moritziana,Magnoliopsida,LC,3432.0176293899426,0.3,269.750750359375,7.86,1899.668701859375,55.35
Coussarea paniculata,Magnoliopsida,LC,1028163.983832295,89.9,171209.42997510257,16.65,298605.461170386,29.04
Coussarea resinosa,Magnoliopsida,LC,99619.249543312,8.71,27154.26822213196,27.26,30342.53377942004,30.46
Coutarea hexandra,Magnoliopsida,LC,771143.8112045343,67.43,123990.76926763284,16.08,246600.21376656173,31.98
Coutoubea ramosa,Magnoliopsida,NA,819279.7579514668,71.63,136217.13180136157,16.63,231799.79024605005,28.29
Coutoubea spicata,Magnoliopsida,NA,623658.646351131,54.53,109522.73312163012,17.56,201725.8178480577,32.35
Crassula venezuelensis,Magnoliopsida,NA,44394.913152744,3.88,15668.55691981932,35.29,19546.648038478776,44.03
Crateva tapia,Magnoliopsida,LC,646616.9619921411,56.54,119459.44857974576,18.47,215340.69334587228,33.3
Cremastosperma cauliflorum,Magnoliopsida,LC,247446.4871711757,21.64,52782.22073197754,21.33,68791.99164378222,27.8
Cremastosperma gracilipes,Magnoliopsida,LC,211442.8537285855,18.49,41654.09505952832,19.7,50468.15101759082,23.87
Cremastosperma megalophyllum,Magnoliopsida,LC,98980.42503521012,8.65,19334.29806442676,19.53,20097.896502418946,20.3
Cremastosperma microcarpum,Magnoliopsida,LC,175050.9775084052,15.31,40394.07365867285,23.08,49238.48368467285,28.13
Cremastosperma pedunculatum,Magnoliopsida,LC,374891.69056216785,32.78,106912.72750831714,28.52,159194.48592579662,42.46
Cremosperma castroanum,Magnoliopsida,NA,120048.30375531012,10.5,15880.523333509736,13.23,19755.58364068564,16.46
Cremosperma hirsutissimum,Magnoliopsida,NA,284124.2061474455,24.84,50358.68090740369,17.72,79450.96309318245,27.96
Cremosperma veraguanum,Magnoliopsida,NA,15753.866995589764,1.38,1476.807138984375,9.37,2022.1670749990235,12.84
Cremospermopsis cestroides,Magnoliopsida,NA,34169.228582721866,2.99,5325.298876732666,15.59,11557.57272355127,33.82
Cremospermopsis parviflora,Magnoliopsida,NA,12038.418531628511,1.05,1085.7356753891602,9.02,2521.904303749756,20.95
Crescentia amazonica,Magnoliopsida,LC,412502.6066529107,36.07,54277.71089017407,13.16,108650.01194661327,26.34
Crescentia cujete,Magnoliopsida,LC,1003325.720319816,87.73,168348.26182518888,16.78,292908.3182817593,29.19
Critonia morifolia,Magnoliopsida,LC,231553.0504823416,20.25,40551.99526175111,17.51,69414.6583605214,29.98
Critoniella acuminata,Magnoliopsida,LC,126835.71937171106,11.09,22349.842208865462,17.62,37452.46848099695,29.53
Critoniopsis glandulata,Magnoliopsida,VU,36995.262315669315,3.23,5038.188335116699,13.62,10874.78106862671,29.4
Critoniopsis lindenii,Magnoliopsida,LC,92568.75797442612,8.09,27000.922915843938,29.17,37101.63636790333,40.08
Critoniopsis occidentalis,Magnoliopsida,LC,8334.187616686297,0.73,1964.7174686790313,23.57,2780.5975002620394,33.36
Crotalaria incana,Magnoliopsida,NA,668297.5147104379,58.43,120635.21333666732,18.05,229783.72487804724,34.38
Crotalaria maypurensis,Magnoliopsida,NA,374371.5979331704,32.73,58167.16994890475,15.54,98413.11973911471,26.29
Crotalaria micans,Magnoliopsida,LC,868944.105946828,75.98,154637.40228073907,17.8,248960.86077218628,28.65
Crotalaria nitens,Magnoliopsida,LC,422792.2963720923,36.97,61486.580769587155,14.54,110609.64323544952,26.16
Crotalaria pallida,Magnoliopsida,NA,789287.6074991234,69.01,136050.8055101939,17.24,238912.07342966652,30.27
Crotalaria paulina,Magnoliopsida,NA,87717.58655532786,7.67,13574.063647287308,15.47,22328.002425575607,25.45
Crotalaria pilosa,Magnoliopsida,NA,637581.9431494847,55.75,100383.4404953501,15.74,185006.97946299033,29.02
Crotalaria retusa,Magnoliopsida,NA,375523.8277019015,32.83,33359.734762916596,8.88,82835.18787420925,22.06
Crotalaria sagittalis,Magnoliopsida,NA,808792.7985525349,70.72,145154.7278786327,17.95,243936.1854572013,30.16
Croton abutiloides,Magnoliopsida,NA,88595.49109965809,7.75,17082.52898339726,19.28,29183.734580389937,32.94
Croton billbergianus,Magnoliopsida,LC,41971.23334755026,3.67,7524.8523613558355,17.93,11518.42386493164,27.44
Croton chocoanus,Magnoliopsida,LC,112645.4062421326,9.85,12071.627773419035,10.72,20495.591047878173,18.19
Croton cuneatus,Magnoliopsida,LC,630492.2745219937,55.13,117377.2502717422,18.62,182056.8829869912,28.88
Croton ferrugineus,Magnoliopsida,NA,278940.1487483538,24.39,40490.98502514212,14.52,88760.7174988616,31.82
Croton fragrans,Magnoliopsida,LC,346508.81206661754,30.3,47113.359684977695,13.6,111277.19686689205,32.11
Croton gossypiifolius,Magnoliopsida,LC,302232.79797665507,26.43,53316.50385117345,17.64,99629.91154789225,32.96
Croton hibiscifolius,Magnoliopsida,LC,236855.7462164904,20.71,43686.75342547995,18.44,72569.838491246,30.64
Croton hirtus,Magnoliopsida,NA,603473.8183552766,52.77,93642.36771767338,15.52,174661.24262031473,28.94
Croton holtonii,Magnoliopsida,NA,85591.95550731102,7.48,10569.81676035782,12.35,21590.19497295572,25.22
Croton killipianus,Magnoliopsida,LC,194498.4035046772,17.01,27429.11349684953,14.1,43751.220329138065,22.49
Croton lechleri,Magnoliopsida,NA,670574.0182214745,58.63,142722.81964750533,21.28,222911.986361619,33.24
Croton leptostachyus,Magnoliopsida,NA,146250.9812468851,12.79,17682.7811142948,12.09,40490.220868526645,27.69
Croton magdalenensis,Magnoliopsida,NA,102685.66994986852,8.98,20250.467165464415,19.72,33219.93912480591,32.35
Croton matourensis,Magnoliopsida,LC,1041338.5907578804,91.05,184012.72191455768,17.67,306372.6537547981,29.42
Croton mutisianus,Magnoliopsida,NA,144550.3671373074,12.64,34816.2688299907,24.09,52879.48717837092,36.58
Croton niveus,Magnoliopsida,LC,179058.20318359704,15.66,19095.37528393588,10.66,48803.77747998221,27.26
Croton pachypodus,Magnoliopsida,LC,893978.1887197616,78.17,163498.87558801065,18.29,268870.2054036513,30.08
Croton palanostigma,Magnoliopsida,LC,769021.6255632438,67.24,147065.39365349797,19.12,247839.94357541224,32.23
Croton pungens,Magnoliopsida,LC,56821.60370695191,4.97,9231.399643978071,16.25,15626.249681437788,27.5
Croton sampatik,Magnoliopsida,LC,772495.140452821,67.54,150708.6569286717,19.51,251938.6949550984,32.61
Croton schiedeanus,Magnoliopsida,LC,829418.8804804606,72.52,146196.04370276898,17.63,261241.8081332627,31.5
Croton smithianus,Magnoliopsida,LC,374681.0274906706,32.76,60110.38514868467,16.04,99792.72297955993,26.63
Croton tessmannii,Magnoliopsida,LC,164337.02323755543,14.37,28685.840772128173,17.46,32658.504086413577,19.87
Croton trinitatis,Magnoliopsida,NA,898861.3439075685,78.59,146472.20399806224,16.3,256140.6777720479,28.5
Crudia amazonica,Magnoliopsida,LC,167929.3668593463,14.68,32818.04518625,19.54,38388.00406625,22.86
Crudia glaberrima,Magnoliopsida,LC,446658.9024314626,39.05,94629.89573523926,21.19,134663.99413298926,30.15
Cuatresia colombiana,Magnoliopsida,LC,223188.22900496397,19.51,43077.33387879376,19.3,62302.66295732495,27.91
Cuatresia exiguiflora,Magnoliopsida,NA,98379.72271820194,8.6,16792.84727245546,17.07,21762.746676020062,22.12
Cuatresia harlingiana,Magnoliopsida,NT,267455.1140209445,23.39,52942.09438215598,19.79,78786.58505853043,29.46
Cuatresia plowmanii,Magnoliopsida,LC,287315.57924054144,25.12,51589.3604783596,17.96,83937.03535735463,29.21
Cuatresia riparia,Magnoliopsida,LC,227472.8923010056,19.89,48939.42496190182,21.51,75673.84293948868,33.27
Cucumis anguria,Magnoliopsida,NA,228641.76824010737,19.99,24966.480409234468,10.92,68494.2299950665,29.96
Cucumis dipsaceus,Magnoliopsida,NA,137437.66307264543,12.02,10969.611974259493,7.98,44739.927349060454,32.55
Cucumis melo,Magnoliopsida,NA,180128.4220881671,15.75,19865.590061329527,11.03,57724.96966171338,32.05
Cucurbita maxima,Magnoliopsida,NA,584035.1756522653,51.07,102678.0949765445,17.58,165033.61235102295,28.26
Cucurbita moschata,Magnoliopsida,NA,1087321.4348258402,95.07,188724.34168186603,17.36,321387.60887784447,29.56
Cuervea kappleriana,Magnoliopsida,NA,786966.4579505015,68.81,113874.19840287667,14.47,197028.68185680252,25.04
Culcitium canescens,Magnoliopsida,NA,50651.58076963324,4.43,17630.644209275146,34.81,22199.775169669676,43.83
Cupania americana,Magnoliopsida,LC,660911.7474862108,57.79,103659.24534313523,15.68,202895.08928223647,30.7
Cupania cinerea,Magnoliopsida,LC,830491.2446026094,72.61,145444.76070137278,17.51,236594.28782314563,28.49
Cupania hispida,Magnoliopsida,LC,448950.8112988806,39.25,102241.19138359863,22.77,145394.89158073143,32.39
Cupania latifolia,Magnoliopsida,LC,926070.9348050298,80.97,150698.41421208484,16.27,268596.4292782821,29
Cupania livida,Magnoliopsida,LC,640593.0555577037,56.01,134935.30122532966,21.06,204677.42641009693,31.95
Cupania scrobiculata,Magnoliopsida,LC,974281.821971919,85.19,147960.02290041547,15.19,267834.95735506044,27.49
Cuphea annulata,Magnoliopsida,NA,208490.54748579787,18.23,48868.186368,23.44,63026.924896,30.23
Cuphea antisyphilitica,Magnoliopsida,NA,396476.6456568661,34.67,64474.25664961523,16.26,107738.32460735842,27.17
Cuphea bombonasae,Magnoliopsida,NA,92402.40773489828,8.08,11123.966812801376,12.04,24574.996785843003,26.6
Cuphea carthagenensis,Magnoliopsida,NA,836734.5171588286,73.16,145411.74118089763,17.38,218935.961366089,26.17
Cuphea ciliata,Magnoliopsida,NA,182611.3848761217,15.97,39270.56043234534,21.5,60307.91598846863,33.03
Cuphea hyssopifolia,Magnoliopsida,NA,900245.0544052743,78.71,172271.29185015522,19.14,276125.4793639462,30.67
Cuphea melvilla,Magnoliopsida,LC,655727.0167971203,57.33,126004.89837434376,19.22,197729.7346007119,30.15
Cuphea micrantha,Magnoliopsida,NA,268851.4091642892,23.51,45089.33363749353,16.77,92042.76302351886,34.24
Cuphea odonellii,Magnoliopsida,NA,322352.77209476684,28.19,40912.95915709009,12.69,72019.89205717944,22.34
Cuphea racemosa,Magnoliopsida,NA,228881.30835491716,20.01,41478.90914939459,18.12,66206.27690525683,28.93
Cuphea repens,Magnoliopsida,NA,327274.33828648686,28.62,46102.05137419824,14.09,77437.0138786914,23.66
Cuphea strigulosa,Magnoliopsida,NA,164023.01300092266,14.34,31607.69993272528,19.27,52843.969065494384,32.22
Cuphea tetrapetala,Magnoliopsida,NA,7939.479970298866,0.69,120.885665625,1.52,326.332425625,4.11
Curarea tecunarum,Magnoliopsida,NA,383748.25205986935,33.55,102952.03211037598,26.83,146419.4649537744,38.16
Curarea toxicofera,Magnoliopsida,NA,385072.596385169,33.67,91456.55532772608,23.75,132586.56759203857,34.43
Curatella americana,Magnoliopsida,LC,625605.2992833519,54.7,94990.28357307355,15.18,190647.1121890073,30.47
Curtia conferta,Magnoliopsida,NA,182415.91283189936,15.95,39111.852384,21.44,60965.474656,33.42
Curtia tenuifolia,Magnoliopsida,NA,289622.2027083895,25.32,38209.29830520349,13.19,66199.46762358997,22.86
Cuscuta grandiflora,Magnoliopsida,NA,71452.14017381125,6.25,21537.75051042546,30.14,27590.772897967956,38.61
Cuspidaria floribunda,Magnoliopsida,NA,451218.0204533904,39.45,88048.82302790406,19.51,140532.01784170972,31.15
Cuspidaria inaequalis,Magnoliopsida,NA,839216.6578742604,73.38,142833.15796964013,17.02,230088.8293687671,27.42
Cyanthillium cinereum,Magnoliopsida,NA,211868.8805267704,18.52,21662.36397642711,10.22,65377.31892047837,30.86
Cyathula achyranthoides,Magnoliopsida,NA,749671.8034107031,65.55,134380.3138428889,17.93,211914.44950471752,28.27
Cyathula prostrata,Magnoliopsida,NA,892466.9632217716,78.03,163923.36095334357,18.37,256825.0071900968,28.78
Cybianthus amplus,Magnoliopsida,LC,400808.4942085648,35.05,90518.04614238476,22.58,128660.65508092432,32.1
Cybianthus fulvopulverulentus,Magnoliopsida,LC,310476.8132034675,27.15,40764.789653887696,13.13,59156.159450395506,19.05
Cybianthus guyanensis,Magnoliopsida,LC,669974.9650582325,58.58,125797.414221136,18.78,193139.65970014184,28.83
Cybianthus iteoides,Magnoliopsida,LC,118355.3900513128,10.35,34789.856487679775,29.39,47393.21225654984,40.04
Cybianthus kayapii,Magnoliopsida,LC,259321.7825045847,22.67,55228.059032369645,21.3,66279.95509615498,25.56
Cybianthus laurifolius,Magnoliopsida,LC,107206.22502742834,9.37,25574.50083759955,23.86,37565.23086832019,35.04
Cybianthus magnus,Magnoliopsida,LC,230314.9651794624,20.14,49132.95512929578,21.33,75846.71364567075,32.93
Cybianthus marginatus,Magnoliopsida,LC,133105.26617273927,11.64,35992.33531928242,27.04,50452.58529231133,37.9
Cybianthus occigranatensis,Magnoliopsida,LC,233316.7250896185,20.4,41742.570580960295,17.89,63065.05596657034,27.03
Cybianthus pastensis,Magnoliopsida,LC,310630.6603746064,27.16,57998.21306675714,18.67,86002.07772251587,27.69
Cybianthus penduliflorus,Magnoliopsida,LC,126591.19435827348,11.07,37106.4372849375,29.31,65247.0261489375,51.54
Cybianthus poeppigii,Magnoliopsida,LC,536967.2464036922,46.95,98617.61603592064,18.37,146981.98537994488,27.37
Cybianthus prieurii,Magnoliopsida,LC,279534.4427928673,24.44,35956.63804042163,12.86,65523.64294248877,23.44
Cybianthus resinosus,Magnoliopsida,LC,511038.6152268689,44.68,98173.05026322546,19.21,153731.96472932684,30.08
Cybianthus schlimii,Magnoliopsida,LC,356766.95761733496,31.19,62363.56509037077,17.48,107114.24307840836,30.02
Cybianthus simplex,Magnoliopsida,LC,23480.279703516026,2.05,2851.2341986989745,12.14,6843.199527831787,29.14
Cybianthus spicatus,Magnoliopsida,LC,436734.7818354955,38.19,54741.33197937207,12.53,80795.411406473635,18.5
Cybianthus sprucei,Magnoliopsida,LC,300263.67935068696,26.25,49262.86640610968,16.41,81700.65432495312,27.21
Cybianthus venezuelanus,Magnoliopsida,LC,811504.0539604324,70.95,149506.4055574182,18.42,239319.36152057865,29.49
Cyclanthera brachystachya,Magnoliopsida,NA,229060.1740960415,20.03,48264.228529512024,21.07,76214.54838052564,33.27
Cyclanthera pedata,Magnoliopsida,NA,212818.24210661353,18.61,45255.97770804076,21.27,69199.58934849803,32.52
Cyclospermum leptophyllum,Magnoliopsida,NA,275259.93804891146,24.07,52504.24073989415,19.07,84436.91958563853,30.68
Cymbopetalum brasiliense,Magnoliopsida,LC,468984.5181358426,41.01,103201.34751843456,22.01,156138.96369032422,33.29
Cymbopetalum lanugipetalum,Magnoliopsida,LC,40281.08518344886,3.52,8044.309741265625,19.97,13971.32252511328,34.68
Cynanchum blandum,Magnoliopsida,NA,686893.5930308176,60.06,120189.58529385888,17.5,184211.4745733806,26.82
Cynanchum montevidense,Magnoliopsida,NA,630755.7248103239,55.15,100702.17994201486,15.97,203467.37263848173,32.26
Cynanchum subpaniculatum,Magnoliopsida,NA,324251.78180737427,28.35,76906.44739042188,23.72,112223.79917546386,34.61
Cynoglossum amabile,Magnoliopsida,NA,142687.13718740136,12.48,34618.39707225281,24.26,50613.173061089496,35.47
Cynometra bauhiniifolia,Magnoliopsida,LC,766741.3583092062,67.04,126664.89919710632,16.52,216381.48673088747,28.22
Cynometra marginata,Magnoliopsida,LC,555283.6551043455,48.55,109795.69390234374,19.77,162364.59851796876,29.24
Cyrilla racemiflora,Magnoliopsida,LC,236958.5285434884,20.72,30614.067811897643,12.92,40294.24871939764,17
Cyrtocymura scorpioides,Magnoliopsida,NA,256975.8924014655,22.47,41591.68393590801,16.19,70139.74254868823,27.29
Dacryodes amplectans,Magnoliopsida,LC,385090.3138255216,33.67,93098.10324351946,24.18,129401.15486446347,33.6
Dacryodes belemensis,Magnoliopsida,LC,667725.1393379603,58.38,128678.4254998335,19.27,197573.93891693215,29.59
Dacryodes chimantensis,Magnoliopsida,LC,475479.9188950792,41.57,104190.0064399612,21.91,158728.76972677882,33.38
Dacryodes negrensis,Magnoliopsida,LC,884357.9749146991,77.32,151041.73246252153,17.08,242670.19556399735,27.44
Dacryodes nitens,Magnoliopsida,LC,623405.286686089,54.51,131042.14240574346,21.02,201810.93364015853,32.37
Dacryodes occidentalis,Magnoliopsida,LC,157813.09349923793,13.8,22486.809323767335,14.25,32994.66717405142,20.91
Dacryodes peruviana,Magnoliopsida,LC,529320.1144072602,46.28,105725.47077487916,19.97,155240.6014927136,29.33
Dacryodes roraimensis,Magnoliopsida,LC,408556.15363247186,35.72,95777.51069537208,23.44,136585.9231485039,33.43
Dahlia pinnata,Magnoliopsida,NA,205642.20893604893,17.98,44642.43009758055,21.71,67494.29353156615,32.82
Dalbergia brownei,Magnoliopsida,LC,176889.19480164268,15.47,18507.92665110742,10.46,58161.68251270898,32.88
Dalbergia ecastaphyllum,Magnoliopsida,LC,742305.1244704521,64.9,126156.21034182506,17,224095.0450544321,30.19
Dalbergia foliosa,Magnoliopsida,LC,634637.2636982636,55.49,116343.57039812893,18.33,178770.51328262012,28.17
Dalbergia frutescens,Magnoliopsida,LC,745729.8298495073,65.2,134567.56458637034,18.05,236065.45592718097,31.66
Dalbergia hygrophila,Magnoliopsida,NT,453445.5494850576,39.65,70842.85439066797,15.62,98754.10839417676,21.78
Dalbergia inundata,Magnoliopsida,LC,144752.91505840095,12.66,13603.45553746875,9.4,26176.19334021875,18.08
Dalbergia riedelii,Magnoliopsida,LC,309425.31083965057,27.05,70837.10079596045,22.89,97646.12790342188,31.56
Dalbergia riparia,Magnoliopsida,LC,111316.49176723842,9.73,22351.75147492154,20.08,23017.49801829654,20.68
Dalea carthagenensis,Magnoliopsida,NA,24839.930569737557,2.17,3466.4969746247557,13.96,6446.260983207031,25.95
Dalea coerulea,Magnoliopsida,NA,20917.62181258144,1.83,2546.1765332758787,12.17,4292.128986314209,20.52
Dalechampia canescens,Magnoliopsida,NA,678150.3536426106,59.29,101177.30607761584,14.92,174036.7457629479,25.66
Dalechampia dioscoreifolia,Magnoliopsida,NA,722187.511324919,63.15,142479.62872920602,19.73,235555.06512004108,32.62
Dalechampia juruana,Magnoliopsida,NA,168615.0611762359,14.74,28491.51129637988,16.9,33407.9189160127,19.81
Dalechampia scandens,Magnoliopsida,LC,747275.7725418806,65.34,122014.0261836548,16.33,232806.6009560737,31.15
Dalechampia tiliifolia,Magnoliopsida,NA,778784.9195204894,68.09,129072.93695296012,16.57,244989.80179172687,31.46
Daphnopsis americana,Magnoliopsida,LC,476312.8558340439,41.65,109795.72792921928,23.05,177149.3154478928,37.19
Daphnopsis caracasana,Magnoliopsida,LC,84754.61447692747,7.41,22619.524910695494,26.69,29969.191850993484,35.36
Datura stramonium,Magnoliopsida,NA,147992.86300170474,12.94,28562.11214469464,19.3,45061.49251859882,30.45
Daucus montanus,Magnoliopsida,NA,138726.3719070893,12.13,33999.21115429742,24.51,48770.55405230029,35.16
Davilla kunthii,Magnoliopsida,NA,995173.819674137,87.01,165440.1546535256,16.62,282485.5761409022,28.39
Davilla nitida,Magnoliopsida,NA,862154.221743217,75.38,147356.7889096384,17.09,243170.64764735597,28.21
Davilla rugosa,Magnoliopsida,NA,898854.0384920761,78.59,142784.219654397,15.89,249784.2150259019,27.79
Decagonocarpus oppositifolius,Magnoliopsida,LC,357372.9539516545,31.25,96354.85440307812,26.96,135995.14445107811,38.05
Declieuxia fruticosa,Magnoliopsida,NA,340143.2645972578,29.74,42067.97596053954,12.37,71532.66412842264,21.03
Deguelia densiflora,Magnoliopsida,NA,700873.0216204434,61.28,120868.90678146972,17.25,208681.5082242295,29.77
Deguelia negrensis,Magnoliopsida,NA,138448.17437641954,12.11,28543.97277554687,20.62,45390.43173979688,32.79
Deguelia scandens,Magnoliopsida,LC,770227.8166620458,67.35,136448.56422045946,17.72,221638.99367685645,28.78
Deguelia utilis,Magnoliopsida,LC,863975.1269731876,75.54,155203.62452027094,17.96,256852.4871441344,29.73
Delilia biflora,Magnoliopsida,NA,369230.9956029717,32.28,40260.56909792087,10.9,96798.6147296802,26.22
Delonix regia,Magnoliopsida,LC,1055133.9938621947,92.26,177142.6539293638,16.79,304363.41345929884,28.85
Delostoma integrifolium,Magnoliopsida,LC,133017.96741543314,11.63,33483.21872845251,25.17,46604.35721407825,35.04
Dendrobangia boliviana,Magnoliopsida,LC,899904.7134396924,78.68,162990.05227932087,18.11,256052.28213695483,28.45
Dendropanax arboreus,Magnoliopsida,LC,1030072.147503679,90.07,188165.95373132595,18.27,294597.2037379817,28.6
Dendropanax caucanus,Magnoliopsida,LC,317229.52381209674,27.74,54094.648634704405,17.05,87950.52433306738,27.72
Dendropanax cuneatus,Magnoliopsida,LC,697422.7636243595,60.98,129329.38618535137,18.54,205635.1761294196,29.49
Dendropanax macrophyllus,Magnoliopsida,LC,154108.83479915545,13.47,37307.20373321613,24.21,54774.32119305542,35.54
Dendropanax macropodus,Magnoliopsida,NA,190412.83693815747,16.65,29496.389800485595,15.49,46833.481351616305,24.6
Dendropanax neblinae,Magnoliopsida,NA,366431.6513474432,32.04,76819.71590401563,20.96,106188.98809851562,28.98
Dendropanax palustris,Magnoliopsida,NA,397624.55815503065,34.77,91142.94224678908,22.92,123746.66646333592,31.12
Dendrophthora chrysostachya,Magnoliopsida,NA,37061.99698768331,3.24,9627.937885172303,25.98,14081.524387964966,37.99
Dendrophthora clavata,Magnoliopsida,NA,89503.8095799704,7.83,26009.81724891815,29.06,34752.15022708069,38.83
Dendrophthora lindeniana,Magnoliopsida,NA,235428.3030075423,20.58,50826.5951640215,21.59,74178.62735156863,31.51
Dendrophthora lueri,Magnoliopsida,NA,162959.8996888024,14.25,33857.75488720163,20.78,50426.3678307387,30.94
Dendrophthora obliqua,Magnoliopsida,NA,237245.5842417234,20.74,50232.351135197234,21.17,76242.37789989443,32.14
Deprea glabra,Magnoliopsida,NA,83775.2316083378,7.32,20871.295717169007,24.91,29925.00600475952,35.72
Deprea orinocensis,Magnoliopsida,NA,196753.92521198056,17.2,44870.925728093374,22.81,63780.798152109186,32.42
Deprea sachapapa,Magnoliopsida,NA,111124.31738632158,9.72,25775.167231050476,23.19,36291.94364715393,32.66
Deprea sylvarum,Magnoliopsida,NA,283270.46441459516,24.77,50280.16711548444,17.75,75821.55461649755,26.77
Descurainia myriophylla,Magnoliopsida,NA,2878.56864385826,0.25,294.0462775629883,10.22,1320.5022335629883,45.87
Desfontainia splendens,Magnoliopsida,NA,99087.37375379167,8.66,28929.22960600961,29.2,37720.53081445981,38.07
Desmanthus virgatus,Magnoliopsida,LC,308936.2304708879,27.01,40964.52624607721,13.26,92115.84294028278,29.82
Desmodium axillare,Magnoliopsida,NA,978662.575178594,85.57,180008.98138817638,18.39,280617.55432335584,28.67
Desmodium cajanifolium,Magnoliopsida,LC,925493.5162340496,80.92,157612.94204551313,17.03,288774.78406592214,31.2
Desmodium campyloclados,Magnoliopsida,NA,332142.8140320724,29.04,61858.347422007784,18.62,107926.2716751288,32.49
Desmodium distortum,Magnoliopsida,NA,678519.7536899083,59.33,105540.32217908931,15.55,206274.8710460458,30.4
Desmodium incanum,Magnoliopsida,NA,878719.5464254373,76.83,156010.6510919458,17.75,284500.3355123846,32.38
Desmodium intortum,Magnoliopsida,LC,406797.87962418713,35.57,74684.5831758792,18.36,134381.01736403443,33.03
Desmodium molliculum,Magnoliopsida,NA,138972.30300907386,12.15,34695.090280209166,24.97,50124.624639337526,36.07
Desmodium purpusii,Magnoliopsida,NA,653822.6138304367,57.17,113801.0112564604,17.41,195525.62527844825,29.9
Desmodium scorpiurus,Magnoliopsida,NA,618009.4661488914,54.04,103327.00096924094,16.72,205329.28796337868,33.22
Desmodium tortuosum,Magnoliopsida,NA,283965.7288021195,24.83,31670.8346104258,11.15,83797.2562583408,29.51
Desmodium uncinatum,Magnoliopsida,NA,227936.71892702443,19.93,41764.63035030209,18.32,68269.55332141375,29.95
Desmopsis panamensis,Magnoliopsida,LC,16678.394972002392,1.46,2501.5767656796875,15,3315.4297701132814,19.88
Desmoscelis villosa,Magnoliopsida,LC,782068.2886008476,68.38,128411.47006184809,16.42,212033.93366065735,27.11
Diacidia galphimioides,Magnoliopsida,LC,347613.4640186924,30.39,45156.97937157635,12.99,70201.40218239508,20.2
Dialium guianense,Magnoliopsida,LC,771931.7748277889,67.49,130752.7321922528,16.94,211266.201759354,27.37
Diastatea micrantha,Magnoliopsida,NA,163497.34471582746,14.3,36224.377889526215,22.16,54280.186923622765,33.2
Diastema affine,Magnoliopsida,NA,291779.8889407816,25.51,59244.40441256625,20.3,93208.5106178264,31.94
Diastema racemiferum,Magnoliopsida,NA,402253.39765378577,35.17,74468.57611492544,18.51,136664.5438388544,33.97
Diastema scabrum,Magnoliopsida,NA,365064.6204975107,31.92,65984.52496365759,18.07,93150.36806944683,25.52
Dicella julianii,Magnoliopsida,NA,808608.439222954,70.7,149783.51270052203,18.52,241459.1092482523,29.86
Dichapetalum odoratum,Magnoliopsida,LC,828762.1203508003,72.46,137065.40721817335,16.54,234009.0294181987,28.24
Dichapetalum rugosum,Magnoliopsida,NA,921887.512704101,80.61,160779.75375802544,17.44,258845.60095237035,28.08
Dichapetalum spruceanum,Magnoliopsida,LC,843885.6204620186,73.79,147262.4430178805,17.45,231426.89721061545,27.42
Diclidanthera bolivarensis,Magnoliopsida,NA,285537.17491983384,24.97,29769.366986523437,10.43,50998.75846083594,17.86
Diclidanthera penduliflora,Magnoliopsida,NA,255103.06722949815,22.31,70838.7663316875,27.77,96978.2378190625,38.02
Diclinanona calycina,Magnoliopsida,LC,448897.2484879859,39.25,101909.7149242588,22.7,144256.44868963378,32.14
Diclinanona tessmannii,Magnoliopsida,LC,74484.81857523936,6.51,19590.30592,26.3,23039.411296,30.93
Dicorynia paraensis,Magnoliopsida,LC,144269.72275640446,12.61,28229.542411875,19.57,36415.764491875,25.24
Dicranostyles ampla,Magnoliopsida,NA,412705.17073375784,36.09,91531.7051166709,22.18,136341.73260901697,33.04
Dicranostyles holostyla,Magnoliopsida,NA,569855.9670218577,49.83,107728.97345249804,18.9,155451.84689107616,27.28
Dicranostyles scandens,Magnoliopsida,NA,452601.4456142473,39.57,111249.58678841851,24.58,171424.9061709864,37.88
Didymochlamys whitei,Magnoliopsida,NA,66032.1089885291,5.77,4243.207713632813,6.43,5429.6304893125,8.22
Didymocistus chrysadenius,Magnoliopsida,LC,38196.16895197976,3.34,11511.848064,30.14,14278.754656,37.38
Digitalis purpurea,Magnoliopsida,NA,45886.998925360946,4.01,13078.614498309082,28.5,16565.609273703125,36.1
Digomphia ceratophora,Magnoliopsida,NA,153849.29421482395,13.45,18777.802446515627,12.21,24507.824958515623,15.93
Digomphia densicoma,Magnoliopsida,NA,86293.78839497929,7.55,28050.186704375,32.51,28488.764688375,33.01
Digomphia laurifolia,Magnoliopsida,LC,0,0,0,NA,0,NA
Dilkea acuminata,Magnoliopsida,NA,592595.8747060238,51.81,119825.73951677172,20.22,175681.97245277246,29.65
Dilkea retusa,Magnoliopsida,LC,436363.5850895619,38.15,104897.60755796192,24.04,160905.10398535937,36.87
Dilodendron costaricense,Magnoliopsida,LC,213066.15179121777,18.63,20955.513894527405,9.84,64180.42079633292,30.12
Dimorphandra cuprea,Magnoliopsida,LC,449500.72475926334,39.3,101614.14278765333,22.61,145016.30265237988,32.26
Dimorphandra macrostachya,Magnoliopsida,LC,485603.9386353809,42.46,79748.80456922647,16.42,124049.92079734516,25.55
Dimorphandra pennigera,Magnoliopsida,LC,448430.6215158412,39.21,111120.8342248662,24.78,167745.24973121844,37.41
Dimorphandra vernicosa,Magnoliopsida,LC,155693.49904955455,13.61,31821.202688,20.44,51099.348224,32.82
Dioclea guianensis,Magnoliopsida,LC,885339.407104492,77.41,152710.52923367263,17.25,280906.53352357465,31.73
Dioclea sericea,Magnoliopsida,LC,303012.6743987858,26.49,47615.72534020221,15.71,90830.40183835986,29.98
Dioclea virgata,Magnoliopsida,NA,812409.2771692859,71.03,148809.5284817144,18.32,237101.74014327303,29.19
Diogenesia floribunda,Magnoliopsida,NA,198028.4268849043,17.31,36655.16954062888,18.51,60795.870738393976,30.7
Diogenesia tetrandra,Magnoliopsida,NA,181957.16411951612,15.91,44988.88671832056,24.72,66388.59478652313,36.49
Dioicodendron dioicum,Magnoliopsida,NA,169510.57115003528,14.82,34625.52868004327,20.43,54790.763430913816,32.32
Diospyros artanthifolia,Magnoliopsida,LC,898624.2803704167,78.57,150933.1434420401,16.8,260920.85214006036,29.04
Diospyros capreifolia,Magnoliopsida,LC,401545.1765552907,35.11,94084.1632535852,23.43,142566.24144557945,35.5
Diospyros egleri,Magnoliopsida,LC,322777.4286909962,28.22,75700.58003744239,23.45,106560.57628002636,33.01
Diospyros glomerata,Magnoliopsida,LC,134869.96420957803,11.79,31609.804032,23.44,34886.247264,25.87
Diospyros inconstans,Magnoliopsida,LC,400567.97227301006,35.02,75800.56240674228,18.92,142146.65484492513,35.49
Diospyros myrmecocarpa,Magnoliopsida,LC,379671.8561646384,33.2,84942.84454457373,22.37,118075.19982568604,31.1
Diospyros poeppigiana,Magnoliopsida,LC,208150.17719200125,18.2,40995.38227851562,19.7,57361.57270826562,27.56
Diospyros pseudoxylopia,Magnoliopsida,LC,365661.0707067693,31.97,82564.44727133984,22.58,120674.9209698164,33
Diplopterys lucida,Magnoliopsida,NA,689216.787593026,60.26,113476.6928298748,16.46,202002.49482134447,29.31
Diplopterys pubipetala,Magnoliopsida,NA,851411.204710752,74.44,134317.42118732873,15.78,241796.84930550688,28.4
Diplostephium glandulosum,Magnoliopsida,NA,7430.920202677209,0.65,1359.98122053833,18.3,3135.7972404680177,42.2
Diplostephium hartwegii,Magnoliopsida,NA,19985.115223634297,1.75,7313.219092941376,36.59,9570.093288137665,47.89
Diplotropis martiusii,Magnoliopsida,LC,220502.312935258,19.28,49376.67359275,22.39,65650.86624048463,29.77
Diplotropis purpurea,Magnoliopsida,LC,820525.1810569142,71.74,147991.3490772976,18.04,232571.2445060669,28.34
Dipteryx magnifica,Magnoliopsida,LC,175925.82306844264,15.38,37552.44911575,21.35,58073.30857575,33.01
Dipteryx micrantha,Magnoliopsida,DD,539048.3087746773,47.13,108021.14047857764,20.04,165248.44219719898,30.66
Dipteryx odorata,Magnoliopsida,DD,573704.6500777311,50.16,105067.79134722947,18.31,182784.7647255044,31.86
Dipteryx oleifera,Magnoliopsida,LC,109477.28948930836,9.57,15270.360312253906,13.95,31461.429485609377,28.74
Dipteryx punctata,Magnoliopsida,LC,414414.5789031742,36.23,73675.62319609374,17.78,108455.09659673438,26.17
Disciphania ernstii,Magnoliopsida,NA,613998.1707471795,53.69,134710.22776138745,21.94,230037.10045258695,37.47
Discophora guianensis,Magnoliopsida,LC,783813.851254901,68.53,149034.11840413633,19.01,232327.41528860497,29.64
Disterigma acuminatum,Magnoliopsida,NA,180014.14025498903,15.74,44296.33784258234,24.61,63802.012635531006,35.44
Disterigma alaternoides,Magnoliopsida,LC,167930.86232972963,14.68,41977.86594859424,25,59726.78264293695,35.57
Disterigma codonanthum,Magnoliopsida,NA,41936.30392085105,3.67,11415.542497024717,27.22,16241.739158724118,38.73
Disterigma cryptocalyx,Magnoliopsida,NA,170652.8394845581,14.92,36499.02810861432,21.39,57146.4752309104,33.49
Disterigma empetrifolium,Magnoliopsida,LC,85333.97198077467,7.46,29289.15965436523,34.32,36962.47574541687,43.32
Disterigma humboldtii,Magnoliopsida,NA,195784.60941190465,17.12,40804.107508570065,20.84,63155.72216829199,32.26
Disterigma noyesiae,Magnoliopsida,NA,47528.94926308895,4.16,11974.01777594873,25.19,17269.654759928955,36.34
Disterigma staphelioides,Magnoliopsida,NA,135259.21167325845,11.83,35151.965449171694,25.99,49553.86630818506,36.64
Disterigma stereophyllum,Magnoliopsida,NA,8953.32330273456,0.78,1761.861996484909,19.68,2040.21452393721,22.79
Ditassa franciscoi,Magnoliopsida,NA,243219.54654980145,21.27,42967.399357328126,17.67,66986.66638332812,27.54
Ditassa longiloba,Magnoliopsida,NA,307940.42910235625,26.93,56590.369017820616,18.38,107215.75816056762,34.82
Dodecastigma amazonicum,Magnoliopsida,LC,31433.11112941371,2.75,11363.55456,36.15,11805.408864,37.56
Dodonaea viscosa,Magnoliopsida,LC,175699.65363999142,15.36,41225.98707868756,23.46,61707.74185816797,35.12
Dolichandra uncata,Magnoliopsida,NA,871230.3722278023,76.18,138820.8324383176,15.93,241958.38379986404,27.77
Dolichodelphys chlorocrater,Magnoliopsida,LC,384572.5299002466,33.63,79243.23640243958,20.61,128780.48521231586,33.49
Doliocarpus brevipedicellatus,Magnoliopsida,NA,575517.6840455001,50.32,74271.89654504,12.91,149876.06818752826,26.04
Doliocarpus dentatus,Magnoliopsida,NA,860315.0387361235,75.22,144410.34560115403,16.79,233748.28980974952,27.17
Doliocarpus leiophyllus,Magnoliopsida,LC,13541.382787182232,1.18,0.76845025,0.01,2384.45049825,17.61
Doliocarpus macrocarpus,Magnoliopsida,NA,282393.09960826935,24.69,61839.46145879394,21.9,83225.33978392676,29.47
Doliocarpus major,Magnoliopsida,NA,296823.5068710888,25.95,82415.33835970899,27.77,132284.02049729493,44.57
Doliocarpus multiflorus,Magnoliopsida,NA,642240.523845826,56.16,134856.31131785875,21,195500.56895599916,30.44
Doliocarpus novogranatensis,Magnoliopsida,NA,429433.6030021807,37.55,93324.4908263946,21.73,130096.22467865242,30.29
Doliocarpus spraguei,Magnoliopsida,NA,271158.68581109605,23.71,22815.97995740625,8.41,37728.95865454688,13.91
Dorobaea pimpinellifolia,Magnoliopsida,NA,11552.243319625715,1.01,1765.0912693518069,15.28,4662.4860372658695,40.36
Dorstenia contrajerva,Magnoliopsida,NA,642056.6940874871,56.14,106668.84127436252,16.61,208586.86608052667,32.49
Drimys granadensis,Magnoliopsida,LC,112696.39733981209,9.85,32308.310480878965,28.67,44497.47991291992,39.48
Drosera cayennensis,Magnoliopsida,NA,426448.80803124025,37.29,67172.48643193505,15.75,118147.5096000552,27.7
Drosera sessilifolia,Magnoliopsida,NA,204676.1518168137,17.9,12099.54412003125,5.91,25124.327569296875,12.28
Drymaria cordata,Magnoliopsida,NA,742601.9601524106,64.93,139170.14477138605,18.74,214941.4914725432,28.94
Drymaria villosa,Magnoliopsida,NA,171254.23596611427,14.97,40866.31392297461,23.86,59890.54549437738,34.97
Drymonia affinis,Magnoliopsida,NA,153858.0202701734,13.45,31528.46189275757,20.49,32498.104809999757,21.12
Drymonia alloplectoides,Magnoliopsida,NA,236868.4648757695,20.71,40730.30725107184,17.2,63967.28293110541,27.01
Drymonia anisophylla,Magnoliopsida,NA,152219.5274576999,13.31,39296.526256414065,25.82,54334.88615955469,35.7
Drymonia brochidodroma,Magnoliopsida,NA,57249.58016529355,5.01,12766.970050786616,22.3,18755.335886572993,32.76
Drymonia candida,Magnoliopsida,NA,182252.89579655344,15.94,33049.82596218897,18.13,37292.942420372805,20.46
Drymonia coccinea,Magnoliopsida,NA,395920.0471076322,34.62,104812.51270689856,26.47,155149.93447776308,39.19
Drymonia coriacea,Magnoliopsida,NA,173974.93116909682,15.21,28246.590615462555,16.24,42426.331035301664,24.39
Drymonia dodsonii,Magnoliopsida,NA,25078.238061638465,2.19,3220.2929947923585,12.84,7608.266465709351,30.34
Drymonia foliacea,Magnoliopsida,NA,229451.04016487428,20.06,37627.46881028313,16.4,65152.29422009173,28.39
Drymonia hoppii,Magnoliopsida,NA,76657.68862874669,6.7,7456.984390107361,9.73,10350.653012388151,13.5
Drymonia killipii,Magnoliopsida,NA,69794.08736482765,6.1,8906.08100690625,12.76,10923.74314997757,15.65
Drymonia lanceolata,Magnoliopsida,NA,140126.21170297693,12.25,28042.73519870175,20.01,43673.16081603885,31.17
Drymonia macrophylla,Magnoliopsida,NA,454933.06068676006,39.78,78793.4208433162,17.32,118100.05033147104,25.96
Drymonia pendula,Magnoliopsida,NA,292131.17620334704,25.54,70178.2481709353,24.02,103877.80399788794,35.56
Drymonia pilifera,Magnoliopsida,NA,0,0,0,NA,0,NA
Drymonia rubra,Magnoliopsida,NA,1145.605356401282,0.1,413.270038,36.07,413.25583,36.07
Drymonia semicordata,Magnoliopsida,NA,182560.3371943925,15.96,34170.96093788061,18.72,53751.77798297437,29.44
Drymonia serrulata,Magnoliopsida,NA,1018376.7504804052,89.04,186511.15808145367,18.31,298705.362184729,29.33
Drymonia tenuis,Magnoliopsida,NA,235083.53237109783,20.55,46598.15163737256,19.82,73453.44894858217,31.25
Drymonia teuscheri,Magnoliopsida,NA,167461.90444862493,14.64,34410.396583206115,20.55,51031.852197198,30.47
Drymonia turrialvae,Magnoliopsida,NA,95760.80749394944,8.37,18061.236096203673,18.86,26677.41257882733,27.86
Drymonia urceolata,Magnoliopsida,NA,152347.29334044814,13.32,24992.27717449469,16.4,42033.60291881372,27.59
Drymonia variegata,Magnoliopsida,NA,69762.03276957847,6.1,12620.588851134446,18.09,17007.596961688523,24.38
Drymonia warszewicziana,Magnoliopsida,NA,433058.7871948474,37.86,80377.33482901548,18.56,115299.05755438708,26.62
Drypetes variabilis,Magnoliopsida,LC,833165.7293753494,72.85,151011.65338616987,18.13,243060.34222863367,29.17
Duguetia antioquensis,Magnoliopsida,LC,46026.4283718872,4.02,7469.471496234864,16.23,13436.4645927395,29.19
Duguetia cauliflora,Magnoliopsida,LC,449957.04110727645,39.34,102308.25950409082,22.74,145776.37998922364,32.4
Duguetia confusa,Magnoliopsida,LC,0,0,0,NA,0,NA
Duguetia dimorphopetala,Magnoliopsida,LC,27502.611480596108,2.4,0.76845025,0,2487.70451425,9.05
Duguetia flagellaris,Magnoliopsida,LC,615121.0896100868,53.78,122216.47422602407,19.87,189903.4591859585,30.87
Duguetia hadrantha,Magnoliopsida,LC,266812.80386341724,23.33,57525.79935350855,21.56,76144.04018951635,28.54
Duguetia latifolia,Magnoliopsida,LC,374419.9090216474,32.74,98962.61208122266,26.43,138142.05973347265,36.89
Duguetia lepidota,Magnoliopsida,LC,425553.8575370976,37.21,76320.92059284374,17.93,124486.56048109377,29.25
Duguetia lucida,Magnoliopsida,LC,517139.62889703544,45.22,90511.08894660712,17.5,158448.92678838983,30.64
Duguetia macrophylla,Magnoliopsida,LC,196124.26333295568,17.15,42112.334712,21.47,52214.8658,26.62
Duguetia odorata,Magnoliopsida,LC,610459.1280500211,53.38,115153.58922546876,18.86,175529.00295152148,28.75
Duguetia quitarensis,Magnoliopsida,LC,633898.2512729082,55.43,117569.52347271483,18.55,182769.72312221388,28.83
Duguetia riparia,Magnoliopsida,LC,222966.9277023177,19.5,74653.6116404453,33.48,99245.80912844533,44.51
Duguetia spixiana,Magnoliopsida,LC,395244.65143072617,34.56,100674.59204677588,25.47,153021.62544052978,38.72
Duguetia trunciflora,Magnoliopsida,LC,594036.5230214352,51.94,112292.30988449244,18.9,174515.09890792723,29.38
Duguetia uniflora,Magnoliopsida,LC,70083.69264878148,6.13,2930.523541875,4.18,7080.221920875,10.1
Duranta erecta,Magnoliopsida,LC,300604.86466779176,26.28,63629.85315844024,21.17,103752.45902554224,34.51
Duranta mandonii,Magnoliopsida,NA,27872.803715544855,2.44,7359.623386840767,26.4,9369.94540670771,33.62
Duranta mutisii,Magnoliopsida,LC,134676.33756149508,11.78,34632.493491908506,25.72,48886.462120747805,36.3
Duranta obtusifolia,Magnoliopsida,LC,135232.59200160703,11.82,27103.943976515748,20.04,41355.96031457855,30.58
Duranta sprucei,Magnoliopsida,NA,148299.78017231828,12.97,31853.45200929844,21.48,49194.08947441979,33.17
Duranta triacantha,Magnoliopsida,LC,3412.691507531265,0.3,159.300704,4.67,1068.392032,31.31
Duroia bolivarensis,Magnoliopsida,LC,301948.2348091554,26.4,80284.92672,26.59,109205.714448,36.17
Duroia fusifera,Magnoliopsida,LC,426863.0160237974,37.32,71687.75304452662,16.79,113382.86409111964,26.56
Duroia genipoides,Magnoliopsida,LC,560653.1761816137,49.02,109705.95961709374,19.57,162138.34392071876,28.92
Duroia hirsuta,Magnoliopsida,LC,765668.1360356698,66.95,139075.56239256938,18.16,212857.2856890443,27.8
Duroia maguirei,Magnoliopsida,NA,548325.945906627,47.94,106876.54768634377,19.49,159281.18426884376,29.05
Duroia micrantha,Magnoliopsida,LC,616515.869037696,53.91,114865.0660349707,18.63,174240.69797971973,28.26
Duroia saccifera,Magnoliopsida,LC,423375.7966789034,37.02,93124.84741451954,22,126821.96938158204,29.95
Dussia lehmannii,Magnoliopsida,LC,200020.6669970982,17.49,33168.96505039453,16.58,48175.409198552064,24.09
Dussia macroprophyllata,Magnoliopsida,LC,211432.27089907887,18.49,27801.821011051194,13.15,51835.690831709486,24.52
Dussia tessmannii,Magnoliopsida,LC,487384.27641473466,42.61,95098.53797467051,19.51,151633.85538308337,31.11
Dystovomita clusiifolia,Magnoliopsida,LC,388363.1146039789,33.96,71974.16157684333,18.53,116188.8883684624,29.92
Dystovomita paniculata,Magnoliopsida,LC,273343.177124665,23.9,41448.46410848033,15.16,69998.87083027599,25.61
Ecclinusa atabapoensis,Magnoliopsida,NA,23919.206098846567,2.09,858.52838625,3.59,3300.21465825,13.8
Ecclinusa guianensis,Magnoliopsida,LC,661357.803584965,57.83,124573.98653878614,18.84,209906.57192998243,31.74
Ecclinusa lanceolata,Magnoliopsida,LC,477762.93038974225,41.77,111194.3580895874,23.27,166207.33816620684,34.79
Ecclinusa ramiflora,Magnoliopsida,LC,365624.41522761906,31.97,75476.78469603138,20.64,101127.28649207269,27.66
Echeveria bicolor,Magnoliopsida,NA,32735.64955102465,2.86,9330.174030491213,28.5,11131.990815162351,34.01
Echeveria quitensis,Magnoliopsida,NA,22611.642560294724,1.98,4640.765296446297,20.52,5934.86000893055,26.25
Mandevilla javitensis,Magnoliopsida,NA,210306.9001685389,18.39,43788.2386811875,20.82,52676.6025531875,25.05
Eclipta prostrata,Magnoliopsida,LC,1042025.6394583652,91.11,172260.78359775632,16.53,302282.5717660598,29.01
Ectopopterys soejartoi,Magnoliopsida,NA,192414.1119963225,16.82,30770.36466045396,15.99,45518.36684868781,23.66
Eirmocephala brachiata,Magnoliopsida,NA,366480.4100889983,32.04,63095.99760905908,17.22,113421.68896487245,30.95
Elaeagia karstenii,Magnoliopsida,LC,161864.48385757406,14.15,33770.506124085085,20.86,54605.74566010681,33.74
Elaeagia myriantha,Magnoliopsida,LC,202161.42430635728,17.68,40594.88543665247,20.08,65108.532066832886,32.21
Elaeagia pastoensis,Magnoliopsida,LC,160074.54759289813,14,26152.432852094054,16.34,43459.345172527224,27.15
Elaeagia utilis,Magnoliopsida,LC,348270.5460331883,30.45,65103.4349083786,18.69,108965.89232749018,31.29
Elaeoluma glabrescens,Magnoliopsida,LC,437329.1729499199,38.24,87868.68638370997,20.09,125571.75743478864,28.71
Elaphandra patentipilis,Magnoliopsida,NA,88003.32937463207,7.69,15479.372057031676,17.59,26381.44351571985,29.98
Elaphandra quinquenervis,Magnoliopsida,NA,88412.61605426093,7.73,18291.617346370174,20.69,28892.30290145166,32.68
Elatine ecuadoriensis,Magnoliopsida,LC,3330.557813197061,0.29,361.9316786254883,10.87,1459.4822386879882,43.82
Elephantopus mollis,Magnoliopsida,NA,903872.70237484,79.03,161984.60624167803,17.92,247136.95641276095,27.34
Eleutheranthera ruderalis,Magnoliopsida,NA,725889.3299134871,63.47,115531.53203219749,15.92,225681.74313760453,31.09
Eleutheranthera tenella,Magnoliopsida,NA,146675.51261685503,12.82,17553.888818732696,11.97,31818.31916163767,21.69
Elvasia canescens,Magnoliopsida,LC,230712.0259471599,20.17,30163.617657,13.07,43780.81931320312,18.98
Emilia coccinea,Magnoliopsida,NA,733200.9365655915,64.11,128253.17884965384,17.49,226654.31902668113,30.91
Emilia fosbergii,Magnoliopsida,NA,804890.0496973586,70.38,139931.00787800376,17.39,244003.2557528651,30.32
Emilia sonchifolia,Magnoliopsida,NA,800801.4971192313,70.02,134851.39227588568,16.84,230030.8683126296,28.73
Emmeorhiza umbellata,Magnoliopsida,NA,197572.89032866491,17.28,41841.78396397227,21.18,65336.195599911975,33.07
Emmotum floribundum,Magnoliopsida,LC,406202.19499403326,35.52,89512.02401832421,22.04,124973.26632148046,30.77
Emmotum glabrum,Magnoliopsida,LC,50043.00102363685,4.38,9471.2954855781245,18.93,10182.028349578124,20.35
Emmotum orbiculatum,Magnoliopsida,LC,0,0,0,NA,0,NA
Encephalosphaera vitellina,Magnoliopsida,NA,9774.46842877271,0.85,200.625560875,2.05,990.323821875,10.13
Endlicheria acuminata,Magnoliopsida,LC,416559.90351391054,36.42,98129.4743694922,23.56,152515.86569981396,36.61
Endlicheria anomala,Magnoliopsida,LC,401657.6421172435,35.12,72476.59894935037,18.04,109540.78444990623,27.27
Endlicheria bracteata,Magnoliopsida,LC,291366.4633535654,25.48,63987.86138936585,21.96,92537.22415087854,31.76
Endlicheria bracteolata,Magnoliopsida,LC,841930.9327148582,73.62,141043.85401974726,16.75,225974.47607094428,26.84
Endlicheria browniana,Magnoliopsida,LC,94089.92719350151,8.23,12698.612916952115,13.5,15238.660528384828,16.2
Endlicheria chalisea,Magnoliopsida,LC,368487.1212254256,32.22,85516.65711440246,23.21,124017.81564506648,33.66
Endlicheria directonervia,Magnoliopsida,LC,192947.15645640815,16.87,34681.24692595708,17.97,43085.84164457573,22.33
Endlicheria dysodantha,Magnoliopsida,LC,23326.22463558193,2.04,1740.9863980048829,7.46,2897.372346614258,12.42
Endlicheria formosa,Magnoliopsida,LC,557059.8080450975,48.71,141825.327412422,25.46,205218.2252740957,36.84
Endlicheria gracilis,Magnoliopsida,LC,630191.0171866999,55.1,143911.0261641249,22.84,219478.3216171615,34.83
Endlicheria griseosericea,Magnoliopsida,LC,237065.7803785259,20.73,39262.97833601599,16.56,66675.88773461603,28.13
Endlicheria klugii,Magnoliopsida,LC,48300.95773525108,4.22,250.10768034521485,0.52,293.6239325864258,0.61
Endlicheria krukovii,Magnoliopsida,NA,344157.0430399694,30.09,97162.98669396582,28.23,136732.01948192384,39.73
Endlicheria levelii,Magnoliopsida,NA,457945.6931577381,40.04,101776.88769399685,22.22,157293.4731657703,34.35
Endlicheria macrophylla,Magnoliopsida,LC,395867.4423502106,34.61,93632.87947214258,23.65,134939.3715003535,34.09
Endlicheria metallica,Magnoliopsida,LC,480414.7932843593,42.01,99771.0471504148,20.77,157691.02740825978,32.82
Endlicheria mishuyacensis,Magnoliopsida,LC,209512.87476140953,18.32,46059.04482955566,21.98,60294.113810688475,28.78
Endlicheria paniculata,Magnoliopsida,LC,870444.2320907773,76.11,162005.94231419315,18.61,248121.5462603831,28.51
Endlicheria pyriformis,Magnoliopsida,LC,611255.270406555,53.45,131035.00818544385,21.44,199347.13442983493,32.61
Endlicheria robusta,Magnoliopsida,LC,239772.11308863809,20.96,42668.678633488526,17.8,51954.40831530462,21.67
Endlicheria ruforamula,Magnoliopsida,LC,554259.8628524616,48.46,117466.28465829013,21.19,182566.55683188283,32.94
Endlicheria sericea,Magnoliopsida,LC,713097.1929071181,62.35,130830.79104025428,18.35,199401.76007461356,27.96
Endlicheria sprucei,Magnoliopsida,LC,418797.9198663095,36.62,109032.96806183594,26.03,157133.66006552783,37.52
Endlicheria szyszylowiczii,Magnoliopsida,LC,213884.02613351803,18.7,33264.28361355304,15.55,64053.558860529054,29.95
Endlicheria tessmannii,Magnoliopsida,LC,31758.78197880343,2.78,6.299831125976563,0.02,145.67003912597656,0.46
Endlicheria verticillata,Magnoliopsida,LC,302090.58479363326,26.41,84140.2691576709,27.85,121584.7057169834,40.25
Entada gigas,Magnoliopsida,NA,223148.31715825648,19.51,24107.836035278106,10.8,65420.72093857993,29.32
Entada polyphylla,Magnoliopsida,NA,491489.7334338563,42.97,108403.38758724634,22.06,165804.1142244051,33.74
Entada polystachya,Magnoliopsida,LC,894187.085995891,78.18,144402.30759505916,16.15,251380.6583052367,28.11
Enterolobium cyclocarpum,Magnoliopsida,LC,819758.7449363106,71.68,122266.49915024912,14.91,241173.0594555325,29.42
Enterolobium schomburgkii,Magnoliopsida,LC,742384.5112134101,64.91,115929.19736838306,15.62,222832.58089628516,30.02
Eperua leucantha,Magnoliopsida,LC,147846.59577355915,12.93,35040.430256,23.7,47475.488452,32.11
Eperua purpurea,Magnoliopsida,LC,94976.54766172814,8.3,23102.06643975,24.32,30580.8044703125,32.2
Ephedranthus amazonicus,Magnoliopsida,LC,320646.65615302016,28.04,86983.62449050098,27.13,124164.87941787596,38.72
Epilobium denticulatum,Magnoliopsida,NA,98900.20827056604,8.65,30000.266199651574,30.33,40346.64445688595,40.8
Epiphyllum hookeri,Magnoliopsida,LC,143276.75803921095,12.53,14990.675145016969,10.46,31287.477438697144,21.84
Epiphyllum phyllanthus,Magnoliopsida,LC,893585.0442041004,78.13,156339.90976565806,17.5,250850.06339792337,28.07
Episcia cupreata,Magnoliopsida,NA,739977.559608971,64.7,130563.20746668016,17.64,234575.7587121543,31.7
Episcia fimbriata,Magnoliopsida,NA,312254.5547796756,27.3,68084.04914567579,21.8,120539.4107498291,38.6
Episcia lilacina,Magnoliopsida,NA,7582.14050500266,0.66,1206.48562903125,15.91,1448.084509,19.1
Episcia reptans,Magnoliopsida,NA,601330.2384640021,52.58,119184.07484467972,19.82,187257.4756284468,31.14
Erato polymnioides,Magnoliopsida,NA,202639.92040381744,17.72,39039.910688875185,19.27,63045.76797473303,31.11
Erato vulcanica,Magnoliopsida,NA,127388.5818774045,11.14,30819.95871030541,24.19,46455.39971021404,36.47
Erechtites valerianifolius,Magnoliopsida,NA,198714.64279043864,17.37,45142.790080292965,22.72,67846.05852283331,34.14
Erigeron bonariensis,Magnoliopsida,NA,540617.0672483329,47.27,123471.2564257183,22.84,212415.90874691703,39.29
Erigeron canadensis,Magnoliopsida,NA,803031.4304597249,70.21,148426.02508344394,18.48,258966.02031511415,32.25
Erigeron floribundus,Magnoliopsida,NA,240963.87699420177,21.07,53034.22648589654,22.01,80772.17112882031,33.52
Erigeron karvinskianus,Magnoliopsida,NA,137770.41515522107,12.05,34011.69231976225,24.69,50182.45878714641,36.42
Erigeron laevigatus,Magnoliopsida,NA,267155.5870259523,23.36,56346.22110697345,21.09,87024.96574287384,32.57
Erigeron uliginosus,Magnoliopsida,NA,45319.260539900024,3.96,14141.540917651764,31.2,17548.034446126676,38.72
Eriope crassipes,Magnoliopsida,NA,248965.6621615428,21.77,27618.138667031737,11.09,48145.695380024415,19.34
Eriosema crinitum,Magnoliopsida,LC,452025.1135868015,39.52,79444.23088819775,17.58,136488.45562317333,30.19
Eriosema simplicifolium,Magnoliopsida,NA,351689.13242603245,30.75,44192.02734827246,12.57,76780.43780409961,21.83
Eriotheca globosa,Magnoliopsida,LC,623541.3532005504,54.52,116250.2975533386,18.64,176890.1759007224,28.37
Eriotheca macrophylla,Magnoliopsida,LC,579578.1432830433,50.68,113958.65403396804,19.66,176579.09737888892,30.47
Erisma bicolor,Magnoliopsida,LC,368963.9761631511,32.26,95188.407743083,25.8,135866.25880187206,36.82
Erisma calcaratum,Magnoliopsida,LC,48255.11475615123,4.22,5015.14758625,10.39,8081.46920225,16.75
Erisma japura,Magnoliopsida,LC,76844.100042188307,6.72,9785.8766605,12.73,15802.1354445,20.56
Erisma laurifolium,Magnoliopsida,NA,393162.03068876505,34.38,80015.47640325293,20.35,108956.18123351855,27.71
Erisma uncinatum,Magnoliopsida,LC,647084.8767932974,56.58,119188.51851574804,18.42,182950.61599609864,28.27
Ernestia tenella,Magnoliopsida,NA,612552.4417016606,53.56,120031.07531077732,19.6,185829.02727672897,30.34
Ertela trifolia,Magnoliopsida,NA,766690.6327310113,67.04,125019.51692095332,16.31,233203.85520730304,30.42
Eryngium foetidum,Magnoliopsida,NA,901834.6353555038,78.85,167537.7967525163,18.58,257812.03307558215,28.59
Eryngium humboldtii,Magnoliopsida,NA,48721.21447261929,4.26,15873.384859851196,32.58,18912.065101246582,38.82
Eryngium humile,Magnoliopsida,NA,64720.51126005461,5.66,20235.033927290955,31.27,26287.152106713012,40.62
Erythranthe glabrata,Magnoliopsida,NA,53983.35910732027,4.72,13585.672212085938,25.17,19302.86918972998,35.76
Erythrina amazonica,Magnoliopsida,LC,257754.22689357493,22.54,51640.04375001056,20.03,73181.39922935773,28.39
Erythrina berteroana,Magnoliopsida,LC,670358.2258616629,58.61,128970.52773396374,19.24,228394.81625926503,34.07
Erythrina costaricensis,Magnoliopsida,LC,183881.0945005712,16.08,28116.93888575421,15.29,49067.1801068963,26.68
Erythrina edulis,Magnoliopsida,LC,181246.17531119724,15.85,35497.470248262514,19.59,57242.51740370337,31.58
Erythrina fusca,Magnoliopsida,LC,1044248.258047784,91.31,174858.1003902437,16.74,304626.52941933885,29.17
Erythrina poeppigiana,Magnoliopsida,LC,991902.436091352,86.73,170347.19138453522,17.17,272822.58046444436,27.5
Erythrina rubrinervia,Magnoliopsida,LC,448088.7410850511,39.18,76166.04922183436,17,140138.9136912545,31.27
Erythrina ulei,Magnoliopsida,LC,4277.759185568448,0.37,179.9443486689453,4.21,271.4420803876953,6.35
Erythroxylum amazonicum,Magnoliopsida,LC,997960.3573284624,87.26,174945.1996252648,17.53,276399.760023977,27.7
Erythroxylum cataractarum,Magnoliopsida,NA,703832.5051922724,61.54,116633.68223075148,16.57,228985.75954765893,32.53
Erythroxylum citrifolium,Magnoliopsida,LC,1038970.7899291364,90.84,184728.6091438155,17.78,303415.1386880974,29.2
Erythroxylum coca,Magnoliopsida,NA,901810.1573474404,78.85,154074.9763046396,17.09,244968.28213376904,27.16
Erythroxylum fimbriatum,Magnoliopsida,LC,531917.0869508127,46.51,121698.80964380444,22.88,190918.8911819004,35.89
Erythroxylum foetidum,Magnoliopsida,LC,244655.62977417468,21.39,27755.034986299805,11.34,48395.13976976758,19.78
Erythroxylum gracilipes,Magnoliopsida,LC,930696.3995405462,81.38,151444.21849850036,16.27,247627.3086449452,26.61
Erythroxylum havanense,Magnoliopsida,LC,93657.77637901466,8.19,6369.134601366424,6.8,32891.47818505838,35.12
Erythroxylum hondense,Magnoliopsida,NA,417578.0288331876,36.51,48902.97215213904,11.71,117720.26947786768,28.19
Erythroxylum impressum,Magnoliopsida,LC,202154.65576150635,17.68,12351.323764820312,6.11,28289.121641164063,13.99
Erythroxylum kapplerianum,Magnoliopsida,LC,254694.49609835783,22.27,30389.2282419552,11.93,46318.55687767395,18.19
Erythroxylum macrophyllum,Magnoliopsida,LC,961569.7333680284,84.08,163745.97218115468,17.03,265750.6715899573,27.64
Erythroxylum mucronatum,Magnoliopsida,LC,424124.4391778463,37.08,62850.73396241223,14.82,120857.82491772228,28.5
Erythroxylum novogranatense,Magnoliopsida,NA,641736.253303968,56.11,129629.75866023188,20.2,213272.562023224,33.23
Erythroxylum panamense,Magnoliopsida,LC,272872.45573994314,23.86,37650.189433757936,13.8,74725.0979344256,27.38
Erythroxylum rufum,Magnoliopsida,LC,161086.1107122931,14.08,10480.416781570892,6.51,22396.94845579605,13.9
Erythroxylum squamatum,Magnoliopsida,LC,864026.8045222114,75.55,171097.54159846125,19.8,260085.16887821144,30.1
Erythroxylum ulei,Magnoliopsida,LC,210105.5612449783,18.37,33394.01739917107,15.89,67130.65726367204,31.95
Erythroxylum williamsii,Magnoliopsida,NT,105852.9652912656,9.26,7282.524286725036,6.88,15245.72335632318,14.4
Escallonia myrtilloides,Magnoliopsida,NA,89287.95782619451,7.81,27522.730514173036,30.82,35314.02636242615,39.55
Escallonia paniculata,Magnoliopsida,LC,137196.20620258458,12,34291.57078625118,24.99,48810.44545114403,35.58
Escallonia pendula,Magnoliopsida,LC,103241.72533099203,9.03,26874.498200494018,26.03,38264.08929392365,37.06
Eschweilera alata,Magnoliopsida,LC,99619.19502092786,8.71,18253.26432,18.32,23256.044576,23.34
Eschweilera albiflora,Magnoliopsida,LC,363108.04553648457,31.75,99943.9437680791,27.52,144866.7879604385,39.9
Eschweilera amplexifolia,Magnoliopsida,LC,0,0,0,NA,0,NA
Eschweilera antioquensis,Magnoliopsida,LC,268995.0933607112,23.52,53080.111176751205,19.73,82313.93012261463,30.6
Eschweilera bracteosa,Magnoliopsida,LC,435557.8879263124,38.08,92351.65804487329,21.2,138559.18904327296,31.81
Eschweilera calyculata,Magnoliopsida,LC,8770.94107493855,0.77,573.270179453125,6.54,667.084973578125,7.61
Eschweilera caudiculata,Magnoliopsida,LC,106715.62662511984,9.33,19823.249852031753,18.58,27014.96900919728,25.31
Eschweilera chartaceifolia,Magnoliopsida,NA,135804.04250027263,11.87,35955.607552,26.48,44089.952736,32.47
Eschweilera coriacea,Magnoliopsida,LC,699173.5302648762,61.13,133313.14488548512,19.07,206054.20953576177,29.47
Eschweilera gigantea,Magnoliopsida,LC,449706.5199612531,39.32,102335.88870108692,22.76,144960.57183305567,32.23
Eschweilera integrifolia,Magnoliopsida,LC,251573.060288746,22,35314.76793660669,14.04,67680.38413727123,26.9
Eschweilera itayensis,Magnoliopsida,LC,201784.3937253583,17.64,55451.897952,27.48,78655.281632,38.98
Eschweilera juruensis,Magnoliopsida,LC,353001.14610870345,30.87,95665.97560902442,27.1,136105.49736865723,38.56
Eschweilera laevicarpa,Magnoliopsida,LC,631575.5354404533,55.22,115814.68283780468,18.34,177297.45625492968,28.07
Eschweilera ovalifolia,Magnoliopsida,LC,185627.1435772695,16.23,54446.715392,29.33,73810.017096,39.76
Eschweilera parviflora,Magnoliopsida,LC,376596.04503387096,32.93,80473.48884743456,21.37,116205.23838817384,30.86
Eschweilera parvifolia,Magnoliopsida,LC,574512.7735628188,50.23,106036.95654398436,18.46,156382.61511498436,27.22
Eschweilera pedicellata,Magnoliopsida,LC,139745.1897037334,12.22,16311.671567783203,11.67,20231.843471791017,14.48
Eschweilera punctata,Magnoliopsida,LR/nt,54325.04488472237,4.75,8866.162432,16.32,10599.04384,19.51
Eschweilera rimbachii,Magnoliopsida,LC,11654.158197428113,1.02,1547.1187638134766,13.28,2028.885701844757,17.41
Eschweilera rufifolia,Magnoliopsida,LC,198928.4943505387,17.39,51584.68084319727,25.93,72491.55873913477,36.44
Eschweilera sclerophylla,Magnoliopsida,LC,95326.89780978592,8.34,8212.236310373048,8.61,12041.760586919434,12.63
Eschweilera sessilis,Magnoliopsida,LC,228777.8289518989,20,41928.68705921881,18.33,69795.51075603442,30.51
Eschweilera tenuifolia,Magnoliopsida,NA,111658.42273523618,9.76,7139.948934553635,6.39,17071.257736709886,15.29
Eschweilera tessmannii,Magnoliopsida,LC,358937.611821434,31.38,91966.99022725098,25.62,132579.40179804005,36.94
Escobedia grandiflora,Magnoliopsida,NA,655441.4589227109,57.31,115593.18133060828,17.64,194815.21711393763,29.72
Esenbeckia amazonica,Magnoliopsida,LC,290081.2095338379,25.36,68293.70201895703,23.54,99831.84005488086,34.42
Esenbeckia panamensis,Magnoliopsida,LC,613546.2404175942,53.65,130372.60972032744,21.25,238292.86601956323,38.84
Espeletia argentea,Magnoliopsida,LC,9495.91750484286,0.83,3821.5714622929686,40.24,4237.544317159668,44.62
Espeletia barclayana,Magnoliopsida,NT,10971.77584116388,0.96,3718.745218197266,33.89,3819.573577925781,34.81
Espeletia boyacensis,Magnoliopsida,LC,7222.136466184474,0.63,2762.0293809072264,38.24,2767.41022965332,38.32
Espeletia congestiflora,Magnoliopsida,LC,9657.325373376698,0.84,3661.203955242187,37.91,3743.400593644531,38.76
Espeletia corymbosa,Magnoliopsida,NA,20702.46987865058,1.81,6651.3424949688115,32.13,7201.068836043945,34.78
Espeletia frontinoensis,Magnoliopsida,LC,90127.44114550958,7.88,19129.566265520752,21.23,26909.743402633667,29.86
Espeletia grandiflora,Magnoliopsida,LC,8936.78306929002,0.78,4131.144978437927,46.23,4489.090806096679,50.23
Espeletia lopezii,Magnoliopsida,LC,5082.405890135942,0.44,2108.515553625,41.49,2113.3106685625,41.58
Espeletia murilloi,Magnoliopsida,LC,7476.603248314263,0.65,2882.373996734375,38.55,2889.7283450341797,38.65
Espeletia pycnophylla,Magnoliopsida,LC,6772.851306784958,0.59,1457.8180465500488,21.52,3260.1009624875487,48.13
Eucalyptus globulus,Magnoliopsida,LC,155803.5948069217,13.62,34434.84524649315,22.1,51470.940066117415,33.04
Euceraea nitida,Magnoliopsida,LC,526029.7517960347,45.99,107200.79142750098,20.38,152890.9337094541,29.07
Eugenia acapulcensis,Magnoliopsida,LC,130048.81759683408,11.37,11448.473185323455,8.8,43550.72364151932,33.49
Eugenia anastomosans,Magnoliopsida,LC,761726.9608284727,66.6,160309.722037035,21.05,247649.0918607188,32.51
Eugenia biflora,Magnoliopsida,LC,901247.914878562,78.8,154543.63707545385,17.15,285321.48610471084,31.66
Eugenia chrysophyllum,Magnoliopsida,LC,591106.0233061602,51.68,109560.18274065234,18.53,159365.4584954961,26.96
Eugenia dittocrepis,Magnoliopsida,LC,822170.8456782806,71.89,167291.04081785082,20.35,265487.8955996626,32.29
Eugenia egensis,Magnoliopsida,LC,604736.0437931846,52.88,120838.55969694928,19.98,199917.8272643193,33.06
Eugenia flavescens,Magnoliopsida,LC,440714.5899684552,38.53,59859.80923633057,13.58,126567.0858552544,28.72
Eugenia florida,Magnoliopsida,LC,955267.7957051388,83.52,169994.38128905144,17.8,266375.22585570556,27.88
Eugenia lambertiana,Magnoliopsida,LC,886141.0442996996,77.48,142514.91576060926,16.08,257192.9961324006,29.02
Eugenia monticola,Magnoliopsida,LC,770874.2957936575,67.4,134015.5762315558,17.38,252251.95547285612,32.72
Eugenia multirimosa,Magnoliopsida,LC,549558.3330966287,48.05,114574.90809938406,20.85,175069.6554222761,31.86
Eugenia muricata,Magnoliopsida,NA,281994.3327767691,24.66,55639.23273821369,19.73,77455.46756134726,27.47
Eugenia oerstediana,Magnoliopsida,LC,610479.8794127842,53.38,93485.97799916676,15.31,184819.15291757492,30.27
Eugenia patrisii,Magnoliopsida,LC,556879.4320703993,48.69,109067.35865815725,19.59,158719.30950430565,28.5
Eugenia procera,Magnoliopsida,LC,180658.0622776136,15.8,15526.224430965638,8.59,41963.26470835339,23.23
Eugenia punicifolia,Magnoliopsida,LC,644437.7647751756,56.35,106145.96295881955,16.47,209076.6252687463,32.44
Eugenia roseiflora,Magnoliopsida,LC,94092.7103831184,8.23,17217.855005,18.3,21298.773917,22.64
Eugenia stipitata,Magnoliopsida,LC,688809.080405565,60.23,145474.8096113593,21.12,220781.5377601334,32.05
Eugenia uniflora,Magnoliopsida,LC,994254.8618143132,86.93,160592.85846113105,16.15,274863.1330569561,27.65
Euphorbia arenaria,Magnoliopsida,NA,147676.94411374442,12.91,24251.997325029846,16.42,43697.27892540478,29.59
Euphorbia cotinifolia,Magnoliopsida,LC,341005.4846361256,29.82,59994.71847743694,17.59,103929.62954843097,30.48
Euphorbia graminea,Magnoliopsida,NA,210309.109299481,18.39,34702.20519485916,16.5,63202.88052878677,30.05
Euphorbia heterophylla,Magnoliopsida,LC,568580.2687584301,49.71,120875.2549663616,21.26,232563.29427235352,40.9
Euphorbia hirta,Magnoliopsida,NA,873099.5713793884,76.34,151072.10736640482,17.3,281146.0297069248,32.2
Euphorbia hypericifolia,Magnoliopsida,NA,697172.3894582369,60.96,142360.4139747574,20.42,240794.39423175095,34.54
Euphorbia hyssopifolia,Magnoliopsida,NA,937060.982908556,81.93,167683.40229090472,17.89,296613.2339595183,31.65
Euphorbia insulana,Magnoliopsida,NA,224464.47045403696,19.63,50253.89976354902,22.39,80566.77629098532,35.89
Euphorbia lasiocarpa,Magnoliopsida,NA,354128.1601672481,30.96,65291.3508357172,18.44,128957.99542770542,36.42
Euphorbia laurifolia,Magnoliopsida,LC,167183.4330576662,14.62,36472.42049839819,21.82,52749.59786334351,31.55
Euphorbia orbiculata,Magnoliopsida,NA,15709.173587571016,1.37,2319.596258858154,14.77,2850.5948443046873,18.15
Euphorbia peplus,Magnoliopsida,NA,167755.3745712151,14.67,34714.94675584068,20.69,54303.73379627794,32.37
Euphorbia pulcherrima,Magnoliopsida,LC,761628.2269553953,66.59,137112.42719370537,18,223121.87753209032,29.3
Euphorbia sinclairiana,Magnoliopsida,LC,622262.0144211673,54.41,147343.1612629265,23.68,223759.3524509835,35.96
Euphorbia thymifolia,Magnoliopsida,NA,914161.199256404,79.93,146545.47004352367,16.03,254497.12523738475,27.84
Euphorbia tithymaloides,Magnoliopsida,LC,784817.2693697433,68.62,134584.6679032325,17.15,256363.6078163007,32.67
Euphronia acuminatissima,Magnoliopsida,LC,67780.58642332681,5.93,4995.56141025,7.37,7484.15814625,11.04
Euphronia hirtelloides,Magnoliopsida,LC,407699.1695762148,35.65,97720.55933332811,23.97,140174.29672532814,34.38
Evolvulus sericeus,Magnoliopsida,NA,437017.1025050192,38.21,55650.30110526025,12.73,118964.81533473315,27.22
Exellodendron coriaceum,Magnoliopsida,LC,35047.93380082752,3.06,1.928708875,0.01,2490.525444875,7.11
Faramea anisocalyx,Magnoliopsida,LC,339792.3256147332,29.71,86659.46595000439,25.5,131767.2679399927,38.78
Faramea axillaris,Magnoliopsida,LC,163135.11357666942,14.26,34334.67121668262,21.05,39895.111981862305,24.46
Faramea calophylla,Magnoliopsida,LC,302845.2826857793,26.48,54761.075522112704,18.08,85819.62672229877,28.34
Faramea calyptrata,Magnoliopsida,LC,87775.75872185706,7.67,19448.73227685882,22.16,28640.670817140744,32.63
Faramea capillipes,Magnoliopsida,LC,839222.7016870072,73.38,138830.6819018541,16.54,225128.99135067375,26.83
Faramea coerulescens,Magnoliopsida,LC,111328.42713693646,9.73,24498.87412859514,22.01,35498.65603835558,31.89
Faramea coffeoides,Magnoliopsida,LC,128032.63493464122,11.19,20431.321282766723,15.96,30125.635499669435,23.53
Faramea eurycarpa,Magnoliopsida,LC,97362.13490616222,8.51,19043.442015794488,19.56,26326.71850755932,27.04
Faramea glandulosa,Magnoliopsida,LC,576079.7593926982,50.37,107826.86243919366,18.72,171463.18910851146,29.76
Faramea insignis,Magnoliopsida,LC,128846.76719559966,11.27,17461.10363400843,13.55,24576.07030327527,19.07
Faramea jasminoides,Magnoliopsida,LC,192721.45596083143,16.85,43867.70580854956,22.76,66653.08253468262,34.59
Faramea luteovirens,Magnoliopsida,LC,119306.05633422716,10.43,19888.821048800335,16.67,34578.0638229066,28.98
Faramea multiflora,Magnoliopsida,LC,660344.1914753051,57.74,144133.40883521465,21.83,215371.52586986643,32.62
Faramea oblongifolia,Magnoliopsida,LC,233627.4665767325,20.43,49315.01287650412,21.11,76201.27684306265,32.62
Faramea occidentalis,Magnoliopsida,NA,923191.0943016006,80.72,162221.587179888,17.57,292886.65815225465,31.73
Faramea parvibractea,Magnoliopsida,LC,698601.1829960179,61.08,96090.8503637634,13.75,141492.96173892065,20.25
Faramea quinqueflora,Magnoliopsida,LC,570526.599492454,49.88,130112.30706054725,22.81,194249.11649730432,34.05
Faramea sessilifolia,Magnoliopsida,LC,627865.9484762301,54.9,115548.82448011894,18.4,175895.55038922367,28.01
Faramea spathacea,Magnoliopsida,LC,695587.5597920159,60.82,142297.06799317992,20.46,223169.7955740705,32.08
Faramea suerrensis,Magnoliopsida,LC,32864.284967953914,2.87,2704.43868053125,8.23,3708.9794483125,11.29
Faramea tamberlikiana,Magnoliopsida,LC,732925.1372844495,64.08,131174.37517565893,17.9,203349.9111256189,27.74
Faramea torquata,Magnoliopsida,LC,483869.1032506139,42.31,102344.4463224878,21.15,157194.4719880376,32.49
Faramea uniflora,Magnoliopsida,NA,365667.5864699208,31.97,62435.78102806189,17.07,84520.56561235288,23.11
Ferdinandusa chlorantha,Magnoliopsida,LC,456127.82606091007,39.88,103458.49186945996,22.68,146678.39915484277,32.16
Ferdinandusa goudotiana,Magnoliopsida,LC,254502.02588353623,22.25,80356.5490948125,31.57,116189.8154468125,45.65
Ferdinandusa loretensis,Magnoliopsida,LC,416915.32385307073,36.45,103557.65241247875,24.84,157388.3315963706,37.75
Ferdinandusa rudgeoides,Magnoliopsida,LC,355644.1931530299,31.1,87744.12561907813,24.67,127770.95665907812,35.93
Ferdinandusa uaupensis,Magnoliopsida,LC,442126.8684744564,38.66,99839.39915110644,22.58,139785.60328423925,31.62
Fevillea cordifolia,Magnoliopsida,NA,531099.4518337228,46.44,118267.57922347286,22.27,192753.29913368943,36.29
Ficus amazonica,Magnoliopsida,LC,754721.0131621482,65.99,134167.60174941138,17.78,234523.11268280295,31.07
Ficus americana,Magnoliopsida,LC,937039.5834603144,81.93,181242.8429564959,19.34,280528.73315521266,29.94
Ficus apollinaris,Magnoliopsida,LC,958254.0211928092,83.79,170672.2582347522,17.81,271853.12994670914,28.37
Ficus benjamina,Magnoliopsida,LC,744128.2759151002,65.06,139478.4969236004,18.74,233262.74254461107,31.35
Ficus brevibracteata,Magnoliopsida,LC,264418.7118784054,23.12,46052.33878650647,17.42,72111.2293676969,27.27
Ficus caballina,Magnoliopsida,LC,596133.2098558171,52.12,117087.4376741151,19.64,175317.5249180321,29.41
Ficus caldasiana,Magnoliopsida,LC,188729.04648426655,16.5,45705.99788259729,24.22,67587.77865414588,35.81
Ficus calimana,Magnoliopsida,LC,244439.33178252273,21.37,39578.70255873175,16.19,62719.0351345852,25.66
Ficus carica,Magnoliopsida,LC,274402.9321065355,23.99,51698.43392223944,18.84,95443.69414647242,34.78
Ficus cervantesiana,Magnoliopsida,LC,380265.8160425109,33.25,65913.79199178937,17.33,107282.82168936548,28.21
Ficus citrifolia,Magnoliopsida,LC,733680.8445963804,64.15,154882.69743129663,21.11,235353.35396458983,32.08
Ficus coerulescens,Magnoliopsida,LC,382236.2641015798,33.42,83646.4682714491,21.88,144139.73875894013,37.71
Ficus colubrinae,Magnoliopsida,LC,4660.475024085853,0.41,1440.2761841171875,30.9,2042.1325760507812,43.82
Ficus crassiuscula,Magnoliopsida,LC,329332.4883774853,28.8,66486.69513481768,20.19,106709.08419056762,32.4
Ficus crocata,Magnoliopsida,LC,393262.80073098897,34.39,68152.72465420369,17.33,145772.4519022794,37.07
Ficus cuatrecasasiana,Magnoliopsida,LC,255887.4717030541,22.37,51573.99185741769,20.15,81166.99316599088,31.72
Ficus dendrocida,Magnoliopsida,LC,153013.8321098368,13.38,12817.845961726927,8.38,48780.6758151741,31.88
Ficus eximia,Magnoliopsida,LC,562990.3070691078,49.23,123456.63455295388,21.93,192537.40597961305,34.2
Ficus gigantosyce,Magnoliopsida,LC,195765.61715391724,17.12,41164.91701142999,21.03,63912.7178614397,32.65
Ficus gomelleira,Magnoliopsida,LC,642013.313189169,56.14,121298.15017291212,18.89,187398.13458909473,29.19
Ficus hartwegii,Magnoliopsida,LC,300823.1297101083,26.3,44956.511822025575,14.94,76261.50963029919,25.35
Ficus insipida,Magnoliopsida,LC,1025382.4400004604,89.66,180009.08365283243,17.56,305078.0865724351,29.75
Ficus krukovii,Magnoliopsida,LC,441032.9657478904,38.56,105988.51938606286,24.03,161394.63502438963,36.59
Ficus lauretana,Magnoliopsida,LC,284467.5394071003,24.87,79204.38595595358,27.84,110832.71378415184,38.96
Ficus macbridei,Magnoliopsida,LC,326815.9980241789,28.58,47942.786933178984,14.67,82194.43764246308,25.15
Ficus mathewsii,Magnoliopsida,LC,870260.5684080237,76.09,140595.00371566956,16.16,239626.48324671463,27.54
Ficus matiziana,Magnoliopsida,LC,315726.2383167781,27.61,31201.058797486698,9.88,78030.02963109707,24.71
Ficus maxima,Magnoliopsida,LC,694714.1331222526,60.74,152738.05464695368,21.99,230750.31523349904,33.22
Ficus mutisii,Magnoliopsida,LC,369466.2512235709,32.3,68642.2770745117,18.58,107175.51806690452,29.01
Ficus nymphaeifolia,Magnoliopsida,LC,1067082.6866675925,93.3,176991.5442310176,16.59,306198.435386137,28.69
Ficus obtusifolia,Magnoliopsida,LC,1044783.6119690196,91.35,184618.8368649809,17.67,309779.1050561619,29.65
Ficus pallida,Magnoliopsida,LR/lc,1053583.0122959595,92.12,186615.62466153217,17.71,312498.72506783484,29.66
Ficus paraensis,Magnoliopsida,LC,796747.7493543981,69.66,140792.0947464045,17.67,221965.0555280339,27.86
Ficus pertusa,Magnoliopsida,LC,771384.9518638388,67.45,150355.66440058363,19.49,231783.9460336114,30.05
Ficus popenoei,Magnoliopsida,LC,825203.0942674428,72.15,138575.2856672581,16.79,229875.50793472736,27.86
Ficus schippii,Magnoliopsida,LC,767081.4558332129,67.07,159508.80824868078,20.79,240788.91598206104,31.39
Ficus sphenophylla,Magnoliopsida,LC,483052.6775118624,42.24,106742.43799574122,22.1,153633.46860984276,31.8
Ficus tonduzii,Magnoliopsida,LC,309476.63130058197,27.06,50120.92107699933,16.2,82556.56634254786,26.68
Ficus trianae,Magnoliopsida,LC,247124.2585240401,21.61,38855.42854733716,15.72,62130.518738296385,25.14
Ficus trigona,Magnoliopsida,LC,596178.1815912621,52.13,127346.8947898147,21.36,207907.3663565428,34.87
Ficus velutina,Magnoliopsida,LC,177132.5423274901,15.49,34335.032269437805,19.38,56249.283635317384,31.76
Ficus yoponensis,Magnoliopsida,LC,778014.0076466417,68.03,154716.24391156636,19.89,234734.4287837604,30.17
Ficus ypsilophlebia,Magnoliopsida,NA,652743.3894755663,57.07,108232.45600934078,16.58,181164.3060800109,27.75
Fischeria stellata,Magnoliopsida,NA,728035.1946459386,63.66,162910.8868884715,22.38,245602.76569092943,33.74
Fissicalyx fendleri,Magnoliopsida,LC,471566.4204501088,41.23,61437.24372929318,13.03,132341.43859868142,28.06
Fittonia albivenis,Magnoliopsida,NA,42728.52730036808,3.74,6177.920215305664,14.46,7347.642956743164,17.2
Fleischmannia microstemon,Magnoliopsida,NA,850336.8543598227,74.35,167621.59118163513,19.71,264465.42715547106,31.1
Fleischmannia obscurifolia,Magnoliopsida,LC,75216.83532979578,6.58,17056.540419725854,22.68,24564.20266304354,32.66
Fleischmannia pratensis,Magnoliopsida,NA,363856.3141931663,31.81,63457.89461125473,17.44,101194.44699355398,27.81
Foeniculum vulgare,Magnoliopsida,NA,152603.48732041876,13.34,29242.127148358217,19.16,45779.9311275437,30
Forsteronia acouci,Magnoliopsida,NA,551138.5699961961,48.19,109457.7267019004,19.86,167629.826370782,30.42
Forsteronia affinis,Magnoliopsida,NA,771867.1175782726,67.49,138415.1010297593,17.93,214588.55087122408,27.8
Forsteronia graciloides,Magnoliopsida,NA,442484.6364850882,38.69,81315.80177212553,18.38,126457.43738402058,28.58
Forsteronia laurifolia,Magnoliopsida,NA,54365.50075484962,4.75,5098.48180303125,9.38,8799.04833503125,16.18
Potentilla indica,Magnoliopsida,NA,181191.19776205855,15.84,40521.04257265819,22.36,58867.08872479823,32.49
Fragaria vesca,Magnoliopsida,NA,61611.42280102283,5.39,15335.08105453508,24.89,22150.72870795146,35.95
Freziera calophylla,Magnoliopsida,LC,78061.60959619217,6.83,13212.345052995208,16.93,20332.652437915374,26.05
Freziera candicans,Magnoliopsida,LC,181428.15322460947,15.86,36555.18873738583,20.15,51936.677930498685,28.63
Freziera canescens,Magnoliopsida,LC,28389.261656748306,2.48,7660.893348887878,26.99,11240.844633499875,39.6
Freziera chrysophylla,Magnoliopsida,LC,201401.81777692257,17.61,42942.27150561139,21.32,64576.02258543603,32.06
Freziera reticulata,Magnoliopsida,LC,97684.70895542108,8.54,28799.593274066112,29.48,39054.48248418095,39.98
Freziera verrucosa,Magnoliopsida,LC,135521.32646563204,11.85,26969.40102105017,19.9,38183.85204114967,28.18
Fridericia candicans,Magnoliopsida,NA,836186.2979371565,73.11,135639.2404481868,16.22,260738.46410410455,31.18
Fridericia chica,Magnoliopsida,NA,1032649.5967477852,90.29,186761.66111274125,18.09,303666.92167882813,29.41
Fridericia cinnamomea,Magnoliopsida,NA,330810.7803035748,28.92,77130.65768109179,23.32,119437.32657588868,36.1
Fridericia conjugata,Magnoliopsida,NA,719959.5336972497,62.95,106178.58585697,14.75,222564.64686982773,30.91
Fridericia fanshawei,Magnoliopsida,NA,289727.918197506,25.33,76651.63412755859,26.46,110267.28667475392,38.06
Fridericia florida,Magnoliopsida,NA,762202.3633247036,66.64,144088.20874179492,18.9,231751.63476838928,30.41
Fridericia japurensis,Magnoliopsida,NA,417350.75735342567,36.49,95840.6830092876,22.96,145790.67862425587,34.93
Fridericia mollissima,Magnoliopsida,NA,131057.42362920746,11.46,9330.245582221893,7.12,43346.10214122244,33.07
Fridericia nigrescens,Magnoliopsida,NA,373002.855007232,32.61,37003.99236530359,9.92,63402.47255037414,17
Fridericia patellifera,Magnoliopsida,NA,835554.2332012147,73.06,140110.56296746197,16.77,257142.83195909625,30.78
Fridericia pearcei,Magnoliopsida,NA,579565.8231572338,50.67,100365.67013979296,17.32,161304.90687084667,27.83
Fridericia prancei,Magnoliopsida,NA,306064.842178817,26.76,70964.31609825,23.19,98026.75463625,32.03
Fridericia pubescens,Magnoliopsida,NA,506118.61597870634,44.25,69027.82899447998,13.64,146322.4538081289,28.91
Fridericia schumanniana,Magnoliopsida,NA,924124.6904669234,80.8,172618.33649244608,18.68,270221.58761255554,29.24
Fridericia spicata,Magnoliopsida,NA,448818.4907333358,39.24,101564.49271534082,22.63,144958.83540847362,32.3
Fridericia tuberculata,Magnoliopsida,NA,500416.3840623435,43.75,63897.240100166506,12.77,138389.0333357622,27.65
Fuchsia ampliata,Magnoliopsida,NA,1878.5313930002217,0.16,101.44504545703126,5.4,676.5198614570312,36.01
Fuchsia boliviana,Magnoliopsida,LC,123661.61034484411,10.81,30895.969365147583,24.98,44200.62814202942,35.74
Fuchsia corollata,Magnoliopsida,NA,22956.33542510958,2.01,7128.323797333404,31.05,9725.723942370698,42.37
Fuchsia dependens,Magnoliopsida,NA,5450.898875715033,0.48,493.9981655881348,9.06,2427.6086295256346,44.54
Fuchsia hartwegii,Magnoliopsida,NA,186182.8024328598,16.28,40237.930229370235,21.61,53092.461828967585,28.52
Fuchsia macrostigma,Magnoliopsida,NA,18685.144233351817,1.63,4516.077236835846,24.17,7468.968501964996,39.97
Fuchsia nigricans,Magnoliopsida,NA,14230.775752547,1.24,4325.128728703766,30.39,5972.735471589264,41.97
Fuchsia paniculata,Magnoliopsida,LC,0,0,0,NA,0,NA
Fuchsia petiolaris,Magnoliopsida,NA,76653.97531230886,6.7,25630.62701039447,33.44,32544.121871945434,42.46
Fuchsia putumayensis,Magnoliopsida,NA,252997.7859810683,22.12,47540.40156664386,18.79,68450.7296580144,27.06
Fuchsia scabriuscula,Magnoliopsida,NA,19390.25530565424,1.7,2146.476129557434,11.07,5887.190913790222,30.36
Fuchsia sessilifolia,Magnoliopsida,NA,30724.79114892405,2.69,6932.554143886308,22.56,10609.687763439591,34.53
Fuchsia venusta,Magnoliopsida,NA,63359.32672360747,5.54,14546.644663476927,22.96,20958.573685407533,33.08
Fuchsia vulcanica,Magnoliopsida,NA,7719.46004796084,0.67,1028.476109265381,13.32,3368.508453179443,43.64
Fuertesimalva limensis,Magnoliopsida,NA,89644.11742181522,7.84,20667.56969836241,23.06,31256.576825241744,34.87
Funastrum clausum,Magnoliopsida,NA,823728.0033688018,72.02,133007.6227401312,16.15,258708.76661729728,31.41
Funastrum glaucum,Magnoliopsida,NA,174458.46769887902,15.25,15994.661728112793,9.17,55479.969142279784,31.8
Fusaea longifolia,Magnoliopsida,LC,712191.456607842,62.27,134824.34548968347,18.93,226946.5550589185,31.87
Fusaea peruviana,Magnoliopsida,LC,133322.57764935694,11.66,28794.974864607422,21.6,29350.22788060742,22.01
Fusispermum laxiflorum,Magnoliopsida,LC,174586.08927524023,15.27,19386.416436506835,11.1,26061.689316353517,14.93
Fusispermum minutiflorum,Magnoliopsida,LC,264602.5313640252,23.14,34014.09426977563,12.85,54380.590072286104,20.55
Gaiadendron punctatum,Magnoliopsida,LC,147018.73573128227,12.85,41497.77307588271,28.23,56103.38913548381,38.16
Galactia jussiaeana,Magnoliopsida,NA,264252.4549764675,23.11,19026.512065148436,7.2,46287.39887372656,17.52
Galactia striata,Magnoliopsida,NA,646384.9718120643,56.52,99627.87369230944,15.41,191739.8169253177,29.66
Galactophora crassifolia,Magnoliopsida,NA,406468.1564088877,35.54,97522.8407431875,23.99,139046.4223111875,34.21
Galactophora pumila,Magnoliopsida,NA,27818.411535936655,2.43,0.76845025,0,2489.36518625,8.95
Galianthe bogotensis,Magnoliopsida,NA,19066.682541840637,1.67,3090.5943818220217,16.21,3996.076934234375,20.96
Galinsoga parviflora,Magnoliopsida,NA,220722.13582145545,19.3,36094.146115510994,16.35,74143.74073524633,33.59
Galinsoga quadriradiata,Magnoliopsida,NA,155235.72314981293,13.57,37069.107931996965,23.88,54154.86977792845,34.89
Galipea trifoliata,Magnoliopsida,LC,531292.7713614301,46.45,84140.94836882141,15.84,150011.30637852356,28.24
Galium canescens,Magnoliopsida,NA,77364.93036968564,6.76,24091.859474970825,31.14,30971.65324985919,40.03
Galium corymbosum,Magnoliopsida,NA,41774.00718726336,3.65,13727.862495615234,32.86,17099.26671742163,40.93
Galium hypocarpium,Magnoliopsida,NA,171717.66982531748,15.01,44608.17674651885,25.98,63048.12741880102,36.72
Galium mexicanum,Magnoliopsida,NA,99356.47652198547,8.69,27881.03147769244,28.06,37738.44727356177,37.98
Galium obovatum,Magnoliopsida,NA,83427.6951244414,7.29,26397.728788650085,31.64,33662.68518843786,40.35
Gamochaeta coarctata,Magnoliopsida,NA,163154.28463664645,14.27,39516.05491035265,24.22,56758.21160106011,34.79
Gamochaeta purpurea,Magnoliopsida,NA,143477.78203656143,12.55,41057.19801324115,28.62,55791.29222913733,38.88
Garcia nutans,Magnoliopsida,LC,120251.79684646898,10.51,8996.375690006347,7.48,39677.55341679346,33
Garcinia macrophylla,Magnoliopsida,LC,699710.3923148151,61.18,149358.59212547456,21.35,230663.76292270373,32.97
Garcinia madruno,Magnoliopsida,LC,1000386.8245204164,87.47,170731.20572932228,17.07,280870.478734708,28.08
Garcinia magnifolia,Magnoliopsida,LC,164800.68484536454,14.41,24828.078873161983,15.07,36155.96221154398,21.94
Gasteranthus calcaratus,Magnoliopsida,NA,274470.67513311893,24,53394.390611428345,19.45,81652.4956282047,29.75
Gasteranthus corallinus,Magnoliopsida,NA,268206.75202625245,23.45,51066.00533547577,19.04,64165.75112809512,23.92
Gasteranthus delphinioides,Magnoliopsida,NA,116480.2215422005,10.18,16542.841083065243,14.2,21373.782244326187,18.35
Gasteranthus glaber,Magnoliopsida,NA,9219.977609632717,0.81,305.68222914160157,3.32,3356.3427091416015,36.4
Gasteranthus leopardus,Magnoliopsida,NA,3429.506558986927,0.3,74.65741467492676,2.18,325.90723867492676,9.5
Gasteranthus pansamalanus,Magnoliopsida,NA,221080.48551866863,19.33,44725.08243187488,20.23,71360.85288818653,32.28
Gasteranthus quitensis,Magnoliopsida,NA,2650.9684859494687,0.23,59.90436959375,2.26,270.40331359375,10.2
Gasteranthus wendlandianus,Magnoliopsida,NA,435836.0801458156,38.11,71513.69927393488,16.41,115996.33563110376,26.61
Gaultheria amoena,Magnoliopsida,NA,42642.160474165954,3.73,12399.447334245468,29.08,16868.43286702446,39.56
Gaultheria anastomosans,Magnoliopsida,NA,44181.68001636817,3.86,16179.980108382446,36.62,18953.419444855223,42.9
Gaultheria buxifolia,Magnoliopsida,NA,93542.35552259946,8.18,27908.67334018172,29.84,37302.03503515406,39.88
Gaultheria erecta,Magnoliopsida,LC,137794.6207125657,12.05,39571.29672382767,28.72,53068.361833678005,38.51
Gaultheria foliolosa,Magnoliopsida,NA,102126.17176160852,8.93,29871.36924639276,29.25,39979.49512286261,39.15
Gaultheria glomerata,Magnoliopsida,LC,76246.67656608959,6.67,21121.105683658938,27.7,29426.315352778747,38.59
Gaultheria hapalotricha,Magnoliopsida,NA,14585.109774689568,1.28,6808.546472735352,46.68,7393.565158942139,50.69
Gaultheria insipida,Magnoliopsida,NA,45928.46119985869,4.02,12412.115180723664,27.02,18123.994786037812,39.46
Gaultheria rigida,Magnoliopsida,NA,45273.64210150633,3.96,13903.527648300049,30.71,17729.689086997314,39.16
Gaultheria sclerophylla,Magnoliopsida,NA,36412.318553842975,3.18,13518.812177003969,37.13,17736.990674200988,48.71
Gaultheria strigosa,Magnoliopsida,NA,85624.80691352171,7.49,27759.462757178615,32.42,36137.31672154758,42.2
Gaylussacia buxifolia,Magnoliopsida,NA,37121.08159808782,3.25,9229.1305045500485,24.86,12231.56039326564,32.95
Geissanthus andinus,Magnoliopsida,LC,64821.11604179519,5.67,21823.997910222595,33.67,27697.209862602784,42.73
Geissanthus bogotensis,Magnoliopsida,LC,142043.770892083,12.42,38578.94738512183,27.16,53124.7014426668,37.4
Geissanthus longistamineus,Magnoliopsida,LC,403163.3138223253,35.25,78435.86747701392,19.46,110357.10041075292,27.37
Geissanthus occidentalis,Magnoliopsida,LC,145226.84850721576,12.7,37874.76305260039,26.08,54687.96363627789,37.66
Genipa americana,Magnoliopsida,LC,1060422.7646787837,92.72,179372.26049735918,16.92,307977.86369207327,29.04
Genipa spruceana,Magnoliopsida,LC,444277.7459335864,38.85,88986.99155275823,20.03,134176.15643889495,30.2
Genista monspessulana,Magnoliopsida,NA,104883.66552293152,9.17,27846.93822380804,26.55,38060.922529194824,36.29
Gentianella cerastioides,Magnoliopsida,NA,1425.6029808469598,0.12,105.222574,7.38,606.408206,42.54
Gentianella corymbosa,Magnoliopsida,NA,25863.70678812806,2.26,10135.003924905515,39.19,11720.672784259275,45.32
Gentianella rapunculoides,Magnoliopsida,NA,6900.793789723796,0.6,1135.161291113922,16.45,3233.7248110279847,46.86
Geoffroea spinosa,Magnoliopsida,LC,82378.5811455275,7.2,6523.209810080444,7.92,29369.835645591585,35.65
Geophila cordifolia,Magnoliopsida,NA,590337.1551221987,51.62,121252.57621530409,20.54,188929.63533583528,32
Geophila macropoda,Magnoliopsida,NA,744376.553081779,65.09,133726.318573317,17.96,211386.88112610404,28.4
Geophila repens,Magnoliopsida,NA,848317.2487625846,74.17,146543.252709958,17.27,241086.53225449024,28.42
Geranium chilloense,Magnoliopsida,NA,7437.6117873387375,0.65,1144.4923032844238,15.39,3160.919927198486,42.5
Geranium diffusum,Magnoliopsida,NA,35865.13439015481,3.14,10673.653747295197,29.76,14406.7842596362,40.17
Geranium holosericeum,Magnoliopsida,NA,26777.39222405245,2.34,7499.577964024078,28.01,8969.172445301236,33.5
Geranium killipii,Magnoliopsida,NA,63366.70844517334,5.54,16554.859241231323,26.13,21969.860510279115,34.67
Geranium lainzii,Magnoliopsida,NA,35255.88280162506,3.08,12188.916821455688,34.57,14538.266504460937,41.24
Geranium multipartitum,Magnoliopsida,NA,18727.58062331008,1.64,7297.743486353027,38.97,9428.286505571778,50.34
Geranium reptans,Magnoliopsida,NA,13105.50254035149,1.15,4231.03589045874,32.28,6051.975479029785,46.18
Geranium santanderiense,Magnoliopsida,NA,42799.84316006344,3.74,12647.318078939606,29.55,15261.091630976283,35.66
Geranium sibbaldioides,Magnoliopsida,NA,75663.0656692323,6.62,22828.5120951546,30.17,29295.12028611743,38.72
Geranium stramineum,Magnoliopsida,NA,59913.32973923637,5.24,19714.129794665343,32.9,25145.455979017577,41.97
Geum peruvianum,Magnoliopsida,NA,8909.614325950495,0.78,1725.4335405466309,19.37,4261.6536844606935,47.83
Glandonia williamsii,Magnoliopsida,LC,273143.720405547,23.88,24354.377600550415,8.92,40111.11646765198,14.68
Glinus radiatus,Magnoliopsida,NA,279427.4197072173,24.43,21704.516177298217,7.77,63272.09217354129,22.64
Gliricidia sepium,Magnoliopsida,LC,677833.4680729611,59.27,77691.8243272776,11.46,157956.62537391315,23.3
Glossoloma anomalum,Magnoliopsida,NA,9991.264097551542,0.87,2707.366243490967,27.1,3012.448253733154,30.15
Glossoloma baguense,Magnoliopsida,NA,113842.15177247374,9.95,25479.902565948643,22.38,40409.679493082855,35.5
Glossoloma herthae,Magnoliopsida,NA,116842.81376519444,10.22,25279.942077406984,21.64,37131.68812457002,31.78
Glossoloma ichthyoderma,Magnoliopsida,NA,111742.05800849404,9.77,29516.45618838153,26.41,40975.344591048706,36.67
Glossoloma medusaeum,Magnoliopsida,NA,289190.69135685026,25.29,44977.6064758573,15.55,74166.28753583148,25.65
Glossoloma oblongicalyx,Magnoliopsida,NA,26342.280132153744,2.3,5191.177432036743,19.71,9031.997691259829,34.29
Glossoloma panamense,Magnoliopsida,NA,94005.8036893,8.22,11013.528275973144,11.72,14834.572623059084,15.78
Glossoloma purpureum,Magnoliopsida,NA,2470.6536829730876,0.22,57.89015090625,2.34,243.88171890625,9.87
Glossoloma schultzei,Magnoliopsida,NA,157754.76427136417,13.79,29688.394341868407,18.82,46249.84484037354,29.32
Glossoloma sprucei,Magnoliopsida,NA,10117.806633024353,0.88,270.46510644628904,2.67,2419.594634446289,23.91
Glossoloma subglabrum,Magnoliopsida,NA,93747.74904733256,8.2,18590.61993867224,19.83,26382.388771316528,28.14
Glossoloma tetragonoides,Magnoliopsida,NA,184991.84862108505,16.17,35381.742972856504,19.13,58019.4992662915,31.36
Glossoloma tetragonum,Magnoliopsida,NA,165333.0121880143,14.46,24369.46998170508,14.74,34497.59915476123,20.87
Glycydendron amazonicum,Magnoliopsida,LC,479526.22296130226,41.93,113616.08798201372,23.69,177878.13297139166,37.09
Godmania aesculifolia,Magnoliopsida,LC,532742.3118546424,46.58,72364.18585606177,13.58,148118.58975279596,27.8
Godoya antioquiensis,Magnoliopsida,LC,93251.41951764208,8.15,16377.91235115155,17.56,27798.898711330443,29.81
Goethalsia meiantha,Magnoliopsida,LC,50871.45816883231,4.45,6793.258483541962,13.35,14429.866727352508,28.37
Gomphocarpus physocarpus,Magnoliopsida,NA,158613.82747578676,13.87,30838.28120223224,19.44,50401.533841328615,31.78
Gomphrena globosa,Magnoliopsida,NA,752159.5574481452,65.77,146417.9220497379,19.47,229720.30630303992,30.54
Gomphrena serrata,Magnoliopsida,NA,526615.9952192563,46.05,96173.36544185736,18.26,183688.1581130462,34.88
Gongylolepis martiana,Magnoliopsida,LC,211246.26377296087,18.47,49542.98377870313,23.45,81629.26795070313,38.64
Gonzalagunia affinis,Magnoliopsida,NA,78083.32133226405,6.83,16870.683169860353,21.61,17906.348760493165,22.93
Gonzalagunia bunchosioides,Magnoliopsida,LC,270982.1208873565,23.69,44022.76746860541,16.25,55894.579390506406,20.63
Gonzalagunia cornifolia,Magnoliopsida,NA,415994.2443317663,36.37,61528.02417544275,14.79,117838.8912064146,28.33
Gonzalagunia dependens,Magnoliopsida,LC,306458.3480793879,26.8,57957.8571968931,18.91,96135.42929607522,31.37
Gonzalagunia dicocca,Magnoliopsida,LC,790867.7985118907,69.15,139408.91992632853,17.63,255592.68215781936,32.32
Gonzalagunia killipii,Magnoliopsida,NA,299461.2801005053,26.18,49354.728671284945,16.48,78392.8381102417,26.18
Gonzalagunia ovatifolia,Magnoliopsida,LC,61789.39054897561,5.4,3875.99366975,6.27,5019.836157,8.12
Gonzalagunia panamensis,Magnoliopsida,LC,227505.67481358437,19.89,34156.140763362164,15.01,58860.668952389016,25.87
Gonzalagunia rosea,Magnoliopsida,LC,20643.121966527764,1.8,4594.524636502685,22.26,7139.994646464112,34.59
Gonzalagunia rudis,Magnoliopsida,LC,496663.09322339494,43.43,106684.67410901166,21.48,162204.56855955976,32.66
Gordonia fruticosa,Magnoliopsida,NA,262157.743816353,22.92,58963.96926776883,22.49,88241.76543554789,33.66
Gossypium barbadense,Magnoliopsida,LC,673060.0769778725,58.85,136644.91701379704,20.3,240947.9147257052,35.8
Gossypium hirsutum,Magnoliopsida,VU,559507.1394392049,48.92,91755.31340121028,16.4,182957.13247854743,32.7
Gouania colombiana,Magnoliopsida,NA,575332.0292462264,50.3,121605.64104084912,21.14,208192.72041370947,36.19
Gouania lupuloides,Magnoliopsida,NA,861328.7297867127,75.31,158135.86518735066,18.36,244194.25253360352,28.35
Gouania polygama,Magnoliopsida,NA,975610.7266653066,85.3,168628.647694916,17.28,290382.5449381074,29.76
Gouania trichodonta,Magnoliopsida,NA,824553.0897745899,72.1,150541.50395061346,18.26,262409.5264354781,31.82
Goupia glabra,Magnoliopsida,LC,856415.0903242776,74.88,139405.69965688282,16.28,244155.81801548292,28.51
Graffenrieda anomala,Magnoliopsida,NA,10120.471982279523,0.88,676.543941,6.68,618.742149,6.11
Graffenrieda caryophyllea,Magnoliopsida,LC,170992.9397640685,14.95,17163.17813425,10.04,27328.363332,15.98
Graffenrieda colombiana,Magnoliopsida,LC,206100.94446118345,18.02,45321.81595570959,21.99,57088.66187941467,27.7
Graffenrieda cucullata,Magnoliopsida,LC,241858.181973741,21.15,38163.96976134397,15.78,63441.17732083744,26.23
Graffenrieda emarginata,Magnoliopsida,LC,146479.73845035865,12.81,31857.11929729059,21.75,49571.35080033057,33.84
Graffenrieda galeottii,Magnoliopsida,LC,108185.43592695965,9.46,16660.55821431604,15.4,26141.42403974365,24.16
Graffenrieda gracilis,Magnoliopsida,LC,859331.5702692334,75.14,160824.06575089635,18.72,242400.4914973135,28.21
Graffenrieda grandifolia,Magnoliopsida,NT,35605.89179051423,3.11,4466.121545029541,12.54,9535.497903283936,26.78
Graffenrieda intermedia,Magnoliopsida,LC,118904.53835309732,10.4,19157.52556379288,16.11,34131.71945896353,28.71
Graffenrieda limbata,Magnoliopsida,LC,445775.1055568227,38.98,102266.80740480176,22.94,145052.13249793457,32.54
Graffenrieda miconioides,Magnoliopsida,LC,314076.7487467142,27.46,77366.26675665601,24.63,112564.04945778882,35.84
Graffenrieda patens,Magnoliopsida,NA,271650.3695768431,23.75,77513.824768,28.53,107776.379724,39.67
Graffenrieda rotundifolia,Magnoliopsida,LC,109369.29608113994,9.56,8359.24174826538,7.64,16476.64789001538,15.07
Graffenrieda rupestris,Magnoliopsida,LC,279224.4163471259,24.41,69077.69125332813,24.74,111128.26421332812,39.8
Graffenrieda santamartensis,Magnoliopsida,LC,66684.76583601217,5.83,13011.417525187622,19.51,21369.453141014525,32.05
Graffenrieda weddellii,Magnoliopsida,LC,482733.87460737216,42.21,69041.40692531585,14.3,113970.79659510632,23.61
Grias neuberthii,Magnoliopsida,LC,257914.7909254078,22.55,48360.45045293341,18.75,58014.35697717773,22.49
Grias peruviana,Magnoliopsida,LC,109370.96717419026,9.56,16248.390966439698,14.86,16714.967777373535,15.28
Guapira costaricana,Magnoliopsida,LC,365103.8126598519,31.92,59584.11295575939,16.32,105737.99085094906,28.96
Guapira cuspidata,Magnoliopsida,LC,283982.67552688497,24.83,25931.618345867188,9.13,53408.80354771094,18.81
Guarea cartaguenya,Magnoliopsida,LC,275430.7023777792,24.08,45472.249344682095,16.51,74318.66114759048,26.98
Guarea cristata,Magnoliopsida,VU,205756.4012176978,17.99,50819.89643851172,24.7,68404.39996288672,33.25
Guarea glabra,Magnoliopsida,LC,973112.623065409,85.09,180928.040400624,18.59,275703.1654137302,28.33
Guarea gomma,Magnoliopsida,LC,252282.25942778937,22.06,61556.477509848635,24.4,86578.88964696582,34.32
Guarea guidonia,Magnoliopsida,LC,960919.9899139476,84.02,142007.40366691962,14.78,268337.2909735127,27.93
Guarea juglandiformis,Magnoliopsida,VU,254636.2201380918,22.26,77758.94852650649,30.54,105769.93772088148,41.54
Guarea kunthiana,Magnoliopsida,LC,646295.192025733,56.51,143771.2635519083,22.25,214005.53446483143,33.11
Guarea macrophylla,Magnoliopsida,LC,399534.2333679824,34.93,94171.29850965946,23.57,144349.12194172395,36.13
Guarea penningtoniana,Magnoliopsida,NA,168755.5401213037,14.76,37164.2357162666,22.02,43807.9064922666,25.96
Guarea pterorhachis,Magnoliopsida,LC,520672.448634148,45.53,93991.83978509628,18.05,140547.6433255049,26.99
Guarea pubescens,Magnoliopsida,LC,878285.534663968,76.79,144731.6163874497,16.48,233890.3401350143,26.63
Guarea purusana,Magnoliopsida,LC,471588.5326989057,41.23,113597.69008981336,24.09,171872.85930634252,36.45
Guarea rhopalocarpa,Magnoliopsida,LC,466459.9843060036,40.79,109003.07540551538,23.37,170186.16859088445,36.48
Guarea silvatica,Magnoliopsida,LC,559216.3163071747,48.9,119255.61159248812,21.33,178846.16039135598,31.98
Guarea trunciflora,Magnoliopsida,VU,364387.52119091933,31.86,101319.02735368042,27.81,140854.74758281323,38.66
Guatteria alta,Magnoliopsida,LC,92529.19834266274,8.09,12498.707499896696,13.51,16020.441650277187,17.31
Guatteria amplifolia,Magnoliopsida,LC,493310.68735047645,43.13,106689.408823679,21.63,166872.8113873418,33.83
Guatteria atabapensis,Magnoliopsida,LC,425043.8785841947,37.16,70971.23768863184,16.7,106879.211320416,25.15
Guatteria citriodora,Magnoliopsida,LC,641405.4417945,56.08,119733.19806252398,18.67,185896.90568175592,28.98
Guatteria crassipes,Magnoliopsida,LC,120243.65881783536,10.51,24267.10258884826,20.18,38034.87634163087,31.63
Guatteria cuatrecasasii,Magnoliopsida,LC,58405.6762324707,5.11,3861.2946983125,6.61,4755.0466503125,8.14
Guatteria darienensis,Magnoliopsida,LC,19926.262109715273,1.74,2897.867235527344,14.54,3741.812783464844,18.78
Guatteria decurrens,Magnoliopsida,LC,165453.6137514573,14.47,34391.07990328613,20.79,39202.53379152832,23.69
Guatteria dolichopoda,Magnoliopsida,LC,729.0049096829358,0.06,0,0,0,0
Guatteria dura,Magnoliopsida,LC,436302.4206177895,38.15,99881.43092882325,22.89,138568.05759988574,31.76
Guatteria elata,Magnoliopsida,LC,139919.36956580906,12.23,31184.698518266603,22.29,34127.8516382666,24.39
Guatteria foliosa,Magnoliopsida,LC,644951.9998484933,56.39,120437.29284178908,18.67,186913.8320838174,28.98
Guatteria goudotiana,Magnoliopsida,LC,122471.1708458834,10.71,22357.211482829407,18.26,36711.04533902246,29.98
Guatteria guianensis,Magnoliopsida,LC,362014.50853239786,31.65,93378.8821307666,25.79,138347.3445262197,38.22
Guatteria hirsuta,Magnoliopsida,LC,785346.103887854,68.67,152555.7661841929,19.43,235292.12193836816,29.96
Guatteria insculpta,Magnoliopsida,LC,309759.99740272976,27.08,77780.2676140426,25.11,106617.73601038636,34.42
Guatteria inundata,Magnoliopsida,LC,97854.64503610657,8.56,16848.65322625,17.22,20198.09175425,20.64
Guatteria liesneri,Magnoliopsida,LC,645290.4169313565,56.42,115095.58327569696,17.84,180847.1337721077,28.03
Guatteria maypurensis,Magnoliopsida,LC,398305.3911385551,34.83,77929.75903709375,19.57,126457.90485273435,31.75
Guatteria megalophylla,Magnoliopsida,LC,430934.8710776298,37.68,93564.38676411303,21.71,141140.8547057419,32.75
Guatteria microcarpa,Magnoliopsida,NT,33784.90803813664,2.95,4268.598825652344,12.63,4701.822974374023,13.92
Guatteria modesta,Magnoliopsida,LC,356971.41987093317,31.21,101081.72682886304,28.32,140329.63046623804,39.31
Guatteria pacifica,Magnoliopsida,LC,68846.7065393495,6.02,4590.014730554687,6.67,5059.4918906796875,7.35
Guatteria pittieri,Magnoliopsida,LC,124184.47253092358,10.86,17505.622093848753,14.1,21749.662258719603,17.51
Guatteria schomburgkiana,Magnoliopsida,LC,735755.676908957,64.33,119230.26601857034,16.21,211606.041794048,28.76
Guatteria stipitata,Magnoliopsida,LC,582224.127944787,50.91,123031.49621901574,21.13,191780.54020919095,32.94
Guatteria tomentosa,Magnoliopsida,LC,749174.9692008635,65.5,128485.76678291302,17.15,216185.6007187035,28.86
Guayania cerasifolia,Magnoliopsida,NA,449769.26311346615,39.33,90349.31989489062,20.09,142041.69856995312,31.58
Guazuma ulmifolia,Magnoliopsida,LC,759959.737859099,66.45,118212.5060817444,15.56,229126.91311398524,30.15
Guettarda comata,Magnoliopsida,VU,598180.0463831192,52.3,116365.48958736114,19.45,188410.01027669056,31.5
Guettarda crispiflora,Magnoliopsida,LC,389461.44933772227,34.05,71056.9141687669,18.24,111399.05583849049,28.6
Guettarda divaricata,Magnoliopsida,LC,106181.48496216896,9.28,9800.824848021484,9.23,36484.74017325195,34.36
Guettarda hirsuta,Magnoliopsida,LC,138870.70136296324,12.14,25227.58304804375,18.17,43469.47410811968,31.3
Guettarda sanblasensis,Magnoliopsida,LC,104371.4211857746,9.13,11510.986821904176,11.03,24206.907367493193,23.19
Guettarda tournefortiopsis,Magnoliopsida,LC,171290.00406790353,14.98,36311.54720310803,21.2,56855.64312794683,33.19
Gunnera brephogea,Magnoliopsida,NA,252030.71886910923,22.04,52804.389753211,20.95,79061.05137557436,31.37
Gunnera magellanica,Magnoliopsida,NA,29563.396513699627,2.58,9447.496705498965,31.96,12656.526816968262,42.81
Gunnera pilosa,Magnoliopsida,NA,71824.45920506338,6.28,24054.856626284298,33.49,30425.076150399043,42.36
Gurania acuminata,Magnoliopsida,NA,619456.452872204,54.16,131295.0996299754,21.2,206930.12370366335,33.41
Gurania bignoniacea,Magnoliopsida,NA,1048461.3129860451,91.67,180773.50291288117,17.24,303328.7227489123,28.93
Gurania lobata,Magnoliopsida,NA,727126.8823213923,63.58,154439.57674797924,21.24,237267.50649716455,32.63
Gurania makoyana,Magnoliopsida,NA,79405.89633803346,6.94,13613.245966982788,17.14,17750.04510820645,22.35
Gurania pedata,Magnoliopsida,NA,474142.0005914499,41.46,115201.44967180736,24.3,179431.14684789232,37.84
Gurania rhizantha,Magnoliopsida,NA,248748.20300840543,21.75,59765.07152472754,24.03,84802.59858610254,34.09
Gurania sinuata,Magnoliopsida,NA,65564.46657402435,5.73,4502.292054250976,6.87,5354.102627485351,8.17
Gurania tubulosa,Magnoliopsida,NA,31911.211756372133,2.79,5588.16985340625,17.51,6999.074113855469,21.93
Gustavia angustifolia,Magnoliopsida,LC,260799.27120957297,22.8,72745.47917916211,27.89,105949.3092270996,40.62
Gustavia augusta,Magnoliopsida,LC,673156.1749778836,58.86,118117.04370129765,17.55,199060.94219071776,29.57
Gustavia dubia,Magnoliopsida,LC,104135.71839777465,9.11,13141.210870560912,12.62,26848.668929472657,25.78
Gustavia hexapetala,Magnoliopsida,LC,640578.8618618592,56.01,119833.561982229,18.71,188172.87673564747,29.38
Gustavia longifolia,Magnoliopsida,NA,356026.9950537708,31.13,72237.83202672779,20.29,102254.9136640481,28.72
Gustavia nana,Magnoliopsida,LC,157774.03712456176,13.8,20039.409544108643,12.7,46012.48073389502,29.16
Gustavia poeppigiana,Magnoliopsida,LC,777892.5490268118,68.02,138063.8175764442,17.75,241534.25927527624,31.05
Gustavia pulchra,Magnoliopsida,LC,137347.37314210497,12.01,12429.296957166138,9.05,23080.418163603637,16.8
Gustavia romeroi,Magnoliopsida,VU,30576.182958809328,2.67,4892.84749357373,16,10602.992347636718,34.68
Gustavia speciosa,Magnoliopsida,NA,364288.82284316333,31.85,50868.22596384427,13.96,102993.83083656174,28.27
Gustavia superba,Magnoliopsida,LC,282268.89164680836,24.68,39183.24123960855,13.88,86473.03987512589,30.63
Gynoxys buxifolia,Magnoliopsida,NA,11861.409505103777,1.04,4025.059064784302,33.93,5396.462795658691,45.5
Gynoxys fuliginosa,Magnoliopsida,NA,14862.056695939122,1.3,4997.219035274658,33.62,7253.106635906494,48.8
Gynoxys hallii,Magnoliopsida,LC,3636.5339268226926,0.32,207.34897914453128,5.7,1319.0248671445313,36.27
Gyrocarpus americanus,Magnoliopsida,LC,131274.86153000352,11.48,11781.22174416797,8.97,48816.650782429686,37.19
Hackelia mexicana,Magnoliopsida,NA,122142.40562789654,10.68,31122.90587365654,25.48,41576.597943560286,34.04
Halenia adpressa,Magnoliopsida,NA,10741.315390411197,0.94,5594.62953184375,52.09,5733.946395515625,53.38
Halenia asclepiadea,Magnoliopsida,NA,28838.778806476268,2.52,10130.285118592652,35.13,11777.658484642578,40.84
Halenia elata,Magnoliopsida,NA,97433.2620789754,8.52,28632.19448185962,29.39,35752.82439421741,36.69
Halenia weddelliana,Magnoliopsida,NA,13910.606960497378,1.22,4575.521750391479,32.89,6406.473808133057,46.05
Hamelia axillaris,Magnoliopsida,NA,1103338.1776616736,96.47,194766.73155389653,17.65,326226.954718468,29.57
Hamelia calycosa,Magnoliopsida,LC,54143.56894205575,4.73,8239.26172669336,15.22,9576.294876672364,17.69
Hamelia macrantha,Magnoliopsida,LC,213247.00056484065,18.65,33245.660698050415,15.59,52215.91416644101,24.49
Hamelia patens,Magnoliopsida,LC,992726.6858586652,86.8,174387.73400198575,17.57,296944.3391610759,29.91
Hamelia xerocarpa,Magnoliopsida,LC,45213.77887951673,3.95,2846.6797193604734,6.3,4828.33017188855,10.68
Hampea albipetala,Magnoliopsida,LC,80303.52800051786,7.02,10910.246530785247,13.59,17308.129255907523,21.55
Hampea punctulata,Magnoliopsida,LC,150682.32830771533,13.18,18760.359528939574,12.45,40988.49825918338,27.2
Hampea thespesioides,Magnoliopsida,LC,133944.67634565505,11.71,18711.6630010667,13.97,31712.345987643926,23.68
Handroanthus barbatus,Magnoliopsida,NT,118374.5536189776,10.35,9458.1750569458,7.99,20125.704149785157,17
Handroanthus billbergii,Magnoliopsida,NA,68824.77941064985,6.02,5178.639949732239,7.52,23005.48065397052,33.43
Handroanthus capitatus,Magnoliopsida,VU,580528.3427197306,50.76,104953.14021586816,18.08,157637.98556666504,27.15
Handroanthus chrysanthus,Magnoliopsida,VU,1064907.9095332322,93.11,193053.4052313709,18.13,317076.8517871536,29.78
Handroanthus guayacan,Magnoliopsida,LC,1006769.069665312,88.03,171899.52646268706,17.07,299873.53501680127,29.79
Handroanthus incanus,Magnoliopsida,VU,440716.6799383552,38.53,99606.07086364062,22.6,141712.56697840625,32.16
Handroanthus obscurus,Magnoliopsida,LC,530354.584921783,46.37,112279.60835583594,21.17,169887.6936130542,32.03
Handroanthus ochraceus,Magnoliopsida,LC,716123.9751069066,62.62,110748.6161570644,15.47,225425.7708958002,31.48
Handroanthus serratifolius,Magnoliopsida,EN,743604.120338364,65.02,109232.07786685468,14.69,210775.35667811235,28.35
Hasseltia floribunda,Magnoliopsida,LC,1069385.783730126,93.5,189219.70079770245,17.69,314319.3863630935,29.39
Hebanthe grandiflora,Magnoliopsida,NA,451083.3022711313,39.44,89637.71480327872,19.87,155552.46739704142,34.48
Hebeclinium macrophyllum,Magnoliopsida,NA,892077.2926037317,78,148721.95611342398,16.67,264352.8509943823,29.63
Hebeclinium phoenicticum,Magnoliopsida,NA,55720.1717484246,4.87,15961.017553417783,28.64,20713.659923346193,37.17
Hebeclinium tetragonum,Magnoliopsida,NA,75681.16501120068,6.62,19147.08235787848,25.3,27605.86002996167,36.48
Hedyosmum angustifolium,Magnoliopsida,LC,181755.18559779783,15.89,34453.60902566538,18.96,56865.31860737041,31.29
Hedyosmum anisodorum,Magnoliopsida,LC,20100.323034957568,1.76,3439.621105861084,17.11,7030.754161275635,34.98
Hedyosmum bonplandianum,Magnoliopsida,LC,171101.0194123327,14.96,41427.99478103122,24.21,63108.48963525626,36.88
Hedyosmum colombianum,Magnoliopsida,LC,73531.47590763909,6.43,22848.061355669804,31.07,27297.242718889593,37.12
Hedyosmum crenatum,Magnoliopsida,LC,113334.29293939688,9.91,34635.402483486876,30.56,47481.9912429624,41.9
Hedyosmum cuatrecazanum,Magnoliopsida,LC,191086.05127899008,16.71,42922.72938478882,22.46,65211.60780006885,34.13
Hedyosmum cumbalense,Magnoliopsida,LC,95353.38083067987,8.34,27451.425905507935,28.79,38118.499879166506,39.98
Hedyosmum gentryi,Magnoliopsida,LC,125281.80503282434,10.95,21847.087390916226,17.44,38726.36216772422,30.91
Hedyosmum goudotianum,Magnoliopsida,LC,183722.51964712172,16.06,42817.46720582763,23.31,63515.432659465565,34.57
Hedyosmum luteynii,Magnoliopsida,LC,39426.090130989855,3.45,11090.580248547176,28.13,15600.10678991943,39.57
Hedyosmum parvifolium,Magnoliopsida,LC,25557.74498956461,2.23,8933.948317527587,34.96,9678.33136710742,37.87
Hedyosmum racemosum,Magnoliopsida,LC,197937.86637059023,17.31,42097.17150715985,21.27,66116.09388405285,33.4
Hedyosmum scaberrimum,Magnoliopsida,LC,143231.268507602,12.52,20496.013664556027,14.31,27249.365191682493,19.02
Hedyosmum scabrum,Magnoliopsida,LC,32441.1531497359,2.84,5976.37714338171,18.42,10956.493330683956,33.77
Hedyosmum sprucei,Magnoliopsida,LC,158081.96539176983,13.82,22461.63673393006,14.21,40534.27533712894,25.64
Hedyosmum translucidum,Magnoliopsida,LC,165729.47096577616,14.49,42191.23457116937,25.46,60108.02208444409,36.27
Heisteria acuminata,Magnoliopsida,LC,861853.1237710242,75.36,158138.13021094626,18.35,252868.2187042469,29.34
Heisteria barbata,Magnoliopsida,LC,579501.0692931651,50.67,113257.64574480348,19.54,171571.44980312206,29.61
Heisteria duckei,Magnoliopsida,NA,448185.4798279382,39.19,102203.62112036426,22.8,144808.59216549707,32.31
Heisteria insculpta,Magnoliopsida,LC,152959.08021337917,13.37,31176.5794787666,20.38,34138.075574766604,22.32
Heisteria latifolia,Magnoliopsida,LC,385039.2221046523,33.67,77760.00277183247,20.2,104528.08963286511,27.15
Heisteria nitida,Magnoliopsida,NA,545044.5775052841,47.66,116629.04275037348,21.4,184589.85852170503,33.87
Heisteria ovata,Magnoliopsida,LC,728051.0874035772,63.66,132284.27421686598,18.17,227512.64896094092,31.25
Heisteria pacifica,Magnoliopsida,LC,5424.59464475873,0.47,205.320216,3.78,405.164824,7.47
Heisteria scandens,Magnoliopsida,LC,843930.9991291503,73.79,149599.80490079016,17.73,244844.9240527516,29.01
Heisteria spruceana,Magnoliopsida,LC,519409.76117606345,45.42,109178.48751016652,21.02,165443.89378676465,31.85
Helianthostylis sprucei,Magnoliopsida,LC,733896.2719444535,64.17,133314.81744015947,18.17,223182.4875536748,30.41
Helicostylis elegans,Magnoliopsida,LC,448518.5649208273,39.22,102249.8024241621,22.8,145531.93706492774,32.45
Helicostylis scabra,Magnoliopsida,LC,593116.8518300898,51.86,113095.27263597264,19.07,175533.66618887012,29.6
Helicostylis tomentosa,Magnoliopsida,LC,865389.7500656465,75.67,149480.06418100372,17.27,234220.02989321903,27.07
Helicostylis tovarensis,Magnoliopsida,LC,205585.37125157056,17.98,38928.33240146061,18.94,64581.19701439005,31.41
Helicteres baruensis,Magnoliopsida,LC,285755.50980420865,24.99,48037.4981003985,16.81,99472.03050672144,34.81
Helicteres guazumifolia,Magnoliopsida,NA,429333.8301166839,37.54,55249.459142442385,12.87,106806.6460261548,24.88
Helicteres pentandra,Magnoliopsida,LC,152017.38151053863,13.29,31686.732333445067,20.84,56315.72375853198,37.05
Heliocarpus americanus,Magnoliopsida,LC,610078.0344306924,53.34,115112.42574701,18.87,188210.82950804295,30.85
Heliopsis helianthoides,Magnoliopsida,NA,118667.29782658754,10.38,21390.588604372377,18.03,36894.211515631345,31.09
Heliotropium angiospermum,Magnoliopsida,NA,204105.67242764644,17.85,26663.853547561463,13.06,64420.01432429584,31.56
Heliotropium arborescens,Magnoliopsida,NA,4577.630072743909,0.4,274.42633177001954,5.99,1553.6708037700196,33.94
Heliotropium curassavicum,Magnoliopsida,LC,49495.91407386466,4.33,3759.083363021484,7.59,16590.991965027344,33.52
Heliotropium indicum,Magnoliopsida,NA,795231.589512327,69.53,118848.20576422747,14.95,235899.74117787127,29.66
Helosis cayennensis,Magnoliopsida,NA,1000903.103087956,87.52,181688.59997695824,18.15,291261.64443824766,29.1
Henriettea cuneata,Magnoliopsida,LC,167453.32940394996,14.64,20649.066654114013,12.33,40738.838239174685,24.33
Henriettea fascicularis,Magnoliopsida,LC,765557.0288677365,66.94,146763.16264446813,19.17,223761.60742794,29.23
Henriettea goudotiana,Magnoliopsida,LC,592985.3280837447,51.85,95367.04619788312,16.08,173707.88563961376,29.29
Henriettea granulata,Magnoliopsida,LC,352314.2485237809,30.8,48466.04047800183,13.76,63494.01213990808,18.02
Henriettea lasiostylis,Magnoliopsida,LC,153112.30801579985,13.39,36410.409276,23.78,44522.961692,29.08
Henriettea lawrancei,Magnoliopsida,LC,172654.7975822562,15.1,22503.011615092775,13.03,34644.12587597872,20.07
Henriettea martiusii,Magnoliopsida,LC,93506.38955767846,8.18,6835.183793125,7.31,13682.7254985,14.63
Henriettea ovata,Magnoliopsida,LC,314642.76608880877,27.51,28426.58604666699,9.03,48764.849205404294,15.5
Henriettea ramiflora,Magnoliopsida,LC,430167.9436606944,37.61,77313.65302232624,17.97,118637.51104352954,27.58
Henriettea seemannii,Magnoliopsida,LC,560263.9883983816,48.99,87579.35920915887,15.63,143248.70164967,25.57
Henriettea spruceana,Magnoliopsida,LC,329460.6285731408,28.81,46885.37794767676,14.23,56666.888540239255,17.2
Henriettea stellaris,Magnoliopsida,LC,377019.9637020871,32.97,97629.95933604396,25.9,137063.62197229394,36.35
Henriettea trachyphylla,Magnoliopsida,LC,168676.8307044221,14.75,39311.82268128247,23.31,60165.105066528995,35.67
Henriettea tuberculosa,Magnoliopsida,LC,236210.90616666825,20.65,44626.56149464203,18.89,72727.63227812933,30.79
Henriettea verrucosa,Magnoliopsida,LC,492057.8439533984,43.02,93741.52766228704,19.05,132868.0464163114,27
Henriquezia nitida,Magnoliopsida,LC,57021.08890016515,4.99,2717.58662625,4.77,5206.18336225,9.13
Heppiella ulmifolia,Magnoliopsida,NA,58064.14029440238,5.08,15012.521828035244,25.86,22169.9961706387,38.18
Herissantia crispa,Magnoliopsida,NA,273555.8861082346,23.92,46943.38536831518,17.16,99003.69711679735,36.19
Hernandia didymantha,Magnoliopsida,LC,73576.41777235456,6.43,10147.38758650586,13.79,17601.567867697264,23.92
Herrania albiflora,Magnoliopsida,LC,169935.39548090447,14.86,19232.260778997803,11.32,57624.809068173585,33.91
Herrania mariae,Magnoliopsida,LC,264767.98939830664,23.15,83184.59705342578,31.42,121273.3231488008,45.8
Herrania nitida,Magnoliopsida,LC,506591.25299606513,44.29,108606.04649742092,21.44,164325.18962431423,32.44
Herrania nycterodendron,Magnoliopsida,LC,328131.90456915036,28.69,66474.92746554785,20.26,90078.07702254003,27.45
Herrania purpurea,Magnoliopsida,LC,91852.55871465371,8.03,13763.20024044336,14.98,24238.330103353517,26.39
Hesperomeles cuneata,Magnoliopsida,LC,0,0,0,NA,0,NA
Hesperomeles ferruginea,Magnoliopsida,LC,125192.46028039424,10.95,36281.00779365155,28.98,49073.72882138562,39.2
Hesperomeles goudotiana,Magnoliopsida,NA,24119.06169074528,2.11,7499.066581597413,31.09,8694.731177175294,36.05
Hesperomeles obtusifolia,Magnoliopsida,LC,92390.20423633528,8.08,30770.832778423384,33.31,38895.82818766736,42.1
Heterocondylus vitalbae,Magnoliopsida,NA,744188.1523826768,65.07,121961.41276812556,16.39,217596.83461006937,29.24
Heteropterys alata,Magnoliopsida,NA,273910.13097534975,23.95,41086.36453141052,15,68543.07041772472,25.02
Heteropterys atabapensis,Magnoliopsida,LC,29644.9623666399,2.59,0.76845025,0,2489.36518625,8.4
Heteropterys laurifolia,Magnoliopsida,LC,511716.4636049625,44.74,65177.8129451049,12.74,138581.0225146093,27.08
Heteropterys macradena,Magnoliopsida,NA,700137.9014301157,61.22,96482.65305050976,13.78,188586.75641787963,26.94
Heteropterys macrostachya,Magnoliopsida,NA,798125.6309000466,69.79,131566.75422339424,16.48,247755.25933540388,31.04
Heteropterys nervosa,Magnoliopsida,LC,633088.606394784,55.35,116629.39848211182,18.42,178652.65663676464,28.22
Heteropterys orinocensis,Magnoliopsida,NA,221733.2342904662,19.39,21422.388550916017,9.66,35062.756740830075,15.81
Heterostemon conjugatus,Magnoliopsida,LC,313831.56692623504,27.44,69793.945507417,22.24,95908.53828515136,30.56
Heterostemon ellipticus,Magnoliopsida,LC,154624.73546256713,13.52,33192.344448,21.47,34247.875296,22.15
Heterostemon mimosoides,Magnoliopsida,LC,345275.8057838793,30.19,56686.19945210645,16.42,69695.0668603252,20.19
Hevea benthamiana,Magnoliopsida,LC,461318.9857151383,40.34,82730.6646583113,17.93,119730.19922770312,25.95
Hevea brasiliensis,Magnoliopsida,LC,644446.2641635978,56.35,121887.41808755738,18.91,193253.8444188868,29.99
Hevea guianensis,Magnoliopsida,LC,665180.2400788688,58.16,116822.1614379336,17.56,180300.79748539065,27.11
Hevea nitida,Magnoliopsida,LC,391575.9665797026,34.24,99502.26587755884,25.41,152104.19416572267,38.84
Hevea pauciflora,Magnoliopsida,LC,342036.2173455826,29.91,60006.14438099609,17.54,84168.7959892461,24.61
Hibiscus furcellatus,Magnoliopsida,NA,868871.1853903156,75.97,136331.15035182488,15.69,254965.2255615858,29.34
Hibiscus peruvianus,Magnoliopsida,NA,674706.8089008714,58.99,120796.90129880076,17.9,187727.87180140332,27.82
Hibiscus phoeniceus,Magnoliopsida,NA,88844.93903996378,7.77,6140.427341496704,6.91,31461.691914476196,35.41
Hibiscus sororius,Magnoliopsida,NA,689114.1788603546,60.25,122729.8058730586,17.81,188500.12672749316,27.35
Hibiscus verbasciformis,Magnoliopsida,LC,898550.1771031896,78.57,164000.49847802208,18.25,266955.4308286114,29.71
Hieronyma alchorneoides,Magnoliopsida,LC,835709.0029734262,73.07,159080.38297809204,19.04,247638.12773135473,29.63
Hieronyma antioquensis,Magnoliopsida,LC,20412.35154916249,1.78,5127.303674829647,25.12,7825.417512372005,38.34
Hieronyma asperifolia,Magnoliopsida,LC,194192.1011077695,16.98,42264.894371937015,21.76,65415.72914183203,33.69
Hieronyma duquei,Magnoliopsida,LC,230372.64505385223,20.14,48600.88362645741,21.1,75290.67099727601,32.68
Hieronyma fendleri,Magnoliopsida,LC,216300.037896023,18.91,47993.45774489557,22.19,73196.48635911914,33.84
Hieronyma huilensis,Magnoliopsida,LC,152359.9513279361,13.32,37014.9948472199,24.29,53508.845675235774,35.12
Hieronyma macrocarpa,Magnoliopsida,LC,79415.32754086408,6.94,19985.325118602657,25.17,29607.00268209686,37.28
Hieronyma oblonga,Magnoliopsida,LC,1011210.8167886492,88.42,181232.16013434992,17.92,285595.3191320637,28.24
Hieronyma scabrida,Magnoliopsida,LC,131604.39351375346,11.51,26457.019364976983,20.1,41822.11210112725,31.78
Hillia illustris,Magnoliopsida,LC,703090.9879500968,61.48,153384.55335323163,21.82,233046.52185741003,33.15
Hillia macrophylla,Magnoliopsida,NA,225078.5655566411,19.68,44654.86891762064,19.84,70847.45895310721,31.48
Hillia parasitica,Magnoliopsida,NA,240793.59518214673,21.05,53105.28720035074,22.05,81529.83202324502,33.86
Hillia triflora,Magnoliopsida,NA,125.46333242457747,0.01,9.920411,7.91,9.920411,7.91
Hillia ulei,Magnoliopsida,NA,233978.03842435885,20.46,69782.29611659374,29.82,113385.81912446876,48.46
Himatanthus articulatus,Magnoliopsida,LC,926006.8170760444,80.97,147454.89252673017,15.92,258043.4661232802,27.87
Himatanthus attenuatus,Magnoliopsida,LC,273946.3718234324,23.95,35080.699010796874,12.81,46866.4811484375,17.11
Himatanthus phagedaenicus,Magnoliopsida,LC,463665.6365615442,40.54,101294.95001633887,21.85,145976.55664846383,31.48
Himatanthus semilunatus,Magnoliopsida,NA,41001.5658124242,3.59,0.76845025,0,2489.36518625,6.07
Himatanthus tarapotensis,Magnoliopsida,LC,410501.33512695384,35.89,99238.2480583706,24.17,150937.0172032505,36.77
Hippobroma longiflora,Magnoliopsida,NA,815705.9090346915,71.32,156815.14673591973,19.22,247461.52546153407,30.34
Pristimera verrucosa,Magnoliopsida,NA,85656.11559762146,7.49,5674.1094564328305,6.62,31160.967600855256,36.38
Hippocratea volubilis,Magnoliopsida,NA,774698.420749348,67.74,132456.88873551317,17.1,237000.16845291457,30.59
Hippotis albiflora,Magnoliopsida,LC,278557.730450497,24.36,41008.93940818105,14.72,70473.4132262563,25.3
Hippotis brevipes,Magnoliopsida,LC,426731.7116102691,37.31,73708.90936485046,17.27,106977.3374154591,25.07
Hippotis mollis,Magnoliopsida,LC,146720.94262958886,12.83,17868.921390957643,12.18,44828.51039779767,30.55
Hiraea fagifolia,Magnoliopsida,LC,879883.2552662463,76.93,157551.21129006337,17.91,245517.48130386535,27.9
Hiraea faginea,Magnoliopsida,NA,639769.8112089193,55.94,103889.75397514492,16.24,200134.6031469125,31.28
Hiraea reclinata,Magnoliopsida,LC,738056.1321731625,64.53,112828.23408710764,15.29,225979.35197335816,30.62
Hiraea ternifolia,Magnoliopsida,NA,401410.7680843506,35.1,46813.29894555957,11.66,92249.32396822612,22.98
Hirtella americana,Magnoliopsida,LC,766078.1849035019,66.98,123114.70794511958,16.07,242350.04587983535,31.64
Hirtella bicornis,Magnoliopsida,LC,537260.3611698253,46.98,107519.63939474495,20.01,190470.7594135384,35.45
Hirtella bullata,Magnoliopsida,LC,592247.1859968734,51.78,111271.4538365166,18.79,164682.2505215166,27.81
Hirtella burchellii,Magnoliopsida,LC,0,0,0,NA,0,NA
Hirtella duckei,Magnoliopsida,LC,220216.2411426497,19.25,43228.39853025,19.63,52420.92099425,23.8
Hirtella elongata,Magnoliopsida,LC,634771.8017221553,55.5,116387.4293481494,18.34,177315.2401808789,27.93
Hirtella eriandra,Magnoliopsida,NA,246198.82951871527,21.53,54431.01109860951,22.11,72576.49902997084,29.48
Hirtella guainiae,Magnoliopsida,LC,365235.466585257,31.93,89287.50592987989,24.45,122318.59791012989,33.49
Hirtella hispidula,Magnoliopsida,LC,501026.03704541863,43.81,99125.73891178382,19.78,148480.7066715763,29.64
Hirtella latifolia,Magnoliopsida,LC,35645.8217142409,3.12,3701.1381637070313,10.38,5497.178183285157,15.42
Hirtella mutisii,Magnoliopsida,LC,193088.4359557016,16.88,22529.114713746156,11.67,55955.09798937131,28.98
Hirtella paniculata,Magnoliopsida,LC,526738.2259873903,46.06,92111.31287953076,17.49,164161.97091079052,31.17
Hirtella physophora,Magnoliopsida,LC,682363.7612800223,59.66,128838.02071342958,18.88,225296.64032586047,33.02
Hirtella pilosissima,Magnoliopsida,LC,414845.8923928899,36.27,82056.19590984027,19.78,142617.4310998527,34.38
Hirtella punctillata,Magnoliopsida,LC,81477.65161568951,7.12,18083.8196,22.19,18197.515992,22.33
Hirtella racemosa,Magnoliopsida,LC,859293.9186813103,75.13,138048.9288172246,16.07,239707.11030686036,27.9
Hirtella scabra,Magnoliopsida,NA,77830.108829957,6.81,10773.46144225,13.84,13262.05817825,17.04
Hirtella schultesii,Magnoliopsida,LC,445467.33804216783,38.95,101102.936500542,22.7,143315.513472792,32.17
Hirtella triandra,Magnoliopsida,LC,849072.0485536902,74.24,154400.1995264208,18.18,258895.5686748739,30.49
Hirtella tubiflora,Magnoliopsida,LC,258101.27161961244,22.57,45858.1944618376,17.77,87955.00526645867,34.08
Hirtella ulei,Magnoliopsida,LC,328433.26712525747,28.72,74680.52594507813,22.74,105121.24372307812,32.01
Hoffmannia killipii,Magnoliopsida,NA,143262.0895213993,12.53,28470.01066484271,19.87,45961.932946817215,32.08
Hoffmannia latifolia,Magnoliopsida,NA,51411.14583010296,4.5,11897.872131272949,23.14,16795.418699677735,32.67
Hoffmannia longipetiolata,Magnoliopsida,NA,217422.3779340678,19.01,41485.617956943635,19.08,63953.01190876364,29.41
Hoffmannia pauciflora,Magnoliopsida,NA,217200.75633129175,18.99,47651.13067197067,21.94,73014.25070499649,33.62
Hoffmannia pittieri,Magnoliopsida,NA,115684.4900005754,10.12,23809.799755134216,20.58,37912.475688450075,32.77
Hoffmannia sprucei,Magnoliopsida,NA,254442.8384227893,22.25,50979.44515908771,20.04,76808.32754344653,30.19
Hoffmannia subauriculata,Magnoliopsida,NA,457934.742937638,40.04,75209.81908324469,16.42,138608.78933879442,30.27
Hoffmannia vesiculifera,Magnoliopsida,NA,0,0,0,NA,0,NA
Hoffmannia viridis,Magnoliopsida,NA,241222.247322652,21.09,38441.27233595923,15.94,65594.9190391551,27.19
Holodiscus argenteus,Magnoliopsida,LC,32219.424144383196,2.82,11396.93786122986,35.37,12790.853951142211,39.7
Homalium guianense,Magnoliopsida,LC,853527.4491250241,74.63,140035.4230835447,16.41,241404.5621870775,28.28
Homalium racemosum,Magnoliopsida,LC,872690.2876053918,76.3,140599.8471567329,16.11,243208.95642791456,27.87
Hortia brasiliana,Magnoliopsida,LC,1031532.2818009388,90.19,184872.42582009992,17.92,296835.82457137917,28.78
Huberodendron patinoi,Magnoliopsida,VU,187748.5934069368,16.42,22350.137221014436,11.9,41225.27717325229,21.96
Huberodendron swietenioides,Magnoliopsida,LC,39339.58454767184,3.44,7229.246322667968,18.38,11946.36050391797,30.37
Huertea glandulosa,Magnoliopsida,LC,306605.78444113245,26.81,47830.78684610666,15.6,74999.92555401163,24.46
Humiria balsamifera,Magnoliopsida,LC,686518.6205432761,60.03,84589.05768635131,12.32,144062.85515351171,20.98
Humiriastrum diguense,Magnoliopsida,LC,106560.27469922206,9.32,17923.097692624513,16.82,25474.24300140039,23.91
Humiriastrum piraparanense,Magnoliopsida,LC,493703.76083609497,43.17,101618.33045806152,20.58,152222.9717959375,30.83
Humiriastrum procerum,Magnoliopsida,VU,27113.60544196319,2.37,2765.6181305214845,10.2,3836.838764160156,14.15
Humiria wurdackii,Magnoliopsida,LC,56302.688073278536,4.92,943.95584225,1.68,3432.55257825,6.1
Hura crepitans,Magnoliopsida,LC,781032.0719288912,68.29,144376.23974646963,18.49,255577.7251994555,32.72
Hydrangea diplostemona,Magnoliopsida,NA,302869.2598216865,26.48,58034.34162275317,19.16,96345.62583038137,31.81
Hydrangea macrophylla,Magnoliopsida,NA,286562.7770094283,25.06,58753.22036164035,20.5,92966.7428475026,32.44
Hydrangea peruviana,Magnoliopsida,LC,174854.73586555227,15.29,39302.229697443414,22.48,59167.903344489554,33.84
Hydrochorea corymbosa,Magnoliopsida,LC,632136.2459746967,55.27,116189.26260595705,18.38,178581.65546863576,28.25
Hydrochorea marginata,Magnoliopsida,LC,425898.0842237266,37.24,66504.29839647461,15.62,91880.79208092771,21.57
Hydrocotyle bonplandii,Magnoliopsida,NA,156505.82842482088,13.68,38753.78131928096,24.76,55608.233702734906,35.53
Hydrocotyle humboldtii,Magnoliopsida,NA,114035.98858428496,9.97,31512.906885977784,27.63,43586.96315658008,38.22
Hydrocotyle leucocephala,Magnoliopsida,NA,476448.49110711913,41.66,91454.12202424988,19.19,131637.67889765717,27.63
Hydrocotyle mexicana,Magnoliopsida,NA,0,0,0,NA,0,NA
Hydrocotyle pusilla,Magnoliopsida,NA,344696.3948344058,30.14,61260.36885999544,17.77,101144.22567952596,29.34
Hydrocotyle umbellata,Magnoliopsida,LC,743275.0904525837,64.99,131623.09821949838,17.71,244905.39098167303,32.95
Hydrolea spinosa,Magnoliopsida,NA,374657.0299071981,32.76,40257.36914533165,10.75,93646.19560248812,25
Hygrophila costata,Magnoliopsida,NA,724716.2537880674,63.37,154530.27158697735,21.32,236214.65737736548,32.59
Hylenaea comosa,Magnoliopsida,LC,450212.264633476,39.36,102317.40763740332,22.73,146074.82783453615,32.45
Hymenaea courbaril,Magnoliopsida,LC,830005.5844810506,72.57,126529.18462972937,15.24,248148.80376270984,29.9
Hymenaea intermedia,Magnoliopsida,LC,372073.18851188733,32.53,92634.53152532812,24.9,134200.97888532814,36.07
Hymenaea oblongifolia,Magnoliopsida,LC,661711.7428600317,57.86,125218.3400714773,18.92,190527.3511797445,28.79
Hymenaea parvifolia,Magnoliopsida,LC,330034.72654073394,28.86,86619.58668024023,26.25,124677.62303224024,37.78
Hymenolobium heterocarpum,Magnoliopsida,NA,625336.7262844449,54.68,112566.21304001952,18,168950.3305691006,27.02
Hymenolobium pulcherrimum,Magnoliopsida,NA,557539.1985714647,48.75,115417.44135484888,20.7,169209.81300313622,30.35
Hyperbaena domingensis,Magnoliopsida,NA,151619.74954980946,13.26,13601.626311493592,8.97,19110.27422495282,12.6
Hypericum bolivaricum,Magnoliopsida,NA,61696.87093345805,5.39,19113.91018125717,30.98,24152.450594160793,39.15
Hypericum brevistylum,Magnoliopsida,NA,10363.499620889515,0.91,1687.7482766018063,16.29,4410.314404515869,42.56
Hypericum cardonae,Magnoliopsida,NA,20948.655303291504,1.83,8343.723652480941,39.83,9716.77877833058,46.38
Hypericum goyanesii,Magnoliopsida,NA,14565.055301254388,1.27,6371.415655878662,43.74,7043.221033068604,48.36
Hypericum humboldtianum,Magnoliopsida,NA,158083.98291856103,13.82,38222.18424748615,24.18,59073.096362869386,37.37
Hypericum jaramilloi,Magnoliopsida,NA,21674.62778474929,1.9,8003.755508062637,36.93,9938.759841551897,45.85
Hypericum juniperinum,Magnoliopsida,NA,55090.809787889055,4.82,18905.409269295946,34.32,22566.297668667037,40.96
Hypericum lancioides,Magnoliopsida,NA,54399.23529461442,4.76,19446.272122317856,35.75,24706.6579106667,45.42
Hypericum laricifolium,Magnoliopsida,LC,67521.29417200883,5.9,21065.056631234344,31.2,27371.791825404933,40.54
Hypericum mexicanum,Magnoliopsida,NA,34580.53508018213,3.02,10072.305568952912,29.13,12262.785714442958,35.46
Hypericum myricariifolium,Magnoliopsida,LC,13311.626514873074,1.16,5858.507974560059,44.01,6308.97737251416,47.39
Hypericum prostratum,Magnoliopsida,LC,11270.341897624165,0.99,5457.159571599121,48.42,5854.355906567383,51.94
Hypericum silenoides,Magnoliopsida,NA,111427.09731226918,9.74,28858.29110558226,25.9,40450.36455390648,36.3
Hypericum strictum,Magnoliopsida,NA,33968.78813552595,2.97,12455.867706131836,36.67,13941.338284803223,41.04
Hypericum thesiifolium,Magnoliopsida,NA,193069.58442710884,16.88,45677.124254476505,23.66,68000.7347029237,35.22
Hypochaeris sessiliflora,Magnoliopsida,NA,48743.395235855314,4.26,17870.874657006105,36.66,22219.560593697755,45.58
Hypoestes phyllostachya,Magnoliopsida,NA,157328.05607793308,13.76,29462.528790089356,18.73,49172.2532449668,31.25
Hyptidendron arboreum,Magnoliopsida,LC,209240.1065059558,18.3,35083.574425956205,16.77,59947.26063316107,28.65
Hyptis atrorubens,Magnoliopsida,NA,919058.965465912,80.36,161986.5842112791,17.63,261955.8887103601,28.5
Hyptis brachiata,Magnoliopsida,NA,580096.2205374272,50.72,95676.3364609895,16.49,183080.1778726743,31.56
Hyptis brevipes,Magnoliopsida,NA,880880.0293878185,77.02,140952.0783774155,16,245336.1316575381,27.85
Hyptis capitata,Magnoliopsida,NA,823572.9342676491,72.01,135014.7973378883,16.39,243959.5438760812,29.62
Hyptis conferta,Magnoliopsida,NA,380503.9375845075,33.27,62643.888352670896,16.46,106088.3727050879,27.88
Hyptis dilatata,Magnoliopsida,NA,410047.93200702337,35.85,65103.790775100584,15.88,109047.14983504884,26.59
Hyptis lantanifolia,Magnoliopsida,NA,882458.4283961056,77.16,162265.6297681306,18.39,282207.7905472754,31.98
Hyptis obtusiflora,Magnoliopsida,NA,322553.7725361853,28.2,48767.656087930955,15.12,83196.85783400644,25.79
Hyptis parkeri,Magnoliopsida,NA,331552.0394156071,28.99,52068.58518214587,15.7,67100.49153305212,20.24
Hyptis personata,Magnoliopsida,NA,213512.59316329012,18.67,34663.38001374451,16.23,57719.53020395978,27.03
Hyptis recurvata,Magnoliopsida,NA,960304.1077759368,83.97,164514.41114384076,17.13,264109.97455002356,27.5
Hyptis sinuata,Magnoliopsida,NA,349468.09397824714,30.56,64303.6601419213,18.4,104791.41138381576,29.99
Hyptis vilis,Magnoliopsida,NA,310767.74692906963,27.17,46508.65412478516,14.97,71656.93162915991,23.06
Ichthyothere scandens,Magnoliopsida,NA,280817.4604148,24.55,50268.8591368994,17.9,80888.60759141594,28.8
Ichthyothere terminalis,Magnoliopsida,NA,645691.2865869936,56.46,107030.52230754572,16.58,187128.2271147738,28.98
Ilex danielis,Magnoliopsida,LC,112298.202912125,9.82,25008.886251740692,22.27,40875.683715185,36.4
Ilex divaricata,Magnoliopsida,LC,385829.8075106859,33.74,88057.13288532813,22.82,129986.46186132812,33.69
Ilex guayusa,Magnoliopsida,LC,575174.0436888502,50.29,108962.61793049592,18.94,156506.23371199096,27.21
Ilex guianensis,Magnoliopsida,LC,690463.4582334562,60.37,130365.3687348514,18.88,204537.00952264923,29.62
Ilex inundata,Magnoliopsida,LC,198154.5229176237,17.33,38244.18742050488,19.3,41720.92308816504,21.05
Ilex kunthiana,Magnoliopsida,LC,89310.88712450024,7.81,24930.236420593297,27.91,34019.3142645408,38.09
Ilex laureola,Magnoliopsida,LC,742216.6031180504,64.9,129063.7799944464,17.39,208977.22077058896,28.16
Ilex laurina,Magnoliopsida,LC,185424.58472405665,16.21,41631.91881217859,22.45,63368.551493909545,34.17
Ilex maxima,Magnoliopsida,LC,115173.00036432504,10.07,19939.14109292865,17.31,28923.64826500525,25.11
Ilex myricoides,Magnoliopsida,LC,46682.9554408871,4.08,14071.14837920755,30.14,18323.536657325163,39.25
Ilex nervosa,Magnoliopsida,LC,163533.3067262864,14.3,38220.141370759455,23.37,55333.22575283196,33.84
Ilex obtusata,Magnoliopsida,LC,61828.33900466444,5.41,20322.24488995462,32.87,24695.54179916336,39.94
Ilex pernervata,Magnoliopsida,LC,184802.13241417505,16.16,44390.64915474548,24.02,63175.767999511525,34.19
Ilex retusa,Magnoliopsida,LC,2.562529445821077,0,0,0,0,0
Ilex uniflora,Magnoliopsida,EN,56897.779118064704,4.97,17609.069983486388,30.95,23273.524878151733,40.9
Ilex yurumanguinis,Magnoliopsida,LC,177865.56640826084,15.55,35296.42587653946,19.84,56100.51306550888,31.54
Impatiens balsamina,Magnoliopsida,NA,266189.33512015146,23.27,52761.66115729636,19.82,83938.2706604432,31.53
Impatiens walleriana,Magnoliopsida,NA,230922.356066806,20.19,41906.789139713626,18.15,70387.02212121307,30.48
Indigofera hirsuta,Magnoliopsida,NA,592313.2776836243,51.79,87761.82937467529,14.82,182696.9790638374,30.84
Indigofera lespedezioides,Magnoliopsida,NA,608292.4241330487,53.19,87178.90132782892,14.33,167427.80965828116,27.52
Indigofera subulata,Magnoliopsida,NA,467617.9977026731,40.89,77747.482114583,16.63,149959.1649085039,32.07
Indigofera suffruticosa,Magnoliopsida,NA,672528.0475695003,58.8,133612.55936457936,19.87,241172.68249603955,35.86
Inga acreana,Magnoliopsida,LC,702026.3556068306,61.38,130948.1487961333,18.65,212204.94951939752,30.23
Inga acrocephala,Magnoliopsida,LC,736351.4060405521,64.38,156013.28481262646,21.19,239938.75607225928,32.58
Inga acuminata,Magnoliopsida,LC,1006014.2369180724,87.96,184626.95678076163,18.35,295291.869996239,29.35
Inga affinis,Magnoliopsida,LC,616886.98159587,53.94,96227.6652637619,15.6,199396.47416197168,32.32
Inga alba,Magnoliopsida,LC,866802.5785074042,75.79,144878.17182061565,16.71,230928.2091269188,26.64
Inga auristellae,Magnoliopsida,LC,400895.87910908787,35.05,105032.35693791628,26.2,156781.10881309595,39.11
Inga bourgoni,Magnoliopsida,LC,712758.0129440369,62.32,121900.16807244434,17.1,191602.4418171885,26.88
Inga brachyrhachis,Magnoliopsida,LC,520534.6906617273,45.51,111276.47870382229,21.38,168490.3653702571,32.37
Inga capitata,Magnoliopsida,LC,699089.1853438122,61.13,122196.16395007356,17.48,188870.8607683089,27.02
Inga cayennensis,Magnoliopsida,LC,978605.816650763,85.57,178719.891872244,18.26,276236.8686217472,28.23
Inga chartacea,Magnoliopsida,LC,698077.6987086618,61.04,140154.0157585481,20.08,216540.08616643265,31.02
Inga ciliata,Magnoliopsida,LC,904823.1952801312,79.11,170602.9244490909,18.85,265035.30259292823,29.29
Inga cinnamomea,Magnoliopsida,LC,862256.2124242622,75.39,172881.56176444658,20.05,270468.0548074993,31.37
Inga cocleensis,Magnoliopsida,LC,680664.5461182228,59.51,94576.76798098256,13.89,158815.30102729058,23.33
Inga cordatoalata,Magnoliopsida,LC,339801.53146740486,29.71,86235.71151817309,25.38,124489.10961434888,36.64
Inga coruscans,Magnoliopsida,LC,1051559.1409166616,91.94,189687.92697759296,18.04,306344.54710518016,29.13
Inga cylindrica,Magnoliopsida,LC,745923.976518756,65.22,127430.80480088084,17.08,197174.4462269775,26.43
Inga densiflora,Magnoliopsida,LC,833729.1161569639,72.9,157773.75049795245,18.92,243782.32837763795,29.24
Inga edulis,Magnoliopsida,LC,965564.3052761604,84.43,168216.54102886817,17.42,267560.7355465164,27.71
Inga fastuosa,Magnoliopsida,LC,745339.6851118115,65.17,159487.70409961895,21.4,240597.48062236595,32.28
Inga feuillei,Magnoliopsida,NA,102548.32343787646,8.97,25416.51839603778,24.78,37641.54733987879,36.71
Inga gracilifolia,Magnoliopsida,LC,604924.6566199998,52.89,114074.46426415724,18.86,167910.33650121972,27.76
Inga gracilior,Magnoliopsida,LC,988120.2516668251,86.4,176338.39279094397,17.85,283508.3067282821,28.69
Inga hayesii,Magnoliopsida,LC,982674.0603244648,85.92,178631.2304750663,18.18,303602.46906015056,30.9
Inga heterophylla,Magnoliopsida,LC,874612.4374694426,76.47,139689.04575038946,15.97,246546.20067822657,28.19
Inga ingoides,Magnoliopsida,LC,668086.0997196571,58.41,122369.77262887338,18.32,218856.45431262295,32.76
Inga jefensis,Magnoliopsida,LC,6865.544968657819,0.6,2138.606093214844,31.15,2988.352857152344,43.53
Inga lallensis,Magnoliopsida,LC,723722.04722825,63.28,139165.90892414778,19.23,224989.4737010364,31.09
Inga laurina,Magnoliopsida,LC,966643.2193092804,84.52,178481.12702251764,18.46,283573.05289654055,29.34
Inga macrophylla,Magnoliopsida,LC,962261.9484179912,84.14,167723.58795175442,17.43,269294.9233615578,27.99
Inga marginata,Magnoliopsida,LC,713388.1377818707,62.38,144595.43833902924,20.27,221410.19010889684,31.04
Inga megaphylla,Magnoliopsida,LC,269180.8936367181,23.54,81499.58197727051,30.28,117248.337896583,43.56
Inga multijuga,Magnoliopsida,LC,951179.0154414228,83.17,179842.34858431792,18.91,281713.8849274065,29.62
Inga multinervis,Magnoliopsida,LC,426202.2617063646,37.27,74559.2752316571,17.49,103116.26854590808,24.19
Inga nobilis,Magnoliopsida,LC,940733.4515641782,82.25,165792.22951191087,17.62,258741.3299830381,27.5
Inga oerstediana,Magnoliopsida,LC,781774.5093433249,68.36,142258.26503890843,18.2,224992.25557579967,28.78
Inga ornata,Magnoliopsida,LC,284474.643138891,24.87,46269.97705068851,16.27,83375.6351735022,29.31
Inga pezizifera,Magnoliopsida,LC,950166.0349060596,83.08,176676.67065081964,18.59,283607.3108645389,29.85
Inga pilosula,Magnoliopsida,LC,592394.8150966009,51.8,111107.94385927053,18.76,164654.23999915333,27.79
Inga polita,Magnoliopsida,LC,611878.8908352467,53.5,128110.21661633324,20.94,182388.62494167505,29.81
Inga pruriens,Magnoliopsida,LC,550746.853116316,48.16,121947.86791843773,22.14,198954.05754660635,36.12
Inga punctata,Magnoliopsida,LC,878361.6609784004,76.8,157881.59861886632,17.97,246559.70915253673,28.07
Inga rubiginosa,Magnoliopsida,LC,723781.0717105638,63.28,153240.06499891388,21.17,237593.37253611867,32.83
Inga ruiziana,Magnoliopsida,LC,603876.6081192761,52.8,124327.95072518144,20.59,188322.7324251665,31.19
Inga samanensis,Magnoliopsida,LC,270795.0310080499,23.68,40496.56987902911,14.95,71264.29071511695,26.32
Inga sapindoides,Magnoliopsida,LC,1090237.9723947989,95.33,193991.5551794783,17.79,323605.84858469095,29.68
Inga sertulifera,Magnoliopsida,LC,881816.1131534223,77.1,151986.19035519724,17.24,242187.85043883932,27.46
Inga setosa,Magnoliopsida,LC,734879.633552806,64.26,121852.91925223956,16.58,210360.81449150073,28.63
Inga sierrae,Magnoliopsida,LC,150046.42597810732,13.12,31947.022159286193,21.29,47675.15570416431,31.77
Inga spectabilis,Magnoliopsida,LC,919778.1579025344,80.42,171853.74886014467,18.68,266661.15107692714,28.99
Inga splendens,Magnoliopsida,LC,495830.60568849987,43.35,93894.20258554016,18.94,133985.0152816056,27.02
Inga stenoptera,Magnoliopsida,LC,620574.1053398263,54.26,117123.40968445266,18.87,182850.83848404785,29.46
Inga stipulacea,Magnoliopsida,LC,588015.2095321539,51.41,123294.25748272358,20.97,190236.73014302837,32.35
Inga stipularis,Magnoliopsida,LC,634822.0524808246,55.51,117308.66141910935,18.48,181595.2129650576,28.61
Inga striata,Magnoliopsida,LC,309333.2975384626,27.05,55743.15647604181,18.02,100301.3619757066,32.43
Inga tenuistipula,Magnoliopsida,LC,637705.4578987174,55.76,120622.88334109806,18.92,182653.7435466404,28.64
Inga thibaudiana,Magnoliopsida,LC,953335.5842060248,83.36,160673.34861851763,16.85,260359.18071118547,27.31
Inga umbellifera,Magnoliopsida,LC,988831.0020123284,86.46,174365.1439976288,17.63,288278.77960701863,29.15
Inga umbratica,Magnoliopsida,LC,350863.1573629356,30.68,93965.890646884,26.78,142489.511781705,40.61
Inga velutina,Magnoliopsida,LC,866822.0477023527,75.79,173884.1587288465,20.06,263196.5149227273,30.36
Inga venusta,Magnoliopsida,LC,568980.4482937631,49.75,102089.82077528848,17.94,153307.46464767147,26.94
Inga vera,Magnoliopsida,LC,909745.9274840008,79.54,159302.32891430054,17.51,290184.6727332645,31.9
Inga villosissima,Magnoliopsida,NA,770565.0013928789,67.38,167553.69129670953,21.74,251498.4416961978,32.64
Inga yacoana,Magnoliopsida,LC,218656.34432099372,19.12,62851.73134521191,28.74,88290.38519321191,40.38
Iochroma fuchsioides,Magnoliopsida,NA,17790.075339052837,1.56,2640.597472574219,14.84,6246.183515002197,35.11
Iochroma gesnerioides,Magnoliopsida,LC,31870.201902823384,2.79,8370.302529273988,26.26,11903.550676605346,37.35
Ipomoea alba,Magnoliopsida,LC,613801.0153743614,53.67,124955.47600929777,20.36,222206.69387858317,36.2
Ipomoea argentea,Magnoliopsida,NA,365265.6991969931,31.94,57364.39637565528,15.7,97927.91355379102,26.81
Ipomoea aristolochiifolia,Magnoliopsida,NA,188432.78994858163,16.48,41739.301022477826,22.15,64129.0216973985,34.03
Ipomoea asarifolia,Magnoliopsida,NA,13978.837858825304,1.22,945.0470258554687,6.76,1093.9914164101565,7.83
Ipomoea batatas,Magnoliopsida,DD,932800.7127515618,81.56,177988.67352694416,19.08,265513.37629268115,28.46
Ipomoea batatoides,Magnoliopsida,NA,1002570.9772666374,87.66,183820.1971488867,18.33,292440.1648169053,29.17
Ipomoea carnea,Magnoliopsida,NA,256305.62594170432,22.41,28022.170028551485,10.93,73365.31911030799,28.62
Ipomoea dumetorum,Magnoliopsida,NA,12876.67875290493,1.13,2024.0175561955568,15.72,5137.188900109619,39.9
Ipomoea hederifolia,Magnoliopsida,NA,311304.68384113413,27.22,51497.95590264696,16.54,97601.66698766184,31.35
Ipomoea incarnata,Magnoliopsida,NA,154400.2426142459,13.5,26601.096264089647,17.23,53055.66637756105,34.36
Ipomoea indica,Magnoliopsida,NA,571278.9555789267,49.95,116289.12708735888,20.36,191639.23266884,33.55
Ipomoea mauritiana,Magnoliopsida,NA,784867.9437844696,68.63,130171.82144743066,16.59,224092.60177133788,28.55
Ipomoea nil,Magnoliopsida,NA,381105.51134877314,33.32,50996.362542726776,13.38,109232.96824952582,28.66
Ipomoea philomega,Magnoliopsida,NA,774878.9263242963,67.75,153136.1000256415,19.76,234724.8054839814,30.29
Ipomoea purpurea,Magnoliopsida,NA,203649.5770401007,17.81,47081.7482705755,23.12,70309.82369609058,34.52
Ipomoea quamoclit,Magnoliopsida,NA,727331.6762995196,63.6,122270.76376196631,16.81,235835.95927899997,32.42
Ipomoea ramosissima,Magnoliopsida,LC,611705.9150499714,53.49,79845.07322272687,13.05,161718.40370166235,26.44
Ipomoea regnellii,Magnoliopsida,NA,479503.1133767612,41.93,89116.48067900901,18.59,155821.21529540475,32.5
Ipomoea reticulata,Magnoliopsida,NA,291384.0832074121,25.48,58760.23233514456,20.17,105493.0404769031,36.2
Ipomoea schomburgkii,Magnoliopsida,NA,276795.8560456214,24.2,29419.87544478418,10.63,52226.47558688867,18.87
Ipomoea squamosa,Magnoliopsida,NA,880279.177486785,76.97,139433.10210524267,15.84,244617.9843454458,27.79
Ipomoea tiliacea,Magnoliopsida,LC,984437.430376179,86.08,174470.55770798182,17.72,294505.52105129906,29.92
Ipomoea trifida,Magnoliopsida,LC,838832.7270058086,73.34,144165.78983247216,17.19,270754.542194687,32.28
Iresine angustifolia,Magnoliopsida,NA,233688.7502045729,20.43,27911.51553031793,11.94,77737.73454898752,33.27
Iresine diffusa,Magnoliopsida,NA,319222.70579886454,27.91,65594.05395209772,20.55,102721.77381353224,32.18
Irlbachia nemorosa,Magnoliopsida,NA,301487.16946184135,26.36,56039.01275750366,18.59,69411.38404287866,23.02
Iryanthera coriacea,Magnoliopsida,LC,360728.849056262,31.54,88659.68517332812,24.58,130449.69291732812,36.16
Iryanthera crassifolia,Magnoliopsida,LC,404476.0487643024,35.37,99755.99455359275,24.66,141743.12850937402,35.04
Iryanthera elliptica,Magnoliopsida,LC,518915.0914996689,45.37,109230.11186200782,21.05,161627.89785999048,31.15
Iryanthera hostmannii,Magnoliopsida,LC,938484.9716039656,82.06,162676.67120854207,17.33,272848.12597545324,29.07
Iryanthera juruensis,Magnoliopsida,LC,483868.17724083783,42.31,107472.68650051368,22.21,163306.08361699805,33.75
Iryanthera laevis,Magnoliopsida,LC,666829.9439733888,58.31,118457.87971279272,17.76,182264.07616434252,27.33
Iryanthera lancifolia,Magnoliopsida,LC,397067.84225534665,34.72,96501.0130883618,24.3,143438.5674319712,36.12
Iryanthera macrophylla,Magnoliopsida,LC,334018.8971747262,29.21,90102.4548869336,26.98,137118.81055488673,41.05
Iryanthera megistophylla,Magnoliopsida,LC,119327.5850699377,10.43,16971.638920105102,14.22,20837.28830077551,17.46
Iryanthera obovata,Magnoliopsida,LC,382376.1180950363,33.43,95814.93471610938,25.06,137100.01407610936,35.85
Iryanthera paradoxa,Magnoliopsida,LC,232693.25970944745,20.35,51218.88638543848,22.01,63259.06682237598,27.19
Iryanthera paraensis,Magnoliopsida,LC,470066.6791555074,41.1,83472.77147372338,17.76,129027.5651786378,27.45
Iryanthera polyneura,Magnoliopsida,LC,283632.04637936864,24.8,78553.55160513477,27.7,105261.27680139258,37.11
Iryanthera tessmannii,Magnoliopsida,LC,116588.11836629364,10.19,25579.392896,21.94,27625.433056,23.69
Iryanthera tricornis,Magnoliopsida,LC,314204.28268982406,27.47,84639.0119370791,26.94,119977.17976048536,38.18
Isertia haenkeana,Magnoliopsida,LC,385983.0131236469,33.75,68403.52212429003,17.72,137793.61080609093,35.7
Isertia hypoleuca,Magnoliopsida,LC,549448.627953342,48.04,118096.36672676758,21.49,184383.09941157812,33.56
Isertia laevis,Magnoliopsida,LC,959729.500561282,83.92,176292.54119960082,18.37,276683.62612343894,28.83
Isertia parviflora,Magnoliopsida,LC,304149.495020582,26.59,29066.363063193236,9.56,47033.06656052893,15.46
Isertia pittieri,Magnoliopsida,LC,210056.66078974097,18.37,31673.428265176604,15.08,53276.6126241795,25.36
Isertia rosea,Magnoliopsida,LC,436714.25303124206,38.18,79210.05633000146,18.14,112645.21495890942,25.79
Kohleria warszewiczii,Magnoliopsida,NA,42339.525686354515,3.7,7717.5255211867825,18.23,12627.627456193344,29.82
Ixora acuminatissima,Magnoliopsida,NA,465140.7412198027,40.67,66528.10429335156,14.3,108934.95037751464,23.42
Ixora coccinea,Magnoliopsida,NA,733670.6400941716,64.15,129376.79601253691,17.63,209898.95600478785,28.61
Ixora killipii,Magnoliopsida,LC,406630.6769345376,35.55,78085.11575887818,19.2,110951.84786202222,27.29
Ixora panurensis,Magnoliopsida,LC,268781.3195073972,23.5,67649.2456042443,25.17,97508.54457730093,36.28
Ixora sparsifolia,Magnoliopsida,LC,484628.0875087888,42.37,103890.11537783893,21.44,150997.9086274927,31.16
Jablonskia congesta,Magnoliopsida,LC,143230.57119769548,12.52,36221.330432,25.29,44247.4168,30.89
Jacaranda caucana,Magnoliopsida,LC,648202.1209235827,56.68,114871.79456461052,17.72,213134.46276466025,32.88
Jacaranda copaia,Magnoliopsida,LC,1039312.3207641796,90.87,170910.1814165418,16.44,295740.29002617137,28.46
Jacaranda glabra,Magnoliopsida,LC,126013.2295283693,11.02,9310.054036299804,7.39,10484.862212541992,8.32
Jacaranda hesperia,Magnoliopsida,LC,149289.02004342314,13.05,16393.049190442995,10.98,28765.922320093297,19.27
Jacaranda macrocarpa,Magnoliopsida,NA,166699.00975357724,14.58,41475.4649815,24.88,62530.5288015,37.51
Jacaranda mimosifolia,Magnoliopsida,VU,258194.04523233697,22.58,53375.75398469366,20.67,86139.36271424353,33.36
Jacaranda obtusifolia,Magnoliopsida,LC,739198.8689479915,64.63,129908.21670966355,17.57,224034.82264218555,30.31
Jacaratia digitata,Magnoliopsida,LC,609923.9577108747,53.33,115354.02663977636,18.91,179439.97940398633,29.42
Jacaratia spinosa,Magnoliopsida,LC,946646.3141861605,82.77,178290.34926234285,18.83,284399.8287939524,30.04
Jacquemontia pentanthos,Magnoliopsida,NA,513134.3825127008,44.87,70471.53460929566,13.73,155114.54403026283,30.23
Jacquemontia tamnifolia,Magnoliopsida,NA,874721.8952142835,76.48,151318.76231011085,17.3,280285.92720155907,32.04
Jaegeria hirta,Magnoliopsida,NA,181325.40618882715,15.85,43972.88619000909,24.25,63833.890650889894,35.2
Jaltomata procumbens,Magnoliopsida,NA,137324.19917251964,12.01,26124.667454468323,19.02,40624.57318222803,29.58
Jaltomata sinuosa,Magnoliopsida,NA,60451.080271417115,5.29,11072.153071541992,18.32,17947.98874837079,29.69
Jaltomata viridiflora,Magnoliopsida,NA,99300.48394813648,8.68,26850.291144129023,27.04,38450.249438566774,38.72
Jatropha curcas,Magnoliopsida,LC,903260.5451133394,78.98,149468.49555063373,16.55,270281.5200024691,29.92
Jatropha gossypiifolia,Magnoliopsida,LC,655206.7017521648,57.29,129389.22613476632,19.75,241686.4473978337,36.89
Jatropha integerrima,Magnoliopsida,LC,641477.4375950128,56.09,118177.99537225516,18.42,220294.00383133232,34.34
Joosia umbellifera,Magnoliopsida,LC,254172.30790715455,22.22,43756.24130234308,17.22,74559.64035692725,29.33
Juanulloa speciosa,Magnoliopsida,NA,162971.83015771554,14.25,40962.43718707697,25.13,58752.187016352065,36.05
Jubelina wilburii,Magnoliopsida,NA,115299.00674133471,10.08,17343.84615388928,15.04,35144.1240912937,30.48
Juglans neotropica,Magnoliopsida,EN,159514.93099704754,13.95,37785.2208513172,23.69,55971.71296307934,35.09
Jungia coarctata,Magnoliopsida,NA,138226.93435575828,12.09,36356.20509440057,26.3,49954.00402226386,36.14
Jungia ferruginea,Magnoliopsida,NA,83232.98779292041,7.28,24837.766531416015,29.84,32379.72966374553,38.9
Ludwigia erecta,Magnoliopsida,NA,1024638.2758793453,89.59,178722.64432033387,17.44,306964.7409466715,29.96
Justicia bracteosa,Magnoliopsida,NA,112532.96610097306,9.84,8711.143819291015,7.74,41730.976677689454,37.08
Justicia calycina,Magnoliopsida,NA,365887.7306048689,31.99,104925.4650551127,28.68,163704.18993385293,44.74
Justicia filibracteolata,Magnoliopsida,NA,343253.03069474443,30.01,55422.64569455106,16.15,96850.32570674512,28.22
Justicia scansilis,Magnoliopsida,NA,86180.98841090077,7.54,27316.577664,31.7,28356.334816,32.9
Kalanchoe pinnata,Magnoliopsida,NA,609829.7809906462,53.32,105351.94695596008,17.28,161006.5155742328,26.4
Kalbreyeriella rostellata,Magnoliopsida,NA,625058.3579863138,54.65,133758.0406705026,21.4,208746.1182767191,33.4
Klaprothia fasciculata,Magnoliopsida,NA,253568.6524292013,22.17,47308.60401311942,18.66,76997.60099180094,30.37
Klaprothia mentzelioides,Magnoliopsida,NA,149858.53271168363,13.1,35149.03104360322,23.45,52279.09122093315,34.89
Klarobelia anomala,Magnoliopsida,LC,265051.5071196734,23.18,51674.1759416781,19.5,81978.35336711575,30.93
Klarobelia cauliflora,Magnoliopsida,LC,91209.69021459253,7.98,14380.452844516602,15.77,14824.486348516602,16.25
Kohleria affinis,Magnoliopsida,NA,206682.9777617472,18.07,45884.548093521546,22.2,69387.54979954103,33.57
Kohleria hirsuta,Magnoliopsida,NA,332711.6611593428,29.09,65684.5676126992,19.74,107616.00646015424,32.35
Kohleria inaequalis,Magnoliopsida,NA,124935.80715183484,10.92,28286.630224816225,22.64,43696.5764130271,34.98
Kohleria spicata,Magnoliopsida,NA,209950.36282999956,18.36,35258.199203281765,16.79,58757.66645615793,27.99
Kohleria tigridia,Magnoliopsida,NA,273883.2931177866,23.95,59037.836619766706,21.56,84785.51615887597,30.96
Kohleria trianae,Magnoliopsida,NA,50036.72126965216,4.38,12041.460471003846,24.07,18205.97548552527,36.39
Kohleria tubiflora,Magnoliopsida,NA,452397.7702523132,39.56,65497.30497466507,14.48,127820.92134868648,28.25
Kohleria villosa,Magnoliopsida,NA,3581.6202599591634,0.31,90.390192125,2.52,475.303312125,13.27
Kutchubaea oocarpa,Magnoliopsida,NA,258510.22964132435,22.6,68375.72185815625,26.45,95761.64974153123,37.04
Kutchubaea semisericea,Magnoliopsida,NA,238439.49322799713,20.85,49495.3417203916,20.76,70856.59669219628,29.72
Kutchubaea sericantha,Magnoliopsida,NA,284581.49359054194,24.88,77996.82996216114,27.41,108411.89746555177,38.1
Lablab purpureus,Magnoliopsida,NA,192867.56396185776,16.86,38338.514646494325,19.88,61596.73335825476,31.94
Lacistema aggregatum,Magnoliopsida,LC,1036669.037462527,90.64,184979.35330309515,17.84,301316.93229034013,29.07
Lacistema nena,Magnoliopsida,LC,382694.2861821071,33.46,88342.25474224829,23.08,130502.44288035326,34.1
Lacmellea arborescens,Magnoliopsida,LC,447924.40424132225,39.16,87868.64434002436,19.62,134125.24857891526,29.94
Lacmellea edulis,Magnoliopsida,LC,808975.431822192,70.73,149559.72077728924,18.49,234852.49533641376,29.03
Lacmellea floribunda,Magnoliopsida,LC,676254.2918778976,59.13,123836.1436102588,18.31,186866.50391982007,27.63
Lacmellea foxii,Magnoliopsida,LC,176349.64165929143,15.42,44840.658948765624,25.43,78355.74063670312,44.43
Lacmellea microcarpa,Magnoliopsida,LC,211778.97315927903,18.52,34019.495378515625,16.06,51994.40966051562,24.55
Lacmellea oblongata,Magnoliopsida,LC,98974.50753420604,8.65,19161.827484371825,19.36,20409.149484114012,20.62
Lacmellea panamensis,Magnoliopsida,LC,106033.44195573134,9.27,15573.752879504638,14.69,29446.96589619507,27.77
Lacmellea pygmaea,Magnoliopsida,NA,25533.077043484223,2.23,3078.24736225,12.06,5565.12121825,21.8
Lacmellea ramosissima,Magnoliopsida,LC,630443.4900641755,55.12,116521.505153063,18.48,179691.08456889162,28.5
Lacmellea speciosa,Magnoliopsida,LC,679779.4301710313,59.44,135797.70534271488,19.98,210323.1250583796,30.94
Lacunaria crenata,Magnoliopsida,LC,866428.7289253955,75.76,153706.34564351873,17.74,244275.2915434594,28.19
Lacunaria jenmanii,Magnoliopsida,LC,890329.4778235222,77.85,149696.65308400642,16.81,250766.57356952748,28.17
Lacunaria macrostachya,Magnoliopsida,LC,362204.3780161349,31.67,68099.4509408789,18.8,110441.1085088711,30.49
Ladenbergia amazonensis,Magnoliopsida,LC,347909.0189725724,30.42,83663.42632958764,24.05,131112.65256952005,37.69
Ladenbergia lambertiana,Magnoliopsida,LC,426132.6279258054,37.26,89997.031251503,21.12,150878.42843931488,35.41
Ladenbergia macrocarpa,Magnoliopsida,LC,258243.45842699747,22.58,54977.79476446411,21.29,79011.84007539552,30.6
Ladenbergia muzonensis,Magnoliopsida,LC,716717.0307923452,62.67,131728.47929049688,18.38,217424.69783545384,30.34
Ladenbergia pittieri,Magnoliopsida,LC,452466.5130322671,39.56,77605.97719117944,17.15,133872.87201565233,29.59
Laestadia muscicola,Magnoliopsida,NA,106449.76600332098,9.31,31140.8614359259,29.25,42083.22630030968,39.53
Lafoensia acuminata,Magnoliopsida,LC,132890.11409149304,11.62,26384.127379749396,19.85,40267.98622748152,30.3
Lafoensia punicifolia,Magnoliopsida,LC,611610.9227699299,53.48,124535.01418345608,20.36,235289.35118132157,38.47
Lagascea mollis,Magnoliopsida,NA,283385.58128230565,24.78,41200.39562423918,14.54,95420.06864850847,33.67
Laguncularia racemosa,Magnoliopsida,LC,122754.21182717732,10.73,13954.421948397096,11.37,41897.09374519397,34.13
Lamourouxia virgata,Magnoliopsida,NA,34038.70998359731,2.98,7637.953252425842,22.44,11216.867686396972,32.95
Langsdorffia hypogaea,Magnoliopsida,NA,253552.59371034455,22.17,51388.31387782321,20.27,80889.10675339347,31.9
Lantana camara,Magnoliopsida,NA,1008944.5102080188,88.22,182709.60612565844,18.11,288319.2499538686,28.58
Lantana canescens,Magnoliopsida,NA,309842.71237895964,27.09,62506.039340424286,20.17,103235.80590332558,33.32
Lantana cujabensis,Magnoliopsida,NA,647912.3055919501,56.65,121800.61488489748,18.8,186811.83947187377,28.83
Lantana fucata,Magnoliopsida,NA,176739.40794075918,15.45,32198.168765667953,18.22,53792.05539366728,30.44
Lantana hirta,Magnoliopsida,NA,15326.0637349496,1.34,2718.628812375732,17.74,4835.936530024658,31.55
Lantana rugulosa,Magnoliopsida,NA,83179.5876579626,7.27,13460.681987732674,16.18,22946.991679001167,27.59
Lantana trifolia,Magnoliopsida,NA,832872.0407652267,72.82,145377.1840527918,17.45,239268.0794957803,28.73
Laportea aestuans,Magnoliopsida,NA,912296.7406305004,79.77,171632.2491978894,18.81,275475.5473775151,30.2
Lasiocephalus ovatus,Magnoliopsida,NA,1626.4561777385338,0.14,106.132096,6.53,679.04096,41.75
Lathyrus magellanicus,Magnoliopsida,LC,60737.16793903637,5.31,19514.331772220183,32.13,24354.79512194363,40.1
Nectandra globosa,Magnoliopsida,LC,730902.1050479079,63.91,108915.08750647795,14.9,171394.8423164595,23.45
Laxoplumeria tessmannii,Magnoliopsida,LC,647480.5677120519,56.61,118891.0906677539,18.36,183464.78243312793,28.34
Lecythis ampla,Magnoliopsida,LC,121021.55100868124,10.58,17132.141379366683,14.16,29713.14995359752,24.55
Lecythis chartacea,Magnoliopsida,LC,316450.89306311734,27.67,58406.023701778075,18.46,83225.6835280122,26.3
Lecythis minor,Magnoliopsida,LC,124069.43655513032,10.85,10368.155620261474,8.36,45049.22473890039,36.31
Lecythis pisonis,Magnoliopsida,NA,544373.2908949133,47.6,107118.81999989452,19.68,158051.40701381373,29.03
Lecythis tuyrana,Magnoliopsida,LC,136872.40067993233,11.97,16620.878165898437,12.14,49863.19166275,36.43
Lehmanniella splendens,Magnoliopsida,NA,141351.9336348779,12.36,22932.531235750397,16.22,41206.73430127634,29.15
Leonia crassa,Magnoliopsida,LC,585544.7164984506,51.2,115062.69535854006,19.65,176127.43583618212,30.08
Leonia cymosa,Magnoliopsida,LC,680475.8205663435,59.5,124697.5004120684,18.33,189670.076863062,27.87
Leonia glycycarpa,Magnoliopsida,LC,639904.9644373045,55.95,117281.69264629712,18.33,180014.00317282122,28.13
Leonia racemosa,Magnoliopsida,LC,454594.6094533303,39.75,104514.071936292,22.99,159367.49486333496,35.06
Leonia triandra,Magnoliopsida,LC,164758.6688296796,14.41,18727.7472384895,11.37,31392.95079794873,19.05
Leonotis nepetifolia,Magnoliopsida,NA,343252.1301932302,30.01,64867.41627490802,18.9,117698.48731819996,34.29
Lepechinia bullata,Magnoliopsida,NA,70081.11705880187,6.13,14033.002327315977,20.02,22007.27658017114,31.4
Lepechinia conferta,Magnoliopsida,NA,95303.08343943536,8.33,24541.370296386285,25.75,34672.07549583125,36.38
Lepechinia salviifolia,Magnoliopsida,NA,28818.97880072934,2.52,4649.640266655273,16.13,6787.218256852783,23.55
Lepidaploa canescens,Magnoliopsida,NA,529578.2446139357,46.3,81743.98928067528,15.44,124783.29956759787,23.56
Lepidaploa karstenii,Magnoliopsida,NA,15811.260988618777,1.38,1831.0114461875,11.58,2207.335110501709,13.96
Lepidaploa lehmannii,Magnoliopsida,NA,342582.799182187,29.95,62738.31458093731,18.31,95283.80842867433,27.81
Lepidium bipinnatifidum,Magnoliopsida,NA,94638.99204136497,8.27,24492.37079103381,25.88,35598.63154751038,37.62
Lepidium virginicum,Magnoliopsida,NA,177234.14291579888,15.5,40669.68739165802,22.95,61712.352109671934,34.82
Leptothyrsa sprucei,Magnoliopsida,LC,166383.01048935685,14.55,35989.6646622666,21.63,43183.7704862666,25.95
Leretia cordata,Magnoliopsida,LC,449261.88614069554,39.28,113066.75617479098,25.17,179921.66936263646,40.05
Leucaena leucocephala,Magnoliopsida,NA,454322.5186756163,39.72,92011.81253949716,20.25,165681.13969432068,36.47
Leucaena trichodes,Magnoliopsida,LC,37801.84424487675,3.31,3754.3962898164064,9.93,8324.978957339843,22.02
Leucocarpus perfoliatus,Magnoliopsida,NA,124325.1067486267,10.87,29885.041153048645,24.04,42967.94087137823,34.56
Liabum asclepiadeum,Magnoliopsida,NA,231320.9593893353,20.23,42312.268701252746,18.29,69488.81360198608,30.04
Liabum igniarium,Magnoliopsida,NA,86968.31130813182,7.6,16929.51080937604,19.47,26055.462421141845,29.96
Liabum solidagineum,Magnoliopsida,NA,7562.078855771712,0.66,470.6779330595703,6.22,2362.681701036133,31.24
Liabum stipulatum,Magnoliopsida,NA,166821.75719311516,14.59,38888.26233802374,23.31,55698.633762937745,33.39
Libidibia coriaria,Magnoliopsida,LC,107801.28779088444,9.43,8257.242254591796,7.66,37621.738558845704,34.9
Libidibia glabrata,Magnoliopsida,LC,19594.03146875886,1.71,1457.1930054023435,7.44,3816.107011949219,19.48
Libidibia punctata,Magnoliopsida,LC,87923.44383119814,7.69,5939.101753760742,6.75,30383.34179388086,34.56
Licania bracteata,Magnoliopsida,NA,95784.70867228064,8.38,27423.288608,28.63,28015.627296,29.25
Licania canescens,Magnoliopsida,LC,499453.1536532863,43.67,85423.11320359424,17.1,118395.69643499608,23.71
Licania coriacea,Magnoliopsida,LC,113375.84110395367,9.91,8442.94764025,7.45,11370.69970625,10.03
Licania gracilipes,Magnoliopsida,LC,352426.9927065982,30.81,84864.2205371875,24.08,121213.8820571875,34.39
Licania harlingii,Magnoliopsida,LC,624567.5368959181,54.61,123422.13763069813,19.76,184243.00846666735,29.5
Licania heteromorpha,Magnoliopsida,LC,427762.1669408976,37.4,59187.56089677344,13.84,84373.73323977344,19.72
Licania hypoleuca,Magnoliopsida,LC,869542.9966993585,76.03,145530.30929492615,16.74,246420.7100985255,28.34
Licania kunthiana,Magnoliopsida,LC,677744.552590526,59.26,114311.49926092224,16.87,205259.5186892696,30.29
Licania lanceolata,Magnoliopsida,NT,83836.34939932654,7.33,9284.84499425,11.07,11773.44173025,14.04
Licania micrantha,Magnoliopsida,LC,908019.295399486,79.39,153997.23132140693,16.96,257741.78883915997,28.39
Licania mollis,Magnoliopsida,LC,544124.7806726595,47.58,94130.76144570996,17.3,136164.56831576466,25.02
Licania octandra,Magnoliopsida,LC,276611.74471000663,24.19,68925.55724909375,24.92,92470.43670134374,33.43
Licania parvifructa,Magnoliopsida,LC,401016.0411837784,35.06,55789.960695686525,13.91,90076.15855741016,22.46
Licania savannarum,Magnoliopsida,LC,143509.58574589703,12.55,21761.741045078124,15.16,27159.02055907813,18.92
Licania stewardii,Magnoliopsida,LC,50010.335062522856,4.37,7563.776,15.12,7563.776,15.12
Licania steyermarkii,Magnoliopsida,LC,456781.0403051067,39.94,85502.90232046875,18.72,137669.17258509374,30.14
Licania triandra,Magnoliopsida,LC,439970.24109395896,38.47,101225.68522802406,23.01,143319.92885933653,32.57
Licaria applanata,Magnoliopsida,LC,166212.00287032092,14.53,32298.03626927838,19.43,50690.81459900769,30.5
Licaria armeniaca,Magnoliopsida,LC,374723.8706761134,32.76,99433.2913573064,26.54,146448.82209748242,39.08
Licaria canella,Magnoliopsida,LC,660962.8032051354,57.79,140818.80874601452,21.31,215928.6221239447,32.67
Licaria crassifolia,Magnoliopsida,LC,401721.6593198703,35.12,98569.74711482196,24.54,149263.08485126524,37.16
Licaria guianensis,Magnoliopsida,LC,974151.5951862364,85.18,172771.87107675287,17.74,286415.8469507777,29.4
Licaria macrophylla,Magnoliopsida,LC,300241.7143540335,26.25,70027.2060928955,23.32,100867.8903496455,33.6
Licaria triandra,Magnoliopsida,LC,669496.9090196163,58.54,112362.3171619524,16.78,197257.68123986767,29.46
Lilaeopsis schaffneriana,Magnoliopsida,NA,20697.86963643111,1.81,7891.055165843261,38.12,9252.3309440979,44.7
Lindackeria laurina,Magnoliopsida,LC,323350.0864685832,28.27,41717.16729524359,12.9,85272.40527333948,26.37
Lindackeria paludosa,Magnoliopsida,LC,635272.4376245567,55.55,117255.92804413282,18.46,181616.75374827636,28.59
Linum usitatissimum,Magnoliopsida,NA,143943.02382047626,12.59,31239.61854570735,21.7,48975.22109980562,34.02
Lippia alba,Magnoliopsida,NA,1012224.5313667662,88.5,185585.83576012927,18.33,304240.69181594497,30.06
Lippia americana,Magnoliopsida,LC,532864.4234258713,46.59,91760.58407369164,17.22,174580.91581058252,32.76
Lippia hirsuta,Magnoliopsida,LC,124157.15564543572,10.86,31055.822000063283,25.01,43329.50146243773,34.9
Lippia origanoides,Magnoliopsida,NA,193071.86354754053,16.88,33821.10019391027,17.52,60044.87398475982,31.1
Lippia schlimii,Magnoliopsida,LC,161529.02720159056,14.12,37148.294250618346,23,54639.3125946759,33.83
Lissocarpa benthamii,Magnoliopsida,LC,9384.206088097168,0.82,0,0,617.694784,6.58
Lissocarpa kating,Magnoliopsida,NT,123825.53435861586,10.83,28425.415312,22.96,30538.825584,24.66
Llagunoa nitida,Magnoliopsida,LC,25970.07024105749,2.27,3913.284272623787,15.07,6523.067790753547,25.12
Nasa triphylla,Magnoliopsida,NA,181379.9104668494,15.86,36973.58835105554,20.38,59146.92967301691,32.61
Lobelia laxiflora,Magnoliopsida,NA,1486.6967045027548,0.13,6.171043,0.42,856.81801,57.63
Lobelia tenera,Magnoliopsida,NA,28293.487885568044,2.47,8415.443281161133,29.74,10748.428322744629,37.99
Lonchocarpus atropurpureus,Magnoliopsida,LC,111557.39930118334,9.75,10371.527334194336,9.3,41680.86549751074,37.36
Lonchocarpus heptaphyllus,Magnoliopsida,LC,733670.814878206,64.15,139702.19329695922,19.04,217974.81984588053,29.71
Lonchocarpus macrophyllus,Magnoliopsida,LC,254617.4130750959,22.26,24856.175674013182,9.76,66500.96548591358,26.12
Lophanthera longifolia,Magnoliopsida,LC,161166.54676917082,14.09,25993.440463265622,16.13,30831.881443265625,19.13
Loricaria complanata,Magnoliopsida,NA,54141.53775254359,4.73,19666.283708387084,36.32,24321.283082081663,44.92
Loricaria ilinissae,Magnoliopsida,NA,188.03281020455205,0.02,0,0,87.8868,46.74
Loricaria thuyoides,Magnoliopsida,NA,25993.774096516783,2.27,8172.42424532193,31.44,11230.927672033782,43.21
Lourteigia stoechadifolia,Magnoliopsida,LC,22871.057107505167,2,6870.0851717338255,30.04,7491.821093780579,32.76
Lozanella enantiophylla,Magnoliopsida,LC,163812.85975861546,14.32,39306.14388013879,23.99,57184.29303627954,34.91
Lozania klugii,Magnoliopsida,LC,605671.2070164825,52.96,135224.426221261,22.33,205079.3892574613,33.86
Lozania mutisiana,Magnoliopsida,LC,257502.095716724,22.51,48020.128742790745,18.65,74588.46924616616,28.97
Lozania pittieri,Magnoliopsida,LC,9868.471850117308,0.86,1966.3723872148437,19.93,2822.7399071523437,28.6
Ludwigia affinis,Magnoliopsida,NA,870499.6749175825,76.11,158031.02739934766,18.15,249440.06574525085,28.65
Ludwigia decurrens,Magnoliopsida,NA,977253.5174766792,85.45,160076.35119917034,16.38,276510.4144081646,28.29
Ludwigia helminthorrhiza,Magnoliopsida,NA,434135.5249057266,37.96,34771.402599660156,8.01,89665.16403369718,20.65
Ludwigia hyssopifolia,Magnoliopsida,LC,962072.2344185904,84.12,157454.607937151,16.37,256781.78734862953,26.69
Ludwigia inclinata,Magnoliopsida,NA,677696.0857153364,59.26,120359.66753052734,17.76,185789.0660527295,27.41
Ludwigia latifolia,Magnoliopsida,NA,820409.2489919515,71.73,151098.79194703186,18.42,232433.72385618128,28.33
Ludwigia leptocarpa,Magnoliopsida,LC,901795.7096679412,78.85,150856.55772012792,16.73,262312.31327373144,29.09
Ludwigia nervosa,Magnoliopsida,LC,776725.4124502833,67.91,111732.65063799047,14.39,212758.96153783496,27.39
Ludwigia octovalvis,Magnoliopsida,LC,1011850.5529918148,88.47,179998.48004703442,17.79,306270.4203599585,30.27
Ludwigia peploides,Magnoliopsida,NA,684808.029614906,59.88,96305.67693236348,14.06,188120.2447930281,27.47
Ludwigia peruviana,Magnoliopsida,NA,319018.53082211653,27.89,61353.26102505798,19.23,97574.9907548219,30.59
Ludwigia rigida,Magnoliopsida,NA,385945.46830116486,33.75,60530.86272565527,15.68,101431.58728283692,26.28
Luehea cymulosa,Magnoliopsida,LC,430165.69482948264,37.61,101942.54883433592,23.7,148707.86864106348,34.57
Luehea seemannii,Magnoliopsida,LC,644802.4586605357,56.38,96253.130778569,14.93,181633.67173656385,28.17
Luehea speciosa,Magnoliopsida,LC,707690.0595978159,61.88,112087.20301036462,15.84,222279.84061146752,31.41
Lueheopsis althaeiflora,Magnoliopsida,LC,407040.2972661848,35.59,85407.18024399121,20.98,117803.24055224122,28.94
Luffa aegyptiaca,Magnoliopsida,NA,1099253.6688867258,96.11,188612.84094598697,17.16,318681.88013440394,28.99
Luffa sepium,Magnoliopsida,NA,127051.77264716337,11.11,13029.945255201172,10.26,49107.9904040564,38.65
Lunania parviflora,Magnoliopsida,LC,260683.8624994823,22.79,56337.24538241772,21.61,96297.798220927,36.94
Lundia corymbifera,Magnoliopsida,NA,843143.8522592763,73.72,144322.55677411848,17.12,271883.91757316823,32.25
Lundia densiflora,Magnoliopsida,NA,816006.9706684103,71.35,139472.92807528606,17.09,242189.52647366596,29.68
Lundia puberula,Magnoliopsida,NA,1071510.4544700142,93.69,179384.98857584235,16.74,307900.6828755867,28.74
Lupinus alopecuroides,Magnoliopsida,NA,7923.269043448676,0.69,4072.145522507813,51.39,4337.471311898437,54.74
Lupinus bogotensis,Magnoliopsida,LC,70693.5792619483,6.18,22215.10312442392,31.42,28658.91063017636,40.54
Lupinus microphyllus,Magnoliopsida,LC,10604.419673912618,0.93,4382.047900463379,41.32,5439.985266637207,51.3
Lupinus pubescens,Magnoliopsida,LC,3141.7862861693056,0.27,299.70065112548826,9.54,1418.1607206254882,45.14
Lupinus ramosissimus,Magnoliopsida,LC,7514.562796443427,0.66,812.0839974406738,10.81,2933.1135293547363,39.03
Lupinus tauris,Magnoliopsida,NA,4094.490087965259,0.36,502.95230440283206,12.28,1836.9843803168944,44.86
Lycianthes acidochondra,Magnoliopsida,NA,86147.40050998972,7.53,10607.04901411914,12.31,13013.576885402344,15.11
Lycianthes acutifolia,Magnoliopsida,NA,174576.05380768643,15.26,43006.12799667437,24.63,62791.59730728002,35.97
Lycianthes inaequilatera,Magnoliopsida,NA,313266.1375602006,27.39,48420.17713979175,15.46,82690.95521651758,26.4
Lycianthes lycioides,Magnoliopsida,NA,72374.5174089683,6.33,13088.644840091249,18.08,22585.648421448852,31.21
Lycianthes medusocalyx,Magnoliopsida,NA,348209.48926497845,30.45,60443.46198987955,17.36,84962.37679235883,24.4
Lycianthes pauciflora,Magnoliopsida,NA,542727.7989396913,47.45,99734.01432552376,18.38,153610.22722443653,28.3
Lycianthes radiata,Magnoliopsida,LC,254726.29259801377,22.27,54087.90292229344,21.23,82871.88950894115,32.53
Lycianthes synanthera,Magnoliopsida,LC,187487.8897381263,16.39,55092.91591134082,29.38,86528.54867370288,46.15
Lycoseris crocata,Magnoliopsida,NA,171644.3969374395,15.01,22570.898951623534,13.15,60573.951551915525,35.29
Lycoseris mexicana,Magnoliopsida,NA,162008.3221320506,14.17,27351.24737443219,16.88,49242.61798930103,30.4
Lycoseris triplinervia,Magnoliopsida,NA,712784.2088644387,62.32,102354.44155997208,14.36,208077.6802555699,29.19
Lysipomia laciniata,Magnoliopsida,NA,38988.15134317254,3.41,14219.95474178003,36.47,16424.85177697998,42.13
Mabea anadena,Magnoliopsida,LC,130170.07329524682,11.38,22578.51388944629,17.35,24151.0035426416,18.55
Mabea angularis,Magnoliopsida,LC,311525.8074643288,27.24,84050.15155962083,26.98,119667.87133550365,38.41
Mabea frutescens,Magnoliopsida,VU,5249.617454613012,0.46,0,0,1078.241152,20.54
Mabea klugii,Magnoliopsida,LC,1041365.9418712278,91.05,186277.92163244556,17.89,307275.2992133242,29.51
Mabea montana,Magnoliopsida,LC,814203.535222888,71.19,130443.00949281373,16.02,244000.41732086375,29.97
Mabea nitida,Magnoliopsida,LC,632505.8890595208,55.3,116123.11310290576,18.36,176991.49016943507,27.98
Mabea occidentalis,Magnoliopsida,LC,834294.7426609652,72.95,158834.60916933446,19.04,256653.41230083417,30.76
Mabea piriri,Magnoliopsida,LC,640447.8545585518,56,120083.09600685816,18.75,184219.7361470181,28.76
Mabea pulcherrima,Magnoliopsida,LC,333077.3355473723,29.12,61420.96803493585,18.44,85351.39624244635,25.63
Mabea speciosa,Magnoliopsida,LC,465196.7239865401,40.67,105901.70877412207,22.76,155540.69905792674,33.44
Mabea standleyi,Magnoliopsida,LC,96552.1706482033,8.44,18053.732390991212,18.7,18539.683346991213,19.2
Mabea subsessilis,Magnoliopsida,LC,428546.9644726696,37.47,102193.5547632002,23.85,142474.482032333,33.25
Mabea trianae,Magnoliopsida,LC,403593.3279736666,35.29,71512.29506297217,17.72,125758.0422739414,31.16
Macairea lasiophylla,Magnoliopsida,NA,158432.5590221054,13.85,25947.68074429977,16.38,45569.71012979831,28.76
Macairea rufescens,Magnoliopsida,NA,172850.4487139349,15.11,28008.454662515625,16.2,47557.44984251563,27.51
Macairea stylosa,Magnoliopsida,LC,34847.42481663902,3.05,0.76845025,0,2475.95821025,7.11
Macairea thyrsiflora,Magnoliopsida,LC,498544.9870905767,43.59,88429.00088609375,17.74,140576.53273378126,28.2
Macbrideina peruviana,Magnoliopsida,LC,264427.78920282325,23.12,39937.23820712587,15.1,69117.19504139145,26.14
Machaerium arboreum,Magnoliopsida,LC,237509.72566902233,20.77,25155.07394476941,10.59,70469.00098257491,29.67
Machaerium aristulatum,Magnoliopsida,LC,712428.0626398004,62.29,121524.71009637232,17.06,208800.97312119603,29.31
Machaerium biovulatum,Magnoliopsida,LC,665563.3982475805,58.19,92508.05329764802,13.9,178583.73779201278,26.83
Machaerium capote,Magnoliopsida,LC,187840.27930242647,16.42,18324.398387695495,9.76,60203.822306195434,32.05
Machaerium cuspidatum,Magnoliopsida,LC,472126.4916170338,41.28,93020.36916073217,19.7,150200.07401107097,31.81
Machaerium ferox,Magnoliopsida,LC,584596.325142898,51.11,106478.44483913282,18.21,157543.17118953908,26.95
Machaerium floribundum,Magnoliopsida,LC,820219.9162370036,71.72,145351.43970167145,17.72,223821.59991285505,27.29
Machaerium inundatum,Magnoliopsida,LC,472925.2087890611,41.35,80887.72940910156,17.1,115570.77381046092,24.44
Machaerium isadelphum,Magnoliopsida,LC,768382.9569527775,67.18,119607.99099985335,15.57,239289.37336694996,31.14
Machaerium kegelii,Magnoliopsida,LC,725554.5928202324,63.44,112864.04623760498,15.56,226435.74120155344,31.21
Machaerium leiophyllum,Magnoliopsida,LC,969470.7879275624,84.77,171891.69772460396,17.73,287792.0246766814,29.69
Machaerium macrophyllum,Magnoliopsida,LC,566664.8131229456,49.55,88479.27513085937,15.61,141869.18543938574,25.04
Machaerium madeirense,Magnoliopsida,LC,647630.2867815231,56.63,118873.19050241796,18.36,183482.7320936787,28.33
Machaerium multifoliolatum,Magnoliopsida,LC,311553.80006972724,27.24,87088.20395095377,27.95,124565.42967774282,39.98
Machaerium quinata,Magnoliopsida,LC,907346.8371457268,79.33,149102.85791491016,16.43,255514.79479961388,28.16
Machaerium robiniifolium,Magnoliopsida,NA,301311.0776942719,26.35,45603.739532435306,15.14,100655.6362673538,33.41
Machaerium seemannii,Magnoliopsida,LC,41352.39649438702,3.62,7031.962260416992,17,8977.385829213867,21.71
Machaonia acuminata,Magnoliopsida,LC,88274.11557372307,7.72,9979.01261810791,11.3,15573.674528111573,17.64
Macleania bullata,Magnoliopsida,NA,2265.8379938812577,0.2,42.078102796875,1.86,210.737830796875,9.3
Macleania macrantha,Magnoliopsida,NA,4330.364639595126,0.38,154.41131546191406,3.57,1270.822627461914,29.35
Macleania pentaptera,Magnoliopsida,NA,142168.1687584337,12.43,24198.85075728155,17.02,33524.52308903244,23.58
Macleania rupestris,Magnoliopsida,LC,84452.3056928255,7.38,27264.731847679537,32.28,34894.73604938571,41.32
Macleania smithiana,Magnoliopsida,NA,93745.19381542163,8.2,9604.90924662683,10.25,12174.951120318268,12.99
Macleania stricta,Magnoliopsida,NA,146223.44340195897,12.79,26066.40202859735,17.83,40555.7687455257,27.74
Maclura tinctoria,Magnoliopsida,LC,561345.7572353426,49.08,93419.59058137244,16.64,187746.28844960377,33.45
Macoubea guianensis,Magnoliopsida,LC,505109.89004474954,44.16,106159.60612895606,21.02,151574.70435041675,30.01
Macoubea sprucei,Magnoliopsida,LC,435820.2326093779,38.11,97987.77898190236,22.48,139570.91876120897,32.02
Macrocarpaea glabra,Magnoliopsida,NA,27409.561597551572,2.4,9268.81658200415,33.82,10594.795890028076,38.65
Macrocarpaea macrophylla,Magnoliopsida,LC,181528.02369946157,15.87,38658.917643436704,21.3,59185.14359580872,32.6
Macrocnemum roseum,Magnoliopsida,LC,811630.7768667134,70.97,149693.408166109,18.44,267476.4001176314,32.96
Macrolobium acaciifolium,Magnoliopsida,LC,614306.2522408495,53.71,112526.46565222656,18.32,168519.61538310253,27.43
Macrolobium angustifolium,Magnoliopsida,LC,750162.1979555397,65.59,125737.14881609814,16.76,199963.78688910697,26.66
Macrolobium bifolium,Magnoliopsida,LC,853344.0812633357,74.61,140280.51391170447,16.44,243330.05730854737,28.51
Macrolobium colombianum,Magnoliopsida,LC,320522.3248995028,28.03,60900.22727400571,19,100958.97155978788,31.5
Macrolobium discolor,Magnoliopsida,NA,407682.95916695165,35.65,97750.18717332812,23.98,140160.02499732812,34.38
Macrolobium gracile,Magnoliopsida,LC,453815.90648518526,39.68,78643.66227839941,17.33,121447.8884001452,26.76
Macrolobium ischnocalyx,Magnoliopsida,LC,457362.5243868349,39.99,68563.34641968738,14.99,110499.29627232964,24.16
Macrolobium limbatum,Magnoliopsida,LC,390133.9880433788,34.11,95590.26388658496,24.5,144928.89956038966,37.15
Macrolobium longipes,Magnoliopsida,LC,203484.4317506315,17.79,18285.70736552344,8.99,29748.186352671873,14.62
Macrolobium microcalyx,Magnoliopsida,LC,322148.099896477,28.17,91192.45144636328,28.31,133189.2308586758,41.34
Macrolobium multijugum,Magnoliopsida,LC,520829.76108249224,45.54,83761.02542876368,16.08,119089.48465660744,22.87
Macrolobium rubrum,Magnoliopsida,NA,132525.36996705036,11.59,10859.200055015624,8.19,15227.553987015624,11.49
Macrolobium suaveolens,Magnoliopsida,LC,290380.5797858467,25.39,59069.80419773926,20.34,76854.21197067676,26.47
Macropharynx spectabilis,Magnoliopsida,NA,210196.32755292908,18.38,25137.250695263738,11.96,47108.56189723242,22.41
Macroptilium atropurpureum,Magnoliopsida,NA,631073.1259202495,55.18,110874.00515843109,17.57,184496.58948394813,29.24
Macroptilium gracile,Magnoliopsida,NA,401568.77522758127,35.11,66191.17150494824,16.48,111701.45596212696,27.82
Macroptilium lathyroides,Magnoliopsida,NA,904493.4963802778,79.09,155897.838217596,17.24,287041.1798794734,31.74
Macrosamanea amplissima,Magnoliopsida,LC,285383.92057056405,24.95,76443.9536781875,26.79,106683.86870225,37.38
Macrosamanea discolor,Magnoliopsida,LC,92820.12250086984,8.12,6813.8981005,7.34,15697.84793375,16.91
Macrosamanea pubiramea,Magnoliopsida,LC,461673.8304223522,40.37,75889.3386139375,16.44,102979.85265351564,22.31
Macrosamanea simabifolia,Magnoliopsida,LC,49277.19785579816,4.31,1467.19008225,2.98,3955.78681825,8.03
Macrosamanea spruceana,Magnoliopsida,LC,137689.1941975935,12.04,32664.89728,23.72,37119.58832,26.96
Macroscepis hirsuta,Magnoliopsida,NA,694690.6189174422,60.74,110348.76790032086,15.88,207043.29041690225,29.8
Magnolia hernandezii,Magnoliopsida,EN,80986.88732157342,7.08,15729.479823726617,19.42,26114.05754169262,32.24
Mahurea exstipulata,Magnoliopsida,LC,382416.4371480425,33.44,53319.908062875,13.94,99287.87112864062,25.96
Malachra alceifolia,Magnoliopsida,NA,844735.8824987322,73.86,142148.84638087268,16.83,261253.00943281068,30.93
Malachra ruderalis,Magnoliopsida,NA,460772.4670376672,40.29,82108.9696905301,17.82,117124.73215745196,25.42
Malachra rudis,Magnoliopsida,NA,556601.9721226421,48.67,92580.12727367596,16.63,169691.09974343615,30.49
Malanea erecta,Magnoliopsida,NA,336401.09877612675,29.41,51320.28658221033,15.26,88838.75460084436,26.41
Malanea gabrielensis,Magnoliopsida,NA,539098.8945621684,47.14,81780.00810035742,15.17,138951.7220515498,25.77
Malouetia flavescens,Magnoliopsida,LC,642890.6569014433,56.21,118807.25377911914,18.48,184915.86290441113,28.76
Malouetia glandulifera,Magnoliopsida,LC,21490.689132310275,1.88,0.76845025,0,2488.50656225,11.58
Malouetia guatemalensis,Magnoliopsida,LC,65249.94480602953,5.71,8207.216854832031,12.58,16369.559118226562,25.09
Malouetia naias,Magnoliopsida,LC,550889.658388403,48.17,97864.25104796528,17.76,140572.53353456585,25.52
Malouetia quadricasarum,Magnoliopsida,LC,183240.8423001425,16.02,24198.960218032225,13.21,47492.1243655896,25.92
Malouetia tamaquarina,Magnoliopsida,LC,543439.4379823942,47.52,91799.9716258828,16.89,132696.36733025685,24.42
Malouetia virescens,Magnoliopsida,LC,297974.3084197005,26.05,47188.16856043506,15.84,62193.043448005374,20.87
Malpighia albiflora,Magnoliopsida,LC,725.1505118361077,0.06,492.0507158125,67.85,494.580827796875,68.2
Malpighia emarginata,Magnoliopsida,DD,845225.9603072982,73.9,151179.66254260833,17.89,273732.4849197275,32.39
Malpighia glabra,Magnoliopsida,LC,344815.9194855608,30.15,52307.03965246968,15.17,115524.2585002154,33.5
Malva parviflora,Magnoliopsida,NA,179624.73449100394,15.71,41859.38853375548,23.3,63039.631423993706,35.1
Malvastrum americanum,Magnoliopsida,NA,727354.2538236497,63.6,122628.16983043104,16.86,234793.4968946637,32.28
Malvastrum coromandelianum,Magnoliopsida,NA,325129.1906850113,28.43,55406.91365434955,17.04,119991.2543993583,36.91
Malva sylvestris,Magnoliopsida,NA,157988.88756006828,13.81,36172.062106185855,22.9,54082.31193892896,34.23
Malvaviscus arboreus,Magnoliopsida,LC,507056.5828646267,44.34,97859.606775325,19.3,174830.71257309357,34.48
Malvaviscus concinnus,Magnoliopsida,NA,781060.7327726737,68.29,153587.86936038994,19.66,255581.64492492357,32.72
Malvaviscus penduliflorus,Magnoliopsida,NA,828130.9430447329,72.41,153416.3775583792,18.53,244015.68924388225,29.47
Mandevilla cercophylla,Magnoliopsida,NA,1739.5046439693697,0.15,447.9540263052368,25.75,447.9540257749634,25.75
Mandevilla hirsuta,Magnoliopsida,NA,1044918.940398572,91.36,192031.08594076685,18.38,309353.5266421421,29.61
Mandevilla lancifolia,Magnoliopsida,NA,141102.7443306573,12.34,8314.0897439458,5.89,19468.26314629248,13.8
Mandevilla mollissima,Magnoliopsida,NA,148295.5535272532,12.97,23811.784772383784,16.06,40350.43486578241,27.21
Mandevilla nerioides,Magnoliopsida,NA,344037.4661393009,30.08,71900.03919844629,20.9,119710.3685993291,34.8
Mandevilla pavonii,Magnoliopsida,NA,191538.99955428083,16.75,39703.919871581784,20.73,46304.979096823976,24.18
Mandevilla rugellosa,Magnoliopsida,NA,288064.14645183826,25.19,29000.89537144655,10.07,57601.9855516772,20
Mandevilla sagittarii,Magnoliopsida,NA,106853.46928635558,9.34,15791.502156890105,14.78,18385.895322647913,17.21
Mandevilla scabra,Magnoliopsida,NA,626807.1911990353,54.81,113897.60484999607,18.17,176485.99788712402,28.16
Mandevilla speciosa,Magnoliopsida,NA,177134.74718297584,15.49,34912.83397770209,19.71,58330.65314756348,32.93
Mandevilla steyermarkii,Magnoliopsida,NA,520586.8670467184,45.52,98287.50771258103,18.88,160191.93890773828,30.77
Mandevilla subcarnosa,Magnoliopsida,LC,0.8540490800753534,0,0,0,0,0
Mandevilla subsagittata,Magnoliopsida,NA,298784.1999335244,26.12,46536.87245944099,15.58,85010.07449943105,28.45
Mandevilla trianae,Magnoliopsida,NA,658602.3554349047,57.59,109336.11650621348,16.6,167567.74055911464,25.44
Mandevilla veraguasensis,Magnoliopsida,NA,194417.70160410056,17,36962.64119612474,19.01,60987.4795103618,31.37
Manekia incurva,Magnoliopsida,NA,653397.1791437417,57.13,133121.4567382904,20.37,193346.78286395277,29.59
Manettia calycosa,Magnoliopsida,NA,312226.9967236783,27.3,56946.14548229712,18.24,109313.5930934479,35.01
Manettia cordifolia,Magnoliopsida,NA,131399.1206778783,11.49,15116.399976960449,11.5,22109.742791366694,16.83
Manettia discolor,Magnoliopsida,NA,105564.64550822228,9.23,24780.89685094415,23.47,38958.90567709375,36.91
Manettia reclinata,Magnoliopsida,NA,958628.8330194748,83.82,179307.07515569543,18.7,296575.47317296616,30.94
Manettia recurva,Magnoliopsida,NA,60907.176814941886,5.33,19449.431548961365,31.93,25579.23452357196,42
Mangifera indica,Magnoliopsida,DD,701218.0345153203,61.31,138009.3460430732,19.68,242226.2154488739,34.54
Manihot brachyloba,Magnoliopsida,LC,981077.2763999748,85.78,168932.45185737676,17.22,280686.74243718066,28.61
Manihot esculenta,Magnoliopsida,NA,875478.0182067004,76.55,151648.8300199299,17.32,238378.95961633133,27.23
Manihot leptophylla,Magnoliopsida,LC,0,0,0,NA,0,NA
Manilkara bidentata,Magnoliopsida,LC,1015942.7781350889,88.83,171890.51838345948,16.92,293236.95933034323,28.86
Manilkara inundata,Magnoliopsida,LC,267505.11628675874,23.39,77799.45165030884,29.08,128076.9562672268,47.88
Mansoa alliacea,Magnoliopsida,NA,581432.9300094945,50.84,133160.48379998395,22.9,215738.0011360921,37.1
Mansoa hymenaea,Magnoliopsida,NA,844292.3180278046,73.82,148085.53576815376,17.54,272261.3624610823,32.25
Mansoa parvifolia,Magnoliopsida,NA,628147.6102610074,54.92,125987.64797642616,20.06,200155.44114415956,31.86
Mansoa standleyi,Magnoliopsida,NA,673653.6030813722,58.9,139419.92926084393,20.7,228474.99634011593,33.92
Mansoa verrucifera,Magnoliopsida,NA,805531.5073526389,70.43,146957.4849320224,18.24,250363.81476082536,31.08
Maprounea amazonica,Magnoliopsida,LC,43471.082111463315,3.8,1903.91385825,4.38,4392.50969825,10.1
Maprounea guianensis,Magnoliopsida,LC,930802.3505691048,81.39,149853.778303948,16.1,259320.6935547578,27.86
Maquira calophylla,Magnoliopsida,LC,668027.8630944875,58.41,122092.5374321499,18.28,186633.4057647043,27.94
Maquira coriacea,Magnoliopsida,LC,685067.1050717919,59.9,119386.16742706836,17.43,183193.39966640723,26.74
Maquira guianensis,Magnoliopsida,LC,870460.3105565781,76.11,152533.32085071784,17.52,246218.87498196345,28.29
Marathrum foeniculaceum,Magnoliopsida,NA,163381.7581212895,14.29,24531.405663267517,15.01,53578.2155178847,32.79
Marcetia taxifolia,Magnoliopsida,NA,153345.39210022808,13.41,30527.125807082277,19.91,51408.52789291846,33.52
Marcgravia atropunctata,Magnoliopsida,NA,715421.4980719709,62.55,157243.50172946148,21.98,250379.5108592478,35
Marcgravia brownei,Magnoliopsida,NA,279829.5375773637,24.47,56304.28053767236,20.12,85885.28403039752,30.69
Marcgravia caudata,Magnoliopsida,NA,586647.5057954196,51.29,116795.9238020491,19.91,178210.10368929052,30.38
Marcgravia crenata,Magnoliopsida,NA,520992.6962304626,45.55,103977.56033232284,19.96,161583.0708098619,31.01
Marcgravia longifolia,Magnoliopsida,NA,108311.82343838156,9.47,28685.632821222654,26.48,29129.69538735547,26.89
Marcgravia nervosa,Magnoliopsida,NA,652932.8374958411,57.09,146295.50447523466,22.41,223865.8646076028,34.29
Marcgravia pedunculosa,Magnoliopsida,NA,372465.92735342425,32.57,92607.61958939565,24.86,137182.8504755127,36.83
Marcgraviastrum macrocarpum,Magnoliopsida,NA,102159.18821051292,8.93,18510.051256681803,18.12,32016.189667872313,31.34
Marcgraviastrum mixtum,Magnoliopsida,NA,846238.4359009415,73.99,162119.1660249746,19.16,249623.17830741135,29.5
Marcgraviastrum subsessile,Magnoliopsida,NA,512493.6894497856,44.81,132227.5946238377,25.8,205759.5282917496,40.15
Margaritaria nobilis,Magnoliopsida,LC,903933.9753026572,79.04,153424.6862698407,16.97,268307.09386911953,29.68
Margaritopsis haematocarpa,Magnoliopsida,NA,435514.7475161534,38.08,106458.89768129526,24.44,187144.14664566267,42.97
Margyricarpus pinnatus,Magnoliopsida,NA,27073.721336629984,2.37,5426.936092173409,20.05,8725.455278315743,32.23
Marila laxiflora,Magnoliopsida,LC,1025345.9020973135,89.65,182519.2482159484,17.8,297575.2595574552,29.02
Marila podantha,Magnoliopsida,LC,245615.08889174825,21.48,43021.45526842094,17.52,65808.82343503147,26.79
Marila tomentosa,Magnoliopsida,LC,728785.0351443121,63.72,140277.62277256427,19.25,218154.40938339903,29.93
Maripa nicaraguensis,Magnoliopsida,NA,866398.2253256505,75.75,162778.16736761178,18.79,263047.9509104656,30.36
Maripa panamensis,Magnoliopsida,NA,405575.4098991405,35.46,93541.07698436375,23.06,161184.53565946998,39.74
Maripa paniculata,Magnoliopsida,NA,421847.89092141343,36.88,85380.71829420215,20.24,119202.29822641503,28.26
Maripa peruviana,Magnoliopsida,NA,305484.42399143946,26.71,80581.64847637598,26.38,120780.64078462598,39.54
Maripa reticulata,Magnoliopsida,NA,424532.8065188665,37.12,64521.44680627558,15.2,87823.53723207864,20.69
Maripa scandens,Magnoliopsida,NA,569000.244881351,49.75,91182.05732686538,16.02,164079.9792557079,28.84
Markea coccinea,Magnoliopsida,NA,407047.1429896084,35.59,97747.51220610936,24.01,140014.94503810938,34.4
Markea formicarum,Magnoliopsida,NA,416723.1844382041,36.44,101107.3113748838,24.26,142941.6963402588,34.3
Marrubium vulgare,Magnoliopsida,NA,8919.631429766261,0.78,1464.844402449707,16.42,2916.790450074707,32.7
Marsypianthes chamaedrys,Magnoliopsida,NA,1105794.2626652569,96.69,190874.10678871177,17.26,319431.80255899683,28.89
Martinella iquitoensis,Magnoliopsida,NA,268413.7813138022,23.47,62536.58819111426,23.3,84254.09927843457,31.39
Martinella obovata,Magnoliopsida,NA,1055726.561720658,92.31,174337.66276656208,16.51,302965.4744188264,28.7
Mascagnia dissimilis,Magnoliopsida,NA,730476.5201081067,63.87,131778.67479968988,18.04,213194.3777300213,29.19
Mascagnia divaricata,Magnoliopsida,NA,775125.6564897799,67.77,146144.8132958081,18.85,255279.67342269537,32.93
Mascagnia ovatifolia,Magnoliopsida,NA,529303.3622167328,46.28,70330.44467768482,13.29,146017.41885419947,27.59
Matayba adenanthera,Magnoliopsida,LC,634098.835702287,55.44,123498.30521709264,19.48,193302.35944921497,30.48
Matayba arborescens,Magnoliopsida,LC,752217.8564850043,65.77,114734.94757450164,15.25,224839.7138041996,29.89
Matayba camptoneura,Magnoliopsida,LC,830567.4100151545,72.62,151763.3581114854,18.27,241984.63440182057,29.13
Matayba elegans,Magnoliopsida,LC,1008923.8183267454,88.22,181309.26462418187,17.97,296418.5040880872,29.38
Matayba guianensis,Magnoliopsida,LC,701110.7260188899,61.3,102483.19233678406,14.62,186716.44797062743,26.63
Matayba inelegans,Magnoliopsida,LC,600880.9774740117,52.54,112718.14400445312,18.76,173371.73686159277,28.85
Matayba purgans,Magnoliopsida,LC,817192.0229052671,71.45,143965.27013441673,17.62,222892.92980767,27.28
Matayba scrobiculata,Magnoliopsida,LC,710479.3042327114,62.12,120500.52080476952,16.96,217223.86880162987,30.57
Matelea denticulata,Magnoliopsida,NA,904510.937784684,79.09,164596.57110535578,18.2,283363.86545735184,31.33
Matisia arteagensis,Magnoliopsida,LC,249505.5737021789,21.82,34200.54163643457,13.71,62154.68792743884,24.91
Matisia bicolor,Magnoliopsida,LC,78031.04786628901,6.82,15353.33956225,19.68,15541.16105025,19.92
Matisia bolivarii,Magnoliopsida,LC,91798.28596761575,8.03,19882.02081407621,21.66,31155.275410315917,33.94
Matisia bracteolosa,Magnoliopsida,LC,399799.6423696769,34.96,89353.13718074195,22.35,126262.7187511975,31.58
Matisia castano,Magnoliopsida,LC,79470.4311533292,6.95,8718.746250273438,10.97,13304.062596753904,16.74
Matisia cordata,Magnoliopsida,LC,554327.9816189178,48.47,95574.76312048096,17.24,146848.8368666071,26.49
Matisia dolichopoda,Magnoliopsida,LC,525369.8697714616,45.94,111192.9761002046,21.16,165267.7495309351,31.46
Matisia giacomettoi,Magnoliopsida,LC,6772.946196771313,0.59,115.813224375,1.71,238.098384375,3.52
Matisia glandifera,Magnoliopsida,LC,334299.8591296628,29.23,79536.56276945997,23.79,129752.6241413457,38.81
Matisia idroboi,Magnoliopsida,LC,280903.3496474094,24.56,48823.452730516605,17.38,59626.69986012598,21.23
Matisia lasiocalyx,Magnoliopsida,LC,575177.4654376189,50.29,122916.07887754514,21.37,181704.95834851815,31.59
Matisia lomensis,Magnoliopsida,NA,336187.77692927903,29.39,64551.74297278571,19.2,87297.2697643493,25.97
Matisia longiflora,Magnoliopsida,LC,104725.3267717524,9.16,12879.554888819335,12.3,29635.945226973632,28.3
Matisia malacocalyx,Magnoliopsida,LC,201789.45206247972,17.64,38777.8964975351,19.22,47264.27381316119,23.42
Matisia obliquifolia,Magnoliopsida,LC,520551.24050054693,45.51,113819.4952708924,21.87,168961.3823913755,32.46
Matisia ochrocalyx,Magnoliopsida,LC,775550.5329030599,67.81,138660.17097589574,17.88,214420.6587993027,27.65
Matricaria chamomilla,Magnoliopsida,NA,154522.31685082917,13.51,35173.18951253363,22.76,51661.85969181629,33.43
Mauria ferruginea,Magnoliopsida,LC,146222.73498849958,12.79,31656.942130685053,21.65,48522.696153179495,33.18
Mauria heterophylla,Magnoliopsida,LC,202472.35310620465,17.7,41085.421098092105,20.29,64623.53113669995,31.92
Mauria simplicifolia,Magnoliopsida,LC,178176.98165324554,15.58,34652.60100679144,19.45,54763.81882753211,30.74
Mayna grandifolia,Magnoliopsida,LC,691529.7315094986,60.46,118507.03709354725,17.14,198963.49425393165,28.77
Mayna odorata,Magnoliopsida,LC,755563.0354549789,66.06,146587.87712420616,19.4,232866.28008822096,30.82
Maytenus guyanensis,Magnoliopsida,LC,646783.5943082386,56.55,128436.19413910352,19.86,193118.50508218896,29.86
Maytenus verticillata,Magnoliopsida,LC,93317.18145775626,8.16,25102.358225310378,26.9,34109.595397365556,36.55
Mecardonia procumbens,Magnoliopsida,NA,962956.3002798406,84.2,177379.81579590778,18.42,293328.2716654239,30.46
Medicago lupulina,Magnoliopsida,NA,63231.34064133143,5.53,16489.388955283262,26.08,23116.886020832582,36.56
Medicago polymorpha,Magnoliopsida,NA,29190.24975768769,2.55,5604.906798563172,19.2,8782.265602075744,30.09
Medicago sativa,Magnoliopsida,LC,91685.77949891552,8.02,14127.37834118408,15.41,27246.40389234796,29.72
Megaskepasma erythrochlamys,Magnoliopsida,NA,283143.9396149928,24.76,54890.84549173193,19.39,88222.07942731683,31.16
Melampodium divaricatum,Magnoliopsida,NA,760803.8415840993,66.52,140170.27740286643,18.42,255776.8947085227,33.62
Melanthera nivea,Magnoliopsida,NA,857774.2492279279,75,162613.63047116797,18.96,261747.42846491796,30.51
Melia azedarach,Magnoliopsida,LC,757865.803028828,66.26,138737.34025573058,18.31,256063.7188495863,33.79
Melicoccus bijugatus,Magnoliopsida,LC,253961.00869573833,22.21,28139.067524908067,11.08,78324.92165612297,30.84
Melicoccus oliviformis,Magnoliopsida,LC,732580.6734798346,64.05,126651.87694794922,17.29,232498.00453504347,31.74
Melilotus albus,Magnoliopsida,NA,102956.34298340186,9,20141.878195503177,19.56,32151.538581600707,31.23
Melilotus indicus,Magnoliopsida,NA,61809.806745340626,5.4,15434.222261472656,24.97,22086.65572737744,35.73
Meliosma frondosa,Magnoliopsida,LC,174935.35938485822,15.3,39328.3757419588,22.48,59645.14930486426,34.1
Meliosma glabrata,Magnoliopsida,LC,672360.0037715638,58.79,154692.84629226982,23.01,230253.07107411863,34.25
Meliosma herbertii,Magnoliopsida,LC,230358.7788120037,20.14,50085.42317329004,21.74,65762.49087281336,28.55
Meliosma meridensis,Magnoliopsida,LC,161771.06189630757,14.14,38229.554732615106,23.63,57072.171923952934,35.28
Meliosma occidentalis,Magnoliopsida,LC,271404.80569947197,23.73,47586.13928501152,17.53,86193.08137808957,31.76
Meliosma vasquezii,Magnoliopsida,LC,454082.0912056175,39.7,84166.9493738053,18.54,133417.20283809083,29.38
Meliosma violacea,Magnoliopsida,LC,128765.54978279876,11.26,29815.659791485657,23.15,46691.435525404544,36.26
Melissa officinalis,Magnoliopsida,NA,566444.8363802521,49.53,103756.23886875596,18.32,150255.97552862926,26.53
Melochia arenosa,Magnoliopsida,NA,421188.3852546555,36.83,76108.11781595997,18.07,134386.17348835937,31.91
Melochia lupulina,Magnoliopsida,NA,701665.7435792874,61.35,143120.1563797535,20.4,239686.34167941991,34.16
Melochia mollis,Magnoliopsida,NA,223062.85819472495,19.5,44409.970025602415,19.91,71419.86301427941,32.02
Melochia parvifolia,Magnoliopsida,NA,139309.06857924294,12.18,10287.729289628418,7.38,42898.252474021974,30.79
Melochia pyramidata,Magnoliopsida,LC,523574.952434311,45.78,93405.38522034626,17.84,184966.36161308349,35.33
Melochia tomentosa,Magnoliopsida,NA,251619.60925741965,22,41438.60643721371,16.47,87406.36147158963,34.74
Melochia villosa,Magnoliopsida,NA,812358.7860256791,71.03,134562.7168270339,16.56,253445.0752840226,31.2
Melothria dulcis,Magnoliopsida,NA,894911.4835850585,78.25,170993.91269540705,19.11,284638.02088696556,31.81
Melothria pendula,Magnoliopsida,NA,470437.6017741451,41.13,68558.13070748218,14.57,134942.04216296395,28.68
Melothria trilobata,Magnoliopsida,NA,923761.9534532469,80.77,159446.5681015714,17.26,278088.27334416093,30.1
Melothria warmingii,Magnoliopsida,NA,710149.7548511085,62.09,129409.47915444696,18.22,226290.26021753755,31.87
Mendoncia aspera,Magnoliopsida,NA,135911.64918400656,11.88,32237.058296417723,23.72,55303.80888773022,40.69
Mendoncia bivalvis,Magnoliopsida,NA,832464.3658968253,72.79,162898.4667246597,19.57,248138.9661913219,29.81
Mendoncia gracilis,Magnoliopsida,NA,284914.577377387,24.91,46227.572923003725,16.23,72083.57180823511,25.3
Mendoncia hoffmannseggiana,Magnoliopsida,NA,102525.97821203708,8.96,23076.626688,22.51,36120.805208,35.23
Mendoncia lindavii,Magnoliopsida,NA,786280.5349009724,68.75,134129.46922631512,17.06,225466.0624065941,28.68
Mendoncia orbicularis,Magnoliopsida,NA,179284.58413744328,15.68,35432.381950400086,19.76,51159.94737550549,28.54
Mendoncia pedunculata,Magnoliopsida,NA,403372.183581193,35.27,87357.14043168818,21.66,125752.23500342746,31.18
Mendoncia pilosa,Magnoliopsida,NA,428107.0888219414,37.43,112693.04610731936,26.32,167283.6594795466,39.08
Mendoncia retusa,Magnoliopsida,NA,10553.475721620527,0.92,2157.5563012148436,20.44,3016.8495611523435,28.59
Mendoncia sprucei,Magnoliopsida,NA,377353.0192226677,32.99,52275.64808813278,13.85,81332.21626438135,21.55
Mentha spicata,Magnoliopsida,LC,927891.7446310536,81.13,173792.41922393438,18.73,289626.4755468093,31.21
Mentzelia aspera,Magnoliopsida,NA,278737.04017241223,24.37,39489.77396210924,14.17,92230.9711780905,33.09
Mentzelia scabra,Magnoliopsida,NA,80629.77388515713,7.05,19007.784156561753,23.57,28383.39638020384,35.2
Meriania brachycera,Magnoliopsida,LC,112487.94892986555,9.84,31868.775480811822,28.33,43883.49830857202,39.01
Meriania grandidens,Magnoliopsida,NA,110214.73855850102,9.64,27642.590975704778,25.08,42717.45016710864,38.76
Meriania haemantha,Magnoliopsida,LC,66440.19629210036,5.81,14397.277505033691,21.67,23350.826316250244,35.15
Meriania hexamera,Magnoliopsida,LC,244296.22530483484,21.36,46538.53034105222,19.05,66058.59817147601,27.04
Meriania hoyosii,Magnoliopsida,NA,18082.415519786853,1.58,3611.556352203613,19.97,8185.442865353516,45.27
Meriania longifolia,Magnoliopsida,NA,173807.48705959218,15.2,36271.29016696295,20.87,58300.4857503999,33.54
Meriania macrophylla,Magnoliopsida,LC,78192.39595250654,6.84,21571.63299790752,27.59,32310.44800218333,41.32
Meriania maxima,Magnoliopsida,LC,2837.285891063152,0.25,63.77459490625,2.25,289.57233890625,10.21
Meriania nobilis,Magnoliopsida,LC,70742.9613319578,6.19,18551.589732704528,26.22,27020.067395535887,38.19
Meriania phlomoides,Magnoliopsida,LC,78218.8672434213,6.84,21048.24275122473,26.91,29461.532526451872,37.67
Meriania quintuplinervis,Magnoliopsida,LC,63659.25625130115,5.57,20302.692412001463,31.89,26654.544977053767,41.87
Meriania sanguinea,Magnoliopsida,NA,11578.773951963958,1.01,1555.5175156018067,13.43,4675.200987515869,40.38
Meriania speciosa,Magnoliopsida,LC,166554.35350644993,14.56,32816.5387294371,19.7,53499.527268080106,32.12
Meriania tomentosa,Magnoliopsida,LC,205495.33109303573,17.97,45115.60772018005,21.95,71857.34699748049,34.97
Meriania tuberculata,Magnoliopsida,NT,29756.42404520904,2.6,6966.239225784033,23.41,10625.934455620458,35.71
Meriania urceolata,Magnoliopsida,LC,589180.2660245429,51.52,100338.282563417,17.03,172571.9724968291,29.29
Merremia umbellata,Magnoliopsida,NA,570495.2689061746,49.88,90459.39927328064,15.86,190924.60590103455,33.47
Mesechites trifidus,Magnoliopsida,NA,940076.7501540672,82.2,158554.24679929815,16.87,267600.53040153213,28.47
Metteniusa tessmanniana,Magnoliopsida,LC,737603.4249583753,64.49,140667.29818496265,19.07,219249.7952978872,29.72
Mezilaurus sprucei,Magnoliopsida,LC,282007.00160700467,24.66,63640.34553462598,22.57,89056.42785981347,31.58
Miconia abbreviata,Magnoliopsida,LR/nt,498117.2351794361,43.55,111311.02490491015,22.35,175877.41895418358,35.31
Miconia acuminifera,Magnoliopsida,LC,79541.86300244278,6.95,14393.881395500614,18.1,25663.710191446964,32.26
Miconia aeruginosa,Magnoliopsida,LC,147374.13581998096,12.89,29081.0114017453,19.73,48714.68684825915,33.06
Miconia affinis,Magnoliopsida,LC,1093971.4996041765,95.65,189903.7283216961,17.36,314792.69461012376,28.78
Miconia aggregata,Magnoliopsida,LC,187981.87001229983,16.44,34495.031735699355,18.35,57479.73382199308,30.58
Miconia alata,Magnoliopsida,NA,522532.9216584739,45.69,88711.01887891137,16.98,147041.27946209424,28.14
Miconia albertobrenesii,Magnoliopsida,LC,111135.12259832682,9.72,24231.136647335963,21.8,36204.91815018016,32.58
Miconia albicans,Magnoliopsida,LC,867516.1053365539,75.85,150512.68827508038,17.35,277675.4891485787,32.01
Miconia alternans,Magnoliopsida,LC,716461.4628978272,62.64,143925.42607592168,20.09,227886.74566524927,31.81
Miconia amazonica,Magnoliopsida,LC,113460.6050186087,9.92,29583.324724192385,26.07,30264.27442043457,26.67
Miconia ampla,Magnoliopsida,LC,765187.7680085392,66.91,137781.94932734992,18.01,210932.3577968778,27.57
Miconia aplostachya,Magnoliopsida,LC,550879.8833846533,48.17,97585.46636776124,17.71,155728.71822192823,28.27
Miconia aponeura,Magnoliopsida,LC,533368.7233018277,46.64,82722.57692993488,15.51,136313.23217924463,25.56
Miconia appendiculata,Magnoliopsida,LC,733482.1949557854,64.13,141622.2426865709,19.31,231919.1140531776,31.62
Miconia approximata,Magnoliopsida,NA,185297.56860055428,16.2,27687.99716410232,14.94,45930.27632980215,24.79
Miconia arboricola,Magnoliopsida,NA,45577.984835275594,3.99,8277.093367711183,18.16,11180.06261478784,24.53
Miconia argyrophylla,Magnoliopsida,LC,668609.4282872569,58.46,121384.75235812637,18.15,223855.9277529741,33.48
Miconia asclepiadea,Magnoliopsida,NA,149133.68002805256,13.04,33965.71424502887,22.78,52041.37518006568,34.9
Miconia asperrima,Magnoliopsida,LC,231714.7901706232,20.26,46436.50550689874,20.04,68976.99168962915,29.77
Miconia astroplocama,Magnoliopsida,LC,810220.2858186578,70.84,160281.7581887415,19.78,245221.72689110864,30.27
Miconia aurea,Magnoliopsida,LC,756627.6781574488,66.16,150611.22164743164,19.91,237236.91740713915,31.35
Miconia aureoides,Magnoliopsida,LC,157904.77751651942,13.81,30440.32703095172,19.28,35493.58641092108,22.48
Miconia barbinervis,Magnoliopsida,LC,713796.7745108266,62.41,140175.0000465266,19.64,213629.224833698,29.93
Miconia benthamiana,Magnoliopsida,NA,210275.3216074218,18.39,30676.20486731714,14.59,49579.05320568353,23.58
Miconia biappendiculata,Magnoliopsida,LC,62448.18297221582,5.46,19048.97485215564,30.5,24373.300533045654,39.03
Miconia biglandulosa,Magnoliopsida,LC,535669.2936903228,46.84,127297.09002393378,23.76,195628.08853329456,36.52
Miconia borjensis,Magnoliopsida,NA,76645.13824386788,6.7,9884.52182228125,12.9,19119.884658484378,24.95
Miconia brachycalyx,Magnoliopsida,LC,111524.47694660656,9.75,14551.299940986555,13.05,20886.058916559785,18.73
Miconia brachygyna,Magnoliopsida,LC,142875.50237395073,12.49,30864.878304562317,21.6,48157.18750206812,33.71
Miconia bracteolata,Magnoliopsida,LC,22251.94296672411,1.95,7275.50618322876,32.7,10041.280250942627,45.13
Miconia bractiflora,Magnoliopsida,LC,84224.56171725751,7.36,7452.589668172363,8.85,11176.912582945832,13.27
Miconia brevitheca,Magnoliopsida,LC,161248.02924094748,14.1,31603.569466514535,19.6,46973.665143782586,29.13
Miconia bubalina,Magnoliopsida,LC,607913.8796216854,53.15,126524.21742106856,20.81,197827.2012254364,32.54
Miconia buxifolia,Magnoliopsida,NA,33805.19177383969,2.96,11253.157159846924,33.29,13952.802699757323,41.27
Miconia calvescens,Magnoliopsida,LC,334464.4430523413,29.24,47456.68481381105,14.19,72118.935681986055,21.56
Miconia cannabina,Magnoliopsida,LC,212115.8000413716,18.55,44972.28821289429,21.2,54826.24138570679,25.85
Miconia capitellata,Magnoliopsida,NT,172183.69282129483,15.06,39708.051331993105,23.06,58870.26824367908,34.19
Miconia carassana,Magnoliopsida,NA,241852.00758517568,21.15,63485.23464282812,26.25,87509.77343020313,36.18
Miconia cataractae,Magnoliopsida,LC,34416.39891424241,3.01,10098.008629483553,29.34,12065.516103758266,35.06
Miconia caudata,Magnoliopsida,LC,329580.9333403581,28.82,58831.442589066464,17.85,90273.13124047926,27.39
Miconia centrodesma,Magnoliopsida,LC,990676.4050444856,86.62,178494.7064686913,18.02,285236.49477106554,28.79
Miconia centronioides,Magnoliopsida,LC,91101.4892373035,7.97,11502.597590183594,12.63,13916.82161126172,15.28
Miconia chionophila,Magnoliopsida,NA,61267.08084328646,5.36,19236.501995154144,31.4,24858.179905039276,40.57
Miconia chlorocarpa,Magnoliopsida,LC,27723.57921863875,2.42,10147.43063396942,36.6,12921.922616789794,46.61
Miconia chrysophylla,Magnoliopsida,LC,635541.8998492333,55.57,117536.04309550048,18.49,182162.8918891494,28.66
Miconia ciliata,Magnoliopsida,LC,1103543.411255541,96.49,187110.9130231668,16.96,319986.8917161238,29
Miconia cionotricha,Magnoliopsida,LC,347376.22281741275,30.37,62473.385649664306,17.98,101996.5520497793,29.36
Miconia cladonia,Magnoliopsida,LC,125743.62624830048,10.99,35297.05792576453,28.07,47094.43679789948,37.45
Miconia clathrantha,Magnoliopsida,LC,189315.29424059656,16.55,37559.606901514955,19.84,60207.34287188062,31.8
Miconia coronata,Magnoliopsida,LC,200782.5983332051,17.56,37381.81013336108,18.62,63249.52949036761,31.5
Miconia corymbiformis,Magnoliopsida,NA,4398.108522362363,0.38,358.5258867783203,8.15,1863.5989427158204,42.37
Miconia costaricensis,Magnoliopsida,LC,126197.68788027324,11.03,27494.996661530397,21.79,44173.4532674881,35
Miconia crocea,Magnoliopsida,NA,3565.61563975885,0.31,114.75963333203126,3.22,1069.791185332031,30
Miconia cundinamarcensis,Magnoliopsida,LC,87324.416159252,7.64,27068.24256785345,31,33949.51392989026,38.88
Miconia decurrens,Magnoliopsida,LC,520885.2106219504,45.54,99424.56225619464,19.09,151192.6006810171,29.03
Miconia denticulata,Magnoliopsida,NA,97848.40194194992,8.56,26915.246299871455,27.51,36159.98110854982,36.96
Miconia dodecandra,Magnoliopsida,LC,217491.45501001496,19.02,40647.118241515054,18.69,67309.61982069441,30.95
Miconia dolichopoda,Magnoliopsida,LC,116416.32878722656,10.18,31660.18240497412,27.2,44988.23934349053,38.64
Miconia dolichorrhyncha,Magnoliopsida,LC,709231.7678210551,62.01,141572.07183650727,19.96,226315.16246661567,31.91
Miconia donaeana,Magnoliopsida,NA,286613.8795844877,25.06,57078.03841995026,19.91,88292.09187162534,30.81
Miconia dorsiloba,Magnoliopsida,LC,413916.27278343105,36.19,86260.49714681818,20.84,120919.32224324511,29.21
Miconia elaeoides,Magnoliopsida,LC,30050.423736631747,2.63,11009.617260073244,36.64,12406.872447999023,41.29
Miconia elata,Magnoliopsida,LC,907003.2258002432,79.3,154419.88127338068,17.03,248568.03497344788,27.41
Miconia emendata,Magnoliopsida,LC,657318.9627904196,57.47,144943.21985507946,22.05,221350.54743292608,33.67
Miconia erioclada,Magnoliopsida,LC,210916.37083336705,18.44,29198.20963365755,13.84,59574.113056558075,28.25
Miconia eugenioides,Magnoliopsida,LC,539880.0062751601,47.21,101281.13202275,18.76,151548.35276928125,28.07
Miconia evanescens,Magnoliopsida,NA,192517.3841918061,16.83,35780.5413104798,18.59,56344.3817689917,29.27
Miconia filamentosa,Magnoliopsida,NA,128584.00856390248,11.24,22542.420286797853,17.53,23516.9293193291,18.29
Miconia floribunda,Magnoliopsida,LC,168808.33365561278,14.76,39127.44392412551,23.18,58565.98706191061,34.69
Miconia fosteri,Magnoliopsida,LC,367147.9182456003,32.1,104694.80283409472,28.52,151006.22558871974,41.13
Miconia gleasoniana,Magnoliopsida,LC,266774.3622099953,23.33,52180.818372698,19.56,79133.89797995561,29.66
Miconia goniostigma,Magnoliopsida,NA,285460.2588260123,24.96,52040.17217789971,18.23,80955.79998826074,28.36
Miconia gracilis,Magnoliopsida,LC,248169.2280259275,21.7,41720.93991148535,16.81,70106.0342066618,28.25
Miconia grandifoliata,Magnoliopsida,LC,285213.9175789693,24.94,70243.4797824502,24.63,101873.5924048252,35.72
Miconia gratissima,Magnoliopsida,LC,763477.1976537583,66.76,120913.65955775484,15.84,233142.74674605104,30.54
Miconia harlingii,Magnoliopsida,LC,54323.50320506592,4.75,15824.906923294737,29.13,22395.45336550427,41.23
Miconia holosericea,Magnoliopsida,LC,748735.6561771912,65.47,114066.97391770458,15.23,215244.716763563,28.75
Miconia hymenanthera,Magnoliopsida,NA,3139.809742483219,0.27,69.60480222753907,2.22,591.5163542275391,18.84
Miconia ibaguensis,Magnoliopsida,NA,876990.1555977756,76.68,153314.13603206322,17.48,280219.4807584219,31.95
Miconia impetiolaris,Magnoliopsida,LC,717529.3146295577,62.74,100921.81857614576,14.07,188501.70622362292,26.27
Miconia intricata,Magnoliopsida,LC,98225.87586672734,8.59,13542.469091332883,13.79,16226.011386921142,16.52
Miconia jahnii,Magnoliopsida,LC,83666.50988040023,7.32,27060.337738601527,32.34,35984.662011447756,43.01
Miconia juruensis,Magnoliopsida,NA,302288.18347594945,26.43,85967.05372246777,28.44,132919.37623378026,43.97
Miconia lacera,Magnoliopsida,NA,578837.4288154559,50.61,117856.19043175684,20.36,205953.591665834,35.58
Miconia laevigata,Magnoliopsida,NA,56827.5224129972,4.97,3939.196402506657,6.93,14409.088258158146,25.36
Miconia lamprophylla,Magnoliopsida,LC,677631.5240824264,59.25,141552.20947074055,20.89,214049.385019738,31.59
Miconia lasiocalyx,Magnoliopsida,LC,250322.24270041997,21.89,52682.30284431256,21.05,83768.25694539746,33.46
Miconia lateriflora,Magnoliopsida,LC,1021044.6165151655,89.28,189474.19008284132,18.56,316256.8167070896,30.97
Miconia latifolia,Magnoliopsida,LC,87562.80459406663,7.66,28666.06302195836,32.74,36762.411855205915,41.98
Miconia laxivenula,Magnoliopsida,LC,340402.043659778,29.76,61108.19541571942,17.95,94499.51029027136,27.76
Miconia lehmannii,Magnoliopsida,LC,154230.05921833508,13.49,40492.68468958117,26.25,59162.09859512774,38.36
Miconia lepidota,Magnoliopsida,LC,955265.8496927922,83.52,158738.4503585503,16.62,275521.62206890405,28.84
Miconia ligustrina,Magnoliopsida,LC,48927.91602188699,4.28,17131.30215478357,35.01,21190.985757838134,43.31
Miconia lonchophylla,Magnoliopsida,LC,330214.3470468363,28.87,68654.061235206,20.79,103195.3257577707,31.25
Miconia longifolia,Magnoliopsida,LC,683485.0468912311,59.76,149046.86050830397,21.81,230384.2758170476,33.71
Miconia longispicata,Magnoliopsida,LC,577860.781599014,50.53,114701.7079497742,19.85,174901.34499833497,30.27
Miconia loreyoides,Magnoliopsida,NA,128888.60354446054,11.27,21254.61725092967,16.49,33207.98252057169,25.76
Miconia lourteigiana,Magnoliopsida,LC,161662.8857847167,14.14,30741.31405098111,19.02,63685.76705328775,39.39
Miconia lugonis,Magnoliopsida,LC,373737.1061696563,32.68,74079.13321741694,19.82,100741.1001503302,26.96
Miconia macrothyrsa,Magnoliopsida,NA,518072.7200293499,45.3,93575.1113887207,18.06,165058.6927247031,31.86
Miconia macrotis,Magnoliopsida,LC,695331.5109849222,60.8,123170.05672156256,17.71,204438.79567736096,29.4
Miconia magdalenae,Magnoliopsida,LC,449460.0522336837,39.3,73520.23862657134,16.36,135682.67092720338,30.19
Miconia magnifolia,Magnoliopsida,NA,94565.4070724807,8.27,11277.467644472656,11.93,13983.088609496092,14.79
Miconia marginata,Magnoliopsida,NA,84652.00382821911,7.4,16472.07533571875,19.46,18566.87815171875,21.93
Miconia maroana,Magnoliopsida,LC,87002.41756827,7.61,20498.665984,23.56,20498.665984,23.56
Miconia matthaei,Magnoliopsida,LC,790549.6523294961,69.12,139528.17659717173,17.65,230500.6120677869,29.16
Miconia mazanana,Magnoliopsida,LC,330498.92773951136,28.9,77663.89998729559,23.5,112138.58614779529,33.93
Miconia mesmeana,Magnoliopsida,NA,42096.02233449083,3.68,10946.539913675537,26,14304.11127910231,33.98
Miconia minutiflora,Magnoliopsida,LC,988958.316615752,86.47,172471.85705453198,17.44,277801.8801782129,28.09
Miconia mirabilis,Magnoliopsida,LC,661005.159092428,57.8,136548.6354475816,20.66,217275.8544751382,32.87
Miconia multiplinervia,Magnoliopsida,LC,77607.41047061273,6.79,22647.694273827088,29.18,31341.70140170251,40.38
Miconia multispicata,Magnoliopsida,LC,909407.3629406304,79.52,150894.53999336317,16.59,248020.417692266,27.27
Miconia myriantha,Magnoliopsida,LC,394339.06163163745,34.48,44164.265480161135,11.2,56447.140687907224,14.31
Miconia myrtillifolia,Magnoliopsida,NA,107390.10429919796,9.39,33258.081254303164,30.97,43333.05411099182,40.35
Miconia napoana,Magnoliopsida,LC,326161.3173871518,28.52,74967.66380996814,22.98,110790.61434503213,33.97
Miconia neomicrantha,Magnoliopsida,LC,245069.38475495097,21.43,50235.81672762392,20.5,77683.41400646791,31.7
Miconia nervosa,Magnoliopsida,LC,1008488.0004611058,88.18,179208.10515969433,17.77,289722.9819508728,28.73
Mimosa casta,Magnoliopsida,NA,516082.6989608347,45.12,101045.56110944282,19.58,156825.3038238266,30.39
Mimosa colombiana,Magnoliopsida,LC,517635.7339865281,45.26,96071.63722489309,18.56,160376.78628268043,30.98
Mimosa debilis,Magnoliopsida,NA,217818.82217262252,19.05,18060.5023967207,8.29,62858.68207707617,28.86
Mimosa guilandinae,Magnoliopsida,NA,408402.15570381354,35.71,63987.60010665558,15.67,101606.98405746196,24.88
Mimosa hirsutissima,Magnoliopsida,NA,219122.8389825512,19.16,14325.183440945311,6.54,25728.024765460937,11.74
Mimosa microcephala,Magnoliopsida,NA,383415.535078599,33.52,69547.30313846875,18.14,112673.82128109375,29.39
Mimosa pellita,Magnoliopsida,NA,820870.5755104052,71.77,132840.0722262197,16.18,243290.14153747243,29.64
Mimosa pigra,Magnoliopsida,LC,1088749.81053945,95.2,182786.86171393123,16.79,313299.347635588,28.78
Mimosa polydactyla,Magnoliopsida,NA,418854.399901521,36.62,81209.90799716309,19.39,117951.03094417468,28.16
Mimosa pudica,Magnoliopsida,LC,997679.1332119912,87.23,167557.3916515339,16.79,289743.08469904127,29.04
Mimosa quitensis,Magnoliopsida,LC,403.09597280219714,0.04,1.505392207003832,0.37,1.5053922577850818,0.37
Mimosa rufescens,Magnoliopsida,LC,371466.26136801695,32.48,84748.81740065283,22.81,132628.54256126026,35.7
Mimosa somnians,Magnoliopsida,NA,542059.8631341482,47.4,76987.07566619477,14.2,152711.66537384118,28.17
Vachellia tortuosa,Magnoliopsida,LC,124934.52867680276,10.92,9365.125502920624,7.5,39280.914111474885,31.44
Mimosa xanthocentra,Magnoliopsida,LC,453993.31408466015,39.7,60968.75836270337,13.43,128349.31428740868,28.27
Minquartia guianensis,Magnoliopsida,LC,617594.0162756436,54,126958.73299008602,20.56,190188.4017055012,30.8
Minthostachys mollis,Magnoliopsida,NA,87222.58055637895,7.63,23758.044588356308,27.24,32895.65318018809,37.71
Mirabilis jalapa,Magnoliopsida,NA,434418.91480461747,37.98,77043.88658559993,17.73,145998.84167516028,33.61
Mitracarpus hirtus,Magnoliopsida,NA,747606.1517102927,65.37,113990.84734529765,15.25,211783.42501313603,28.33
Mitreola petiolata,Magnoliopsida,NA,418722.5590954896,36.61,96435.77760254077,23.03,180975.4536626399,43.22
Baccharis venosa,Magnoliopsida,NA,38250.04650605133,3.34,10023.094270321655,26.2,14603.23227244928,38.18
Mollia gracilis,Magnoliopsida,LC,483207.29154020565,42.25,119870.47308873905,24.81,182628.75893432784,37.8
Mollia lepidota,Magnoliopsida,LC,421071.7510312804,36.82,95224.36560839452,22.61,136586.7755813672,32.44
Mollia speciosa,Magnoliopsida,LC,73083.3958655332,6.39,8557.19079225,11.71,15372.30324025,21.03
Mollia tomentosa,Magnoliopsida,NA,14245.034948074688,1.25,67.978256,0.48,67.978256,0.48
Mollinedia killipii,Magnoliopsida,LC,500894.67404137214,43.8,118816.88066205382,23.72,184746.5780251449,36.88
Mollinedia lanceolata,Magnoliopsida,LC,120758.6937442613,10.56,18153.656635244846,15.03,34454.11428455872,28.53
Mollinedia ovata,Magnoliopsida,LC,382095.09717249614,33.41,59752.543424277625,15.64,93556.82192296413,24.49
Mollinedia repanda,Magnoliopsida,LC,231172.2015625903,20.21,35591.53448026604,15.4,72850.15892540495,31.51
Mollinedia tomentosa,Magnoliopsida,LC,335107.8755167172,29.3,61536.22030525628,18.36,98616.8995319242,29.43
Mollinedia viridiflora,Magnoliopsida,LC,161.66883040442215,0.01,102.101263,63.15,102.101263,63.15
Molongum laxum,Magnoliopsida,LC,43633.23555593159,3.82,435.56134625,1,2924.15808225,6.7
Molongum lucidum,Magnoliopsida,LC,162166.29946978923,14.18,44706.840590640626,27.57,75761.59546464063,46.72
Momordica charantia,Magnoliopsida,NA,853481.5226204771,74.63,144403.25497553952,16.92,263067.9869538478,30.82
Monnina aestuans,Magnoliopsida,LC,61135.8627951716,5.35,18756.35258880421,30.68,24088.402038865486,39.4
Monnina crassifolia,Magnoliopsida,NA,17623.61750283531,1.54,5984.6874312747195,33.96,8014.553361242188,45.48
Monnina fastigiata,Magnoliopsida,NA,162275.8762373533,14.19,37250.41167193095,22.95,53278.280942051526,32.83
Monnina padifolia,Magnoliopsida,NA,180299.7795724109,15.76,32837.466546925265,18.21,55198.611265891595,30.61
Monnina polystachya,Magnoliopsida,NA,134155.9499572241,11.73,29024.31626391586,21.63,44365.66658800641,33.07
Monnina salicifolia,Magnoliopsida,LC,58147.54524778197,5.08,18119.58651090906,31.16,23241.157816631912,39.97
Monnina solandrifolia,Magnoliopsida,NA,239706.57205478143,20.96,50751.06101518244,21.17,77505.74922742945,32.33
Monochaetum bonplandii,Magnoliopsida,NA,108953.49185863012,9.53,25430.47037641773,23.34,37479.59588753241,34.4
Monochaetum glanduliferum,Magnoliopsida,NA,96338.65954372476,8.42,27045.64506398419,28.07,37449.25784581201,38.87
Monochaetum hartwegianum,Magnoliopsida,NA,199304.63254132945,17.43,44721.82618158087,22.44,69932.19223529224,35.09
Monochaetum lineatum,Magnoliopsida,NA,166051.4629052082,14.52,36351.087950377194,21.89,55742.68432443768,33.57
Monochaetum meridense,Magnoliopsida,NA,151600.12844898022,13.26,34266.1107894701,22.6,51975.81254545538,34.28
Monochaetum multiflorum,Magnoliopsida,NA,37062.21206676862,3.24,9567.513645339655,25.81,12726.701128698238,34.34
Monochaetum myrtoideum,Magnoliopsida,NA,32745.119343485727,2.86,9818.46571925586,29.98,11233.785237546144,34.31
Monolena cordifolia,Magnoliopsida,NA,19381.70304650536,1.69,1304.4407520625,6.73,1393.3242400625,7.19
Monolena primuliflora,Magnoliopsida,NA,273661.52541090746,23.93,38329.20202116408,14.01,65776.3079841819,24.04
Monopyle macrocarpa,Magnoliopsida,NA,534471.6605044617,46.73,97399.52892920157,18.22,141264.90964177746,26.43
Monopyle sodiroana,Magnoliopsida,EN,9712.851963328394,0.85,151.95374408691407,1.56,927.103125086914,9.55
Monotropa uniflora,Magnoliopsida,NA,158118.62557894003,13.83,31881.7937008833,20.16,47458.125463151795,30.01
Montanoa quadrangularis,Magnoliopsida,LC,147685.07801024005,12.91,24861.205776149964,16.83,44337.847909553464,30.02
Monticalia abietina,Magnoliopsida,NA,16296.129963829855,1.42,7148.070792635804,43.86,7565.340809219055,46.42
Monticalia andicola,Magnoliopsida,NA,60040.59543280869,5.25,19745.011813736022,32.89,24690.47478225659,41.12
Monticalia ledifolia,Magnoliopsida,NA,45139.43900393161,3.95,16405.341766609865,36.34,19069.41592256787,42.25
Monticalia vaccinioides,Magnoliopsida,NA,39524.466134201975,3.46,16025.035321136154,40.54,19266.39102697725,48.75
Morella parvifolia,Magnoliopsida,LC,88950.39206976033,7.78,27069.665762189925,30.43,35924.83364716746,40.39
Morella pubescens,Magnoliopsida,LC,150216.44251542503,13.13,39993.62121582686,26.62,55152.49323657402,36.72
Morinda citrifolia,Magnoliopsida,LC,909965.9064129278,79.56,161041.4405112101,17.7,286102.19768425677,31.44
Morinda royoc,Magnoliopsida,LC,72684.7385220593,6.36,5066.060151712128,6.97,28107.494742951934,38.67
Morisonia americana,Magnoliopsida,LC,176780.56211045652,15.46,18394.712967951873,10.41,57114.94215583914,32.31
Moritzia lindenii,Magnoliopsida,NA,60353.6214311036,5.28,19767.1898345263,32.75,24938.95243153641,41.32
Moronobea coccinea,Magnoliopsida,LC,264015.52137257217,23.08,76646.35479346875,29.03,108807.35133684376,41.21
Moronobea riparia,Magnoliopsida,LC,137813.3271660976,12.05,29934.961205625,21.72,32352.130197625,23.48
Mouriri acutiflora,Magnoliopsida,LC,598885.2745967661,52.36,109999.52060627344,18.37,165907.26536603906,27.7
Mouriri cauliflora,Magnoliopsida,LC,522389.5772116667,45.68,109164.30270736768,20.9,161707.27495559448,30.96
Mouriri grandiflora,Magnoliopsida,LC,562854.638209933,49.21,109185.70016455615,19.4,165893.2540401887,29.47
Mouriri guianensis,Magnoliopsida,LC,632881.9600484476,55.34,116466.95254372655,18.4,179349.0767180127,28.34
Mouriri myrtifolia,Magnoliopsida,LC,747193.054129356,65.33,131148.29186823682,17.55,202570.47701639505,27.11
Mouriri myrtilloides,Magnoliopsida,LC,660687.4738494344,57.77,101496.38286811105,15.36,205626.06757160916,31.12
Mouriri nigra,Magnoliopsida,LC,663288.6730145119,58,121893.8418217937,18.38,191955.68617136107,28.94
Mouriri subumbellata,Magnoliopsida,LC,407770.9090679691,35.65,97749.32768532811,23.97,140227.89176532812,34.39
Mouriri vernicosa,Magnoliopsida,LC,440758.2891336094,38.54,101576.7765933418,23.05,144458.60769649805,32.78
Moutabea aculeata,Magnoliopsida,LC,515969.73394464504,45.11,109856.91316157056,21.29,166932.27755721082,32.35
Moutabea guianensis,Magnoliopsida,LC,631379.88874561165,55.21,115087.07560341796,18.23,175702.8745229834,27.83
Mucoa duckei,Magnoliopsida,NA,392819.5615186788,34.35,92107.2895298252,23.45,132674.45447355177,33.77
Mucuna holtonii,Magnoliopsida,NA,147277.11806546446,12.88,18339.899160612254,12.45,33653.76746215498,22.85
Mucuna mollis,Magnoliopsida,NA,199353.83874458217,17.43,29391.147945459004,14.74,55863.068065464664,28.02
Mucuna mutisiana,Magnoliopsida,NA,436644.064855542,38.18,55554.67175314441,12.72,128125.18024181548,29.34
Mucuna pruriens,Magnoliopsida,NA,676676.9811646403,59.17,114747.86853222444,16.96,217727.2006734828,32.18
Mucuna rostrata,Magnoliopsida,NA,533224.1400225755,46.62,95797.77845596345,17.97,147620.81093231315,27.68
Mucuna sloanei,Magnoliopsida,NA,302830.29980173404,26.48,62121.288563401686,20.51,126636.8174126184,41.82
Mucuna urens,Magnoliopsida,NA,878106.011892815,76.78,151553.05874819914,17.26,248773.03285457363,28.33
Muehlenbeckia tamnifolia,Magnoliopsida,NA,117117.40820152347,10.24,35953.80936154401,30.7,46686.828432420654,39.86
Muehlenbeckia tiliifolia,Magnoliopsida,NA,179579.69487915575,15.7,39613.85697391968,22.06,60772.81456100677,33.84
Muehlenbeckia volcanica,Magnoliopsida,NA,28010.73889368081,2.45,10559.261891026948,37.7,13888.698338633392,49.58
Munnozia hastifolia,Magnoliopsida,NA,197165.70349637265,17.24,36310.31888104694,18.42,59282.57722397998,30.07
Munnozia jussieui,Magnoliopsida,NA,45714.0953892037,4,14097.187253524658,30.84,19208.42145420343,42.02
Munnozia senecionidis,Magnoliopsida,NA,132353.4686843058,11.57,34616.01238237262,26.15,48057.316867625974,36.31
Muntingia calabura,Magnoliopsida,LC,773371.438081473,67.62,127931.11111949915,16.54,246950.9034240159,31.93
Murraya paniculata,Magnoliopsida,NA,490603.3151824356,42.9,73430.76408035088,14.97,132386.34084825977,26.98
Mutisia clematis,Magnoliopsida,NA,58877.16594516922,5.15,19186.48012683307,32.59,22756.41126664264,38.65
Myrcia aliena,Magnoliopsida,LC,777616.5230966943,67.99,163862.98907813148,21.07,246122.6046084608,31.65
Myrcia bracteata,Magnoliopsida,LC,720306.9848264484,62.98,117624.0517691608,16.33,203799.9774971326,28.29
Myrcia clusiifolia,Magnoliopsida,LC,56163.72474586683,4.91,9951.13778209375,17.72,12058.38757409375,21.47
Myrcia deflexa,Magnoliopsida,LC,355731.68924660585,31.1,57433.66960766992,16.15,75599.00050696093,21.25
Myrcia dichasialis,Magnoliopsida,LC,661587.4680158419,57.85,143761.0857618311,21.73,230720.9270886902,34.87
Myrcia grandis,Magnoliopsida,LC,470195.5263622675,41.11,66122.37054406201,14.06,90101.39926433448,19.16
Myrcia guianensis,Magnoliopsida,LC,852214.664610363,74.51,136278.93659824436,15.99,222773.87716559065,26.14
Myrcia inaequiloba,Magnoliopsida,LC,310969.6527919517,27.19,25772.479649523317,8.29,42650.56307481799,13.72
Myrcia mollis,Magnoliopsida,LC,341041.79694750556,29.82,72013.56386901454,21.12,134410.4867620675,39.41
Myrcianthes fragrans,Magnoliopsida,LC,202210.21121451535,17.68,43441.65345637549,21.48,65355.659010037234,32.32
Myrcianthes leucoxyla,Magnoliopsida,LC,41837.583090226246,3.66,9700.359323600833,23.19,12793.22999018213,30.58
Myrcianthes myrsinoides,Magnoliopsida,LC,102457.11416536238,8.96,30240.201849558165,29.51,40963.58614280969,39.98
Myrcianthes orthostemon,Magnoliopsida,LC,80572.95361843951,7.04,19517.71608724719,24.22,26397.82021209064,32.76
Myrcianthes rhopaloides,Magnoliopsida,LC,95326.5931034934,8.33,27861.47453209454,29.23,37373.63559025085,39.21
Myrcia paivae,Magnoliopsida,LC,938946.5434889158,82.1,167136.49326464685,17.8,266696.9369339664,28.4
Myrcia popayanensis,Magnoliopsida,LC,64172.93229487118,5.61,9452.944301515072,14.73,17472.342199780756,27.23
Myrcia revolutifolia,Magnoliopsida,LC,354925.21747677604,31.03,79028.4806147956,22.27,135315.80533481788,38.13
Myrciaria dubia,Magnoliopsida,LC,507527.2987049622,44.38,88422.86025015626,17.42,127129.58763142188,25.05
Myrciaria floribunda,Magnoliopsida,LC,890816.3371812553,77.89,147784.38180042425,16.59,259418.50555185412,29.12
Myrcia splendens,Magnoliopsida,LC,1094585.661494853,95.71,194188.4023076649,17.74,322517.13205956906,29.46
Myrcia subsessilis,Magnoliopsida,LC,426546.10704308754,37.3,69919.12883008813,16.39,125107.51826931152,29.33
Myrcia sylvatica,Magnoliopsida,LC,991640.826861262,86.71,168706.49631033093,17.01,285728.27763026697,28.81
Myrcia tomentosa,Magnoliopsida,LC,610064.0405573073,53.34,89162.91007838558,14.62,165936.20092506253,27.2
Myriocarpa longipes,Magnoliopsida,LC,680616.7969081945,59.51,130936.50816985994,19.24,206873.44449478693,30.39
Myriocarpa stipitata,Magnoliopsida,LC,380177.8006226435,33.24,65294.79296870409,17.17,119657.98550746628,31.47
Myriophyllum quitense,Magnoliopsida,LC,44568.96126066455,3.9,14669.723714145126,32.91,17831.60175922853,40.01
Myrospermum frutescens,Magnoliopsida,LC,93605.93986178988,8.18,5689.7570401076355,6.08,35153.86793535623,37.56
Myroxylon balsamum,Magnoliopsida,LC,505360.4665642224,44.19,71710.38354135116,14.19,123750.35932567553,24.49
Myrrhidendron glaucescens,Magnoliopsida,NA,24653.59460519023,2.16,10575.882980109742,42.9,13013.039103189209,52.78
Myrsine andina,Magnoliopsida,LC,86809.83588158173,7.59,23044.024829409853,26.55,32443.49433678363,37.37
Myrsine coriacea,Magnoliopsida,LC,203675.6772155035,17.81,47820.852268652816,23.48,71373.52211451731,35.04
Myrsine dependens,Magnoliopsida,LC,104958.10652102756,9.18,32905.43881249164,31.35,43016.21980011536,40.98
Myrsine guianensis,Magnoliopsida,LC,390621.47810264747,34.15,91845.68622165112,23.51,148078.26851315136,37.91
Myrsine latifolia,Magnoliopsida,LC,256108.03418392793,22.39,52167.43277472287,20.37,82194.04449481852,32.09
Myrsine pellucida,Magnoliopsida,LC,238777.81624881784,20.88,50925.53861935089,21.33,79812.63231754712,33.43
Myrsine pellucidopunctata,Magnoliopsida,LC,156411.2946552323,13.68,25604.165037236635,16.37,42063.19074559131,26.89
Myrteola nummularia,Magnoliopsida,LC,102589.32474030004,8.97,31071.82904353668,30.29,40816.91843684253,39.79
Myrteola phylicoides,Magnoliopsida,NA,33764.695521418806,2.95,9229.37251327591,27.33,12678.078361132644,37.55
Napeanthus apodemus,Magnoliopsida,NA,554741.219702304,48.5,114546.28124548108,20.65,195599.1675310864,35.26
Napeanthus robustus,Magnoliopsida,NA,544923.8514318703,47.65,90461.24077390686,16.6,152184.62800078277,27.93
Nasa grandiflora,Magnoliopsida,NA,4483.616708550613,0.39,698.7781685891114,15.59,2181.8667125266115,48.66
Nasturtium officinale,Magnoliopsida,LC,163151.84342318244,14.27,39438.36054137249,24.17,58234.32437389959,35.69
Naucleopsis caloneura,Magnoliopsida,LC,411648.79262689623,35.99,97031.01628433398,23.57,139142.96472480273,33.8
Naucleopsis capirensis,Magnoliopsida,LC,233461.86623482057,20.41,44842.72818102942,19.21,66677.4062426883,28.56
Naucleopsis concinna,Magnoliopsida,LC,349327.5748618717,30.54,99154.9724097002,28.38,138299.568798833,39.59
Naucleopsis glabra,Magnoliopsida,LC,576529.262775867,50.41,134757.3457762144,23.37,209211.40837437488,36.29
Naucleopsis humilis,Magnoliopsida,LC,76716.58316092147,6.71,14381.110816,18.75,15322.87984,19.97
Naucleopsis imitans,Magnoliopsida,NA,315122.915585825,27.55,86767.67618722217,27.53,126568.11528729297,40.16
Naucleopsis krukovii,Magnoliopsida,LC,608618.9775400549,53.22,115432.06017439064,18.97,179306.49821176787,29.46
Naucleopsis naga,Magnoliopsida,LC,177564.4196959669,15.53,29669.033165146364,16.71,46443.06339329706,26.16
Naucleopsis oblongifolia,Magnoliopsida,VU,448934.5690749556,39.25,102205.97593236426,22.77,144747.29065749707,32.24
Naucleopsis ternstroemiiflora,Magnoliopsida,LC,426166.3711907688,37.26,101596.75324375584,23.84,144813.22872892773,33.98
Naucleopsis ulei,Magnoliopsida,LC,499557.07386040513,43.68,115239.19148771014,23.07,172265.55510567324,34.48
Nautilocalyx colombianus,Magnoliopsida,NA,23315.46500953668,2.04,5804.3857495625,24.9,6404.318011386718,27.47
Nautilocalyx pallidus,Magnoliopsida,NA,628204.5754048976,54.93,118960.51616873706,18.94,184442.50398632715,29.36
Nealchornea yapurensis,Magnoliopsida,LC,354648.76867942093,31.01,100061.66589525098,28.21,139234.69802862598,39.26
Nectandra acuminata,Magnoliopsida,LC,320981.9178300951,28.07,92294.84939880372,28.75,133570.80952620215,41.61
Nectandra acutifolia,Magnoliopsida,LC,404935.00683251,35.41,65760.12060816075,16.24,113091.253115546,27.93
Nectandra amazonum,Magnoliopsida,LC,372269.5279578608,32.55,92483.79679553123,24.84,130661.67959490624,35.1
Nectandra cissiflora,Magnoliopsida,LC,181409.3371336621,15.86,16774.16818638362,9.25,19222.18446264061,10.6
Nectandra cuspidata,Magnoliopsida,LC,881225.9561677172,77.05,142895.36252373146,16.22,258558.1804242245,29.34
Nectandra hihua,Magnoliopsida,LC,805146.6889226089,70.4,156514.0281378935,19.44,268768.96471249074,33.38
Nectandra laurel,Magnoliopsida,LC,174780.24590995244,15.28,40815.42572602734,23.35,61067.929730419855,34.94
Nectandra lineata,Magnoliopsida,LC,315602.00961405673,27.6,59964.0564523718,19,107018.31351752602,33.91
Nectandra lineatifolia,Magnoliopsida,LC,354658.6354125202,31.01,62283.67060312927,17.56,113627.12262199965,32.04
Nectandra longifolia,Magnoliopsida,NA,408212.4810234916,35.69,84223.05649394332,20.63,145772.9390658098,35.71
Nectandra matthewsii,Magnoliopsida,LC,0,0,0,NA,0,NA
Nectandra membranacea,Magnoliopsida,LC,562802.3424316657,49.21,111986.24460083676,19.9,184447.07888719396,32.77
Nectandra obtusata,Magnoliopsida,LC,237269.9807005784,20.75,48428.68419583111,20.41,74941.53000026173,31.58
Nectandra pearcei,Magnoliopsida,LC,397665.5258416386,34.77,66632.72427514319,16.76,93013.57890962584,23.39
Nectandra pichurim,Magnoliopsida,LC,483498.7234893455,42.28,82853.90065667969,17.14,167174.20381258495,34.58
Nectandra pulverulenta,Magnoliopsida,LC,83053.92688605061,7.26,4587.339112598633,5.52,5616.311262036133,6.76
Nectandra turbacensis,Magnoliopsida,LC,382733.1419572988,33.46,55923.084386120696,14.61,123853.7129530612,32.36
Neea amplifolia,Magnoliopsida,LC,628421.4172297165,54.95,134393.19921456146,21.39,208889.36071742052,33.24
Neea divaricata,Magnoliopsida,LC,768683.6189530116,67.21,150561.6073580532,19.59,234933.46820889087,30.56
Neea floribunda,Magnoliopsida,LC,460852.3820497379,40.3,112070.89997179822,24.32,171927.5066051234,37.31
Neea laxa,Magnoliopsida,LC,391330.21251548623,34.22,103321.6487164314,26.4,151476.10032849974,38.71
Neea macrophylla,Magnoliopsida,LC,507170.27121540246,44.35,119758.92096912884,23.61,183658.57240054457,36.21
Neea obovata,Magnoliopsida,NA,178756.946873313,15.63,35236.0390011875,19.71,55413.8829691875,31
Neea parviflora,Magnoliopsida,LC,467100.39828757936,40.84,111834.32121490246,23.94,167953.44455682978,35.96
Neea robusta,Magnoliopsida,NA,585204.0488430349,51.17,98152.09758489089,16.77,147523.05191304834,25.21
Neea spruceana,Magnoliopsida,LC,522191.47388377285,45.66,117135.35277896088,22.43,179504.9819372267,34.38
Neea verticillata,Magnoliopsida,LC,359082.02755013923,31.4,100346.065285458,27.95,141278.7380452627,39.34
Neea virens,Magnoliopsida,LC,669962.3342010484,58.58,143716.0348207081,21.45,226562.9956123919,33.82
Neocouma ternstroemiacea,Magnoliopsida,LC,325505.5448256813,28.46,79913.32210301855,24.55,110292.35869408103,33.88
Neomirandea eximia,Magnoliopsida,NA,44.299265605714275,0,27.065042,61.1,27.065042,61.1
Neomirandea parasitica,Magnoliopsida,NA,0,0,0,NA,0,NA
Neomirandea sciaphila,Magnoliopsida,NA,31823.98798306235,2.78,6845.0637980258025,21.51,10429.796405038986,32.77
Neomortonia rosea,Magnoliopsida,NA,89059.38551048702,7.79,9410.754264536134,10.57,11549.495553547364,12.97
Neonelsonia acuminata,Magnoliopsida,NA,137560.03395758985,12.03,35084.88078696942,25.51,49659.25617218079,36.1
Neoptychocarpus chocoensis,Magnoliopsida,LC,62733.84665925319,5.49,5772.110131118897,9.2,10324.569174624756,16.46
Neoptychocarpus killipii,Magnoliopsida,LC,389106.562005508,34.02,101338.44276243848,26.04,149072.70959424318,38.31
Neosprucea grandiflora,Magnoliopsida,LC,224938.0723236904,19.67,45769.7143059635,20.35,59200.98177869495,26.32
Neosprucea montana,Magnoliopsida,LC,191450.3782441133,16.74,42873.69905276233,22.39,65353.70659910504,34.14
Nepsera aquatica,Magnoliopsida,NA,731750.9091415108,63.98,144127.1066054351,19.7,217414.91838595973,29.71
Neptunia prostrata,Magnoliopsida,NA,371379.0279464676,32.47,31515.1504851467,8.49,85383.5535698787,22.99
Nerium oleander,Magnoliopsida,LC,403572.3835209733,35.29,62634.892785554395,15.52,131117.33739406886,32.49
Nertera granadensis,Magnoliopsida,NA,169370.54290980706,14.81,45679.274946885074,26.97,60874.626928146914,35.94
Neurolaena lobata,Magnoliopsida,NA,735603.5688083186,64.32,136665.5116393068,18.58,214029.8533412205,29.1
Nicandra physalodes,Magnoliopsida,NA,136833.6291789913,11.96,26606.884444071387,19.44,43632.8985683646,31.89
Nicotiana glauca,Magnoliopsida,LC,83249.1300226074,7.28,20805.21268682672,24.99,30649.479887677735,36.82
Nicotiana rustica,Magnoliopsida,NA,2491.331279235569,0.22,54.867266,2.2,638.537794,25.63
Nicotiana tabacum,Magnoliopsida,NA,735613.074101692,64.32,144367.71456062936,19.63,241412.32753572785,32.82
Niedenzuella stannea,Magnoliopsida,NA,524250.1454077225,45.84,109292.8046880874,20.85,168162.27230499903,32.08
Niphogeton dissecta,Magnoliopsida,NA,53601.33046855741,4.69,16931.336243679718,31.59,21790.839852929443,40.65
Niphogeton glaucescens,Magnoliopsida,NA,22424.532455595698,1.96,8386.829403590438,37.4,9745.203582308732,43.46
Niphogeton ternata,Magnoliopsida,NA,62460.53525776966,5.46,22323.8705871582,35.74,27886.98595242511,44.65
Nissolia fruticosa,Magnoliopsida,NA,45264.20267376818,3.96,4356.803156846893,9.63,14168.592411097445,31.3
Nomopyle dodsonii,Magnoliopsida,NA,1234.8613990191063,0.11,2.20126025,0.18,2.20126025,0.18
Norantea guianensis,Magnoliopsida,NA,1002438.3767516958,87.65,166571.48246542952,16.62,284392.9601618415,28.37
Nothotalisia peruviana,Magnoliopsida,LC,264692.3277324679,23.14,70433.13537239126,26.61,104501.72943088735,39.48
Noticastrum marginatum,Magnoliopsida,NA,90574.5134419738,7.92,27250.291123459738,30.09,35708.59131490437,39.42
Notopleura aggregata,Magnoliopsida,NA,169413.8994378532,14.81,35655.53229836554,21.05,53722.27715320532,31.71
Notopleura anomothyrsa,Magnoliopsida,NA,761360.4407417742,66.57,155999.64724984986,20.49,243117.2726426527,31.93
Notopleura camponutans,Magnoliopsida,NA,8712.961262100129,0.76,1946.782648255371,22.34,2571.9974372929687,29.52
Notopleura capacifolia,Magnoliopsida,NA,567276.6970207376,49.6,137950.56306570256,24.32,212461.7565850553,37.45
Notopleura dukei,Magnoliopsida,NA,226852.16925522732,19.84,51425.39822636029,22.67,74141.7519648009,32.68
Notopleura epiphytica,Magnoliopsida,NA,555171.1873665364,48.54,102926.15382442184,18.54,152614.1074989431,27.49
Notopleura iridescens,Magnoliopsida,NA,112725.10032213952,9.86,20586.623211531005,18.26,22812.970168741944,20.24
Notopleura lateriflora,Magnoliopsida,NA,59909.78303765788,5.24,14780.462393130249,24.67,20049.698734146117,33.47
Notopleura leucantha,Magnoliopsida,NA,288240.0238350716,25.2,66514.30668211273,23.08,95108.71132947644,33
Notopleura longipedunculoides,Magnoliopsida,NA,249792.80157178175,21.84,55472.98799725738,22.21,84084.51487678564,33.66
Notopleura longissima,Magnoliopsida,NA,170949.44125383667,14.95,27533.028868083064,16.11,39950.47900836377,23.37
Notopleura macrophylla,Magnoliopsida,NA,423425.93117106514,37.02,73843.05237413928,17.44,122150.76677489074,28.85
Notopleura marginata,Magnoliopsida,NA,32645.97661869414,2.85,10299.729861806549,31.55,13657.450157115692,41.84
Notopleura micayensis,Magnoliopsida,NA,106317.84260151944,9.3,21437.98233216443,20.16,29585.02263181067,27.83
Notopleura montana,Magnoliopsida,NA,212682.66475835253,18.6,41784.63591939708,19.65,67188.2239213438,31.59
Notopleura parasiggersiana,Magnoliopsida,NA,324753.59276979975,28.4,79321.67715662316,24.43,113914.93237646043,35.08
Notopleura patria,Magnoliopsida,NA,694390.2093759123,60.71,153894.00735248515,22.16,237228.6217499036,34.16
Notopleura pithecobia,Magnoliopsida,NA,320191.4405919778,28,60080.52219879685,18.76,88394.30178040738,27.61
Notopleura plagiantha,Magnoliopsida,NA,684958.6523960672,59.89,155630.50159451293,22.72,226937.5944505454,33.13
Notopleura polyphlebia,Magnoliopsida,NA,465700.2516708092,40.72,88516.04478458736,19.01,132665.537478461,28.49
Notopleura scarlatina,Magnoliopsida,NA,209980.2612256601,18.36,43566.28535297836,20.75,68849.87966217753,32.79
Notopleura siggersiana,Magnoliopsida,NA,274840.3475435138,24.03,62029.56010420453,22.57,90010.5979787152,32.75
Notopleura steyermarkiana,Magnoliopsida,NA,231877.53412449223,20.27,50005.96226803122,21.57,81628.32247673135,35.2
Notopleura tapajozensis,Magnoliopsida,NA,269597.2193596182,23.57,62673.51439526661,23.25,88581.5675198291,32.86
Notopleura tolimensis,Magnoliopsida,NA,444164.8099918657,38.84,74096.93650884001,16.68,119569.01909629763,26.92
Notopleura uliginosa,Magnoliopsida,NA,741597.2660461239,64.84,141691.56218724174,19.11,238243.96643829087,32.13
Notopleura wilburiana,Magnoliopsida,NA,31461.95823338162,2.75,3895.8339768115234,12.38,5159.998603952148,16.4
Nymphoides indica,Magnoliopsida,LC,672614.2176932173,58.81,105743.34267934556,15.72,206219.7680504637,30.66
Ochoterenaea colombiana,Magnoliopsida,LC,299595.6397210754,26.2,42184.44604961371,14.08,79646.50841459632,26.58
Ochroma pyramidale,Magnoliopsida,LC,892028.2118133715,78,161555.99282009082,18.11,252130.0279095009,28.26
Ochthocosmus multiflorus,Magnoliopsida,NA,25364.36875208284,2.22,653.15891425,2.58,3138.27379425,12.37
Ocimum basilicum,Magnoliopsida,NA,475683.63123290194,41.59,65938.44099604075,13.86,140178.336252305,29.47
Ocimum campechianum,Magnoliopsida,NA,925836.6277545664,80.95,174248.50093904304,18.82,292472.7032425381,31.59
Ocotea aciphylla,Magnoliopsida,LC,875353.9250645463,76.54,153308.621623718,17.51,240061.9365803577,27.42
Ocotea amazonica,Magnoliopsida,LC,639693.6908649367,55.93,122110.75922908008,19.09,189844.5761700259,29.68
Ocotea argyrophylla,Magnoliopsida,LC,410929.2173654217,35.93,102159.26522754834,24.86,145337.06585871827,35.37
Ocotea cernua,Magnoliopsida,NA,981094.2213036412,85.78,170988.71972064744,17.43,283761.684311321,28.92
Ocotea cujumary,Magnoliopsida,LC,175290.4205497799,15.33,36547.21058091504,20.85,38527.91172273535,21.98
Ocotea esmeraldana,Magnoliopsida,LC,303614.4806579781,26.55,57673.158603078125,19,90573.08194845312,29.83
Ocotea floribunda,Magnoliopsida,LC,989118.6736282303,86.48,180025.46878784124,18.2,282273.5641350121,28.54
Ocotea glomerata,Magnoliopsida,LC,170644.9218993119,14.92,20924.46976840631,12.26,38251.228153039614,22.42
Ocotea gracilis,Magnoliopsida,LC,571295.8746723945,49.95,104015.8783982041,18.21,159850.12874340723,27.98
Ocotea guianensis,Magnoliopsida,LC,985126.9876428498,86.14,164239.2925360623,16.67,291639.8525460857,29.6
Ocotea heterochroma,Magnoliopsida,LC,74680.6921961032,6.53,19964.67191056704,26.73,26285.652425240565,35.2
Ocotea infrafoveolata,Magnoliopsida,LC,27701.136577131707,2.42,8752.62272756314,31.6,11742.008281690763,42.39
Ocotea insularis,Magnoliopsida,LC,229594.95561052117,20.07,45640.48327443321,19.88,73663.50202247911,32.08
Ocotea javitensis,Magnoliopsida,LC,696700.2900429757,60.92,134690.56304672346,19.33,203368.08762119408,29.19
Ocotea leucoxylon,Magnoliopsida,LC,794800.3295200117,69.49,156602.82455791254,19.7,235814.2801728343,29.67
Ocotea longifolia,Magnoliopsida,LC,852190.6693366902,74.51,144581.6864057619,16.97,232171.43629412193,27.24
Ocotea macropoda,Magnoliopsida,LC,243412.15850008017,21.28,43147.2443595679,17.73,73918.06803671435,30.37
Ocotea myriantha,Magnoliopsida,LC,544324.5770506781,47.59,108815.88663191044,19.99,162554.0698164817,29.86
Ocotea neesiana,Magnoliopsida,LC,373307.7343313247,32.64,59477.8976223634,15.93,77026.00147499182,20.63
Ocotea oblonga,Magnoliopsida,LC,814753.696329997,71.24,166322.185960992,20.41,250796.11847847924,30.78
Ocotea olivacea,Magnoliopsida,LC,277629.7805669906,24.27,47059.53342728882,16.95,65543.29026997657,23.61
Ocotea pauciflora,Magnoliopsida,LC,303447.8701349708,26.53,67119.60579487696,22.12,101699.86721625976,33.51
Ocotea puberula,Magnoliopsida,LC,868453.7325582524,75.93,167305.4583522285,19.26,254472.41588558996,29.3
Ocotea rhodophylla,Magnoliopsida,LC,521919.7897219992,45.63,104227.22960216385,19.97,149466.79826649706,28.64
Ocotea sanariapensis,Magnoliopsida,LC,228981.64464793075,20.02,14365.668407429688,6.27,29573.136810515625,12.92
Ocotea schomburgkiana,Magnoliopsida,LC,393113.8986930261,34.37,63457.2207918244,16.14,113047.52884054444,28.76
Ocotea sericea,Magnoliopsida,LC,60881.83677578902,5.32,22832.77199289593,37.5,28734.425425093625,47.2
Ocotea smithiana,Magnoliopsida,LC,104920.03061782027,9.17,26307.126436908995,25.07,37107.035991136734,35.37
Ocotea splendens,Magnoliopsida,LC,286889.8846189237,25.08,56980.61161413379,19.86,77908.60907554785,27.16
Ocotea tessmannii,Magnoliopsida,LC,417411.9941768638,36.5,73712.29839679334,17.66,121002.88765797028,28.99
Ocotea valerioana,Magnoliopsida,LC,158387.45401953455,13.85,34005.764081153626,21.47,49263.02859174243,31.1
Odonellia hirtiflora,Magnoliopsida,NA,672859.0029268884,58.83,101904.69062519756,15.15,206283.55555180303,30.66
Odontadenia funigera,Magnoliopsida,NA,380165.4416619092,33.24,77835.25994970703,20.47,108757.55247710546,28.61
Odontadenia geminata,Magnoliopsida,NA,353450.7736871376,30.9,59311.58402748145,16.78,78507.9817519502,22.21
Odontadenia killipii,Magnoliopsida,NA,320963.7151146314,28.06,68800.19385207129,21.44,93907.28952409473,29.26
Odontadenia nitida,Magnoliopsida,NA,795312.3554173013,69.54,132582.04982778855,16.67,232941.14545305667,29.29
Odontadenia puncticulosa,Magnoliopsida,NA,941425.4741372444,82.31,162413.7541791556,17.25,268424.18060157076,28.51
Odontadenia verrucosa,Magnoliopsida,NA,868975.5851486166,75.98,146705.32782935633,16.88,238943.51428467117,27.5
Odontocarya floribunda,Magnoliopsida,NA,308967.1918091374,27.01,31157.291164800292,10.08,76102.96162619861,24.63
Odontocarya tamoides,Magnoliopsida,NA,536641.3737355177,46.92,80062.49697132174,14.92,159450.86544369682,29.71
Odontocarya tripetala,Magnoliopsida,NA,596027.8070287154,52.11,113276.50706708012,19.01,180039.00193884553,30.21
Odontonema bracteolatum,Magnoliopsida,NA,374689.0628657747,32.76,22020.65952191478,5.88,71818.46082538218,19.17
Odontonema rubrum,Magnoliopsida,NA,146645.29327107902,12.82,19451.120137131104,13.26,51575.257036045165,35.17
Odontonema sessile,Magnoliopsida,NA,25208.123289272684,2.2,3275.632848636719,12.99,7237.1450952851565,28.71
Oenothera epilobiifolia,Magnoliopsida,NA,24862.895256101663,2.17,6831.643265528076,27.48,9516.418803006836,38.28
Oenothera multicaulis,Magnoliopsida,NA,30217.305579282507,2.64,8485.655765526031,28.08,11427.905984115076,37.82
Oenothera rosea,Magnoliopsida,NA,3118.7274718739463,0.27,219.85304065625,7.05,1317.63093665625,42.25
Oldenlandia corymbosa,Magnoliopsida,NA,864103.4304737068,75.55,135394.8995459714,15.67,238102.702772887,27.55
Oldenlandia lancifolia,Magnoliopsida,LC,793368.6890354225,69.37,133986.51114649826,16.89,211178.52601800955,26.62
Oligactis volubilis,Magnoliopsida,NA,111620.16271592176,9.76,23591.483122680413,21.14,35105.531965498034,31.45
Omphalea diandra,Magnoliopsida,NA,683028.5700608623,59.72,129951.99075056944,19.03,199627.8002375707,29.23
Operculina hamiltonii,Magnoliopsida,NA,338237.98312907683,29.57,24735.099130743376,7.31,68242.30136467752,20.18
Ophiocaryon heterophyllum,Magnoliopsida,LC,301202.1175928114,26.34,69744.30729853419,23.16,99404.76864190528,33
Ophiocaryon klugii,Magnoliopsida,LC,138988.68367248532,12.15,31363.30382175,22.57,34483.85111775,24.81
Opisthocentra clidemioides,Magnoliopsida,NA,235366.8850968614,20.58,68771.7837316797,29.22,106765.6724836797,45.36
Opuntia pubescens,Magnoliopsida,LC,2829.143203195107,0.25,84.54496999511719,2.99,85.89929274902343,3.04
Opuntia quitensis,Magnoliopsida,LC,8369.28417136962,0.73,1745.0991747314454,20.85,2398.371715435547,28.66
Oreopanax bogotensis,Magnoliopsida,NA,86694.72940954231,7.58,26559.25596692572,30.64,35345.709353505314,40.77
Oreopanax capitatus,Magnoliopsida,LC,308580.4268530144,26.98,61599.08239847162,19.96,96034.2894683944,31.12
Oreopanax confusus,Magnoliopsida,LC,254957.85929844575,22.29,45353.637211711226,17.79,66818.78696212673,26.21
Oreopanax discolor,Magnoliopsida,LC,74777.73997128161,6.54,27901.926430914,37.31,35301.28928443262,47.21
Oreopanax eriocephalus,Magnoliopsida,NA,4644.038996783043,0.41,106.80826171191406,2.3,1350.310181711914,29.08
Oreopanax glabrifolius,Magnoliopsida,LC,165964.80332584816,14.51,37655.92025337237,22.69,55900.22776457251,33.68
Oreopanax incisus,Magnoliopsida,LC,97068.40147678064,8.49,25534.836229735592,26.31,35475.96438846912,36.55
Oreopanax mutisianus,Magnoliopsida,LC,22193.613351034423,1.94,8253.969847739501,37.19,9082.49770347998,40.92
Oreopanax seemannianus,Magnoliopsida,LC,21651.188533350287,1.89,7161.292761104797,33.08,9656.290824010865,44.6
Origanum majorana,Magnoliopsida,NA,594073.8479024182,51.94,112261.81320262417,18.9,187216.89859650037,31.51
Oritrophium limnophilum,Magnoliopsida,NA,19387.016368468023,1.7,9146.552225701173,47.18,10670.614994966796,55.04
Oritrophium peruvianum,Magnoliopsida,NA,53048.13446473518,4.64,20362.72546763299,38.39,24587.38186978851,46.35
Ormosia amazonica,Magnoliopsida,LC,641294.1030798835,56.07,117791.04252595312,18.37,183594.4527824717,28.63
Ormosia coarctata,Magnoliopsida,LC,601107.9850774936,52.56,115799.95904385252,19.26,178424.63948910157,29.68
Ormosia coccinea,Magnoliopsida,LC,757488.2510418474,66.23,129464.52105103442,17.09,217742.6345683457,28.75
Ormosia discolor,Magnoliopsida,LC,509135.4771781195,44.52,110750.4049171284,21.75,158986.89827826805,31.23
Ormosia macrocalyx,Magnoliopsida,LC,842647.3773474806,73.68,141098.44198114987,16.74,247336.97850554445,29.35
Ormosia macrophylla,Magnoliopsida,LC,316069.94426584424,27.64,49704.845063032226,15.73,84056.41250259473,26.59
Ormosia paraensis,Magnoliopsida,LC,638645.9571401231,55.84,88987.6930734027,13.93,174242.87484276318,27.28
Orthaea glandulifera,Magnoliopsida,LC,161410.5868766947,14.11,31887.02522000522,19.76,48011.96886950518,29.75
Orthomene schomburgkii,Magnoliopsida,NA,638735.2719240465,55.85,100471.18895271752,15.73,164063.62392967095,25.69
Orthopappus angustifolius,Magnoliopsida,NA,928203.9316082128,81.16,150274.76628086643,16.19,263263.25709507527,28.36
Oryctanthus alveolatus,Magnoliopsida,NA,1055132.1266060618,92.26,185189.36126411767,17.55,307720.15793448535,29.16
Oryctanthus cordifolius,Magnoliopsida,NA,143567.83022101945,12.55,20596.75313455298,14.35,45324.79940437256,31.57
Oryctanthus florulentus,Magnoliopsida,NA,792716.0008515377,69.31,138885.39196857286,17.52,217723.59364634755,27.47
Oryctanthus occidentalis,Magnoliopsida,NA,388710.5693992353,33.99,59150.812756509506,15.22,104442.83113096384,26.87
Oryctanthus spicatus,Magnoliopsida,NA,989278.1548414696,86.5,175036.71579949243,17.69,287874.7290927026,29.1
Ossaea micrantha,Magnoliopsida,NA,227923.7524301699,19.93,45788.735938768,20.09,73122.76006470495,32.08
Osteophloeum platyspermum,Magnoliopsida,LC,605053.3501873468,52.9,116575.15365741291,19.27,176770.57326064614,29.22
Otoba glycycarpa,Magnoliopsida,LC,204148.12735887503,17.85,37921.43866076453,18.58,47463.68898618738,23.25
Otoba gordoniifolia,Magnoliopsida,LC,195535.3610586008,17.1,37762.127930415525,19.31,56164.76674512884,28.72
Otoba latialata,Magnoliopsida,LC,200927.53345945687,17.57,29158.769858077332,14.51,46871.626861411896,23.33
Otoba lehmannii,Magnoliopsida,LC,110560.81036881825,9.67,19329.689919951412,17.48,28323.868030400772,25.62
Otoba novogranatensis,Magnoliopsida,LC,292763.5082118434,25.6,48707.60114006803,16.64,87485.39567507997,29.88
Otoba parvifolia,Magnoliopsida,NA,414549.51158546464,36.25,66281.65789456763,15.99,100807.37055608263,24.32
Ottoa oenanthoides,Magnoliopsida,NA,5260.317674266551,0.46,322.53291511083984,6.13,1936.78264311084,36.82
Ouratea amplifolia,Magnoliopsida,LC,741229.4022991356,64.81,128701.71630070434,17.36,218725.06044133668,29.51
Ouratea aquatica,Magnoliopsida,LC,85715.49697322879,7.49,4672.25748044336,5.45,9680.84073644336,11.29
Ouratea castaneifolia,Magnoliopsida,NA,506392.8361058296,44.28,73893.53731505323,14.59,154393.7351565747,30.49
Ouratea ferruginea,Magnoliopsida,LC,536069.6280438628,46.87,58847.98532672192,10.98,119358.8604374978,22.27
Ouratea iquitosensis,Magnoliopsida,LC,251915.51794775197,22.03,57740.746627787965,22.92,88224.5008396199,35.02
Ouratea lucens,Magnoliopsida,LC,164764.31724177444,14.41,22667.24251005223,13.76,50990.15024311402,30.95
Ouratea pendula,Magnoliopsida,LC,496406.8695143588,43.4,113089.10409526514,22.78,172919.08895283644,34.83
Ouratea polyantha,Magnoliopsida,LC,794335.7530810368,69.45,129366.69616125178,16.29,227179.48553149836,28.6
Ouratea ramosissima,Magnoliopsida,LC,433086.6579720064,37.87,88513.72020810937,20.44,132766.2815779375,30.66
Ouratea roraimae,Magnoliopsida,LC,282510.3432657139,24.7,65718.63494997656,23.26,109475.87496608398,38.75
Ouratea spruceana,Magnoliopsida,LC,685150.2448261427,59.91,121813.63349664722,17.78,212551.53953961888,31.02
Ouratea superba,Magnoliopsida,LC,560178.2322090243,48.98,106999.3813084917,19.1,164126.27378824365,29.3
Ouratea weberbaueri,Magnoliopsida,LC,485790.0569376683,42.48,85904.21941925577,17.68,143644.65975164904,29.57
Ourisia chamaedrifolia,Magnoliopsida,NA,17725.977698858493,1.55,5844.15877779065,32.97,8052.320302282837,45.43
Oxalis barrelieri,Magnoliopsida,NA,1021309.8086515068,89.3,184133.8238945585,18.03,297530.08262793627,29.13
Oxalis corniculata,Magnoliopsida,NA,176035.03588287346,15.39,40471.33161963599,22.99,60293.42470236102,34.25
Oxalis fendleri,Magnoliopsida,NA,116804.45152843758,10.21,30126.31871598381,25.79,43951.759574526506,37.63
Oxalis filiformis,Magnoliopsida,NA,28056.423280395047,2.45,7215.723404802841,25.72,8995.074851719986,32.06
Oxalis hedysaroides,Magnoliopsida,NA,150562.13801944978,13.16,31024.573933768617,20.61,46886.88835088745,31.14
Oxalis integra,Magnoliopsida,NA,211993.0130553554,18.54,48734.14096211907,22.99,72201.702498745,34.06
Oxalis latifolia,Magnoliopsida,NA,139216.5558742316,12.17,30304.906084348797,21.77,46252.9383803678,33.22
Oxalis lotoides,Magnoliopsida,NA,52144.23038186348,4.56,14400.868283092575,27.62,19597.604089793993,37.58
Oxalis medicaginea,Magnoliopsida,NA,111110.86181183586,9.72,28854.402295113705,25.97,40651.53662418933,36.59
Oxalis mollis,Magnoliopsida,NA,121999.17174553356,10.67,34858.70000503265,28.57,47186.50863888953,38.68
Oxalis peduncularis,Magnoliopsida,NA,5965.517699557257,0.52,391.8460498139648,6.57,2162.601431313965,36.25
Oxalis phaeotricha,Magnoliopsida,NA,90416.60001234405,7.91,23294.632271426864,25.76,33531.92044105235,37.09
Oxalis spiralis,Magnoliopsida,NA,118043.32693099495,10.32,33520.973478538814,28.4,45805.98653810169,38.8
Oxalis tabaconasensis,Magnoliopsida,NA,168910.70518579628,14.77,41912.12921273224,24.81,59639.9650875188,35.31
Oxandra espintana,Magnoliopsida,LC,692604.2321166835,60.56,105038.6849660415,15.17,194108.78248253395,28.03
Oxandra euneura,Magnoliopsida,LC,442506.74194538617,38.69,102100.42438807715,23.07,145209.00816124902,32.82
Oxandra leucodermis,Magnoliopsida,LC,146163.69009349195,12.78,25924.7955825,17.74,33739.8797425,23.08
Oxandra mediocris,Magnoliopsida,LC,572656.25635104906,50.07,110415.08158862012,19.28,169073.36844164648,29.52
Oxandra panamensis,Magnoliopsida,LC,183287.00183040308,16.03,21014.206645839844,11.47,54422.42406764453,29.69
Oxandra polyantha,Magnoliopsida,LC,383251.3018454471,33.51,102829.23187064796,26.83,150368.69406391357,39.24
Oxandra venezuelana,Magnoliopsida,LC,201157.30474670336,17.59,18728.23854753482,9.31,60492.599596825654,30.07
Oxandra xylopioides,Magnoliopsida,LC,318113.59858376946,27.81,79068.38100659473,24.86,109296.75661934084,34.36
Oxypetalum cordifolium,Magnoliopsida,NA,158190.1467988274,13.83,29666.30271107431,18.75,47309.22557151056,29.91
Oyedaea verbesinoides,Magnoliopsida,LC,9048.374082269083,0.79,767.3177594613952,8.48,765.9943447592163,8.47
Pachira amazonica,Magnoliopsida,LC,99800.5971480514,8.73,5127.775472015625,5.14,9289.026445015625,9.31
Pachira aquatica,Magnoliopsida,LC,998920.2218811992,87.34,176642.85009789007,17.68,293590.34563711664,29.39
Pachira brevipes,Magnoliopsida,LC,235493.69029681248,20.59,63518.210430266605,26.97,89457.5528582666,37.99
Pachira coriacea,Magnoliopsida,LC,308887.8564763725,27.01,80290.29380707812,25.99,119861.88588707813,38.8
Pachira humilis,Magnoliopsida,LC,80369.3591435194,7.03,10699.77286325879,13.31,13923.402575511718,17.32
Pachira insignis,Magnoliopsida,LC,523744.0664704243,45.79,125873.1189380102,24.03,186994.36310357676,35.7
Pachira minor,Magnoliopsida,LC,505977.62405586673,44.24,87443.54406995434,17.28,122145.59472193336,24.14
Pachira nitida,Magnoliopsida,LC,557217.2083984009,48.72,108340.9018641799,19.44,164825.1437703359,29.58
Pachira patinoi,Magnoliopsida,LC,29608.17052160658,2.59,3806.445157539307,12.86,8317.950927695556,28.09
Pachira sessilis,Magnoliopsida,LC,224390.0350361837,19.62,20306.088597076872,9.05,59456.1109401658,26.5
Pachira sordida,Magnoliopsida,LC,131875.269262543,11.53,10801.541530515626,8.19,15147.647270515625,11.49
Pachira speciosa,Magnoliopsida,LC,651252.8863074242,56.94,105161.8767167293,16.15,182167.2404719025,27.97
Pachira trinitensis,Magnoliopsida,LC,424326.14648553944,37.1,92270.19852181192,21.75,173143.1189312482,40.8
Pachyloma coriaceum,Magnoliopsida,LC,193498.04564915475,16.92,57582.6837798125,29.76,93296.2502118125,48.22
Pachyloma huberioides,Magnoliopsida,NA,125766.81518608276,11,13375.511461,10.64,22694.48456275,18.04
Pachyptera kerere,Magnoliopsida,NA,868010.7745120692,75.9,144237.11136238987,16.62,250141.16368971052,28.82
Pachystachys lutea,Magnoliopsida,NA,289842.92749981175,25.34,45493.75266048033,15.7,85855.65336195836,29.62
Pachystachys spicata,Magnoliopsida,NA,742408.1835142468,64.91,138876.87277753843,18.71,219527.64931242715,29.57
Pagamea coriacea,Magnoliopsida,LC,545607.1208209139,47.71,81733.90979722656,14.98,118283.0110429756,21.68
Pagamea guianensis,Magnoliopsida,LC,698518.4558478096,61.08,121038.4839277539,17.33,185691.62445957324,26.58
Pagamea hirsuta,Magnoliopsida,LC,149396.42409698386,13.06,21434.81427425,14.35,23923.41101025,16.01
Pagamea plicata,Magnoliopsida,LC,426471.9957044726,37.29,93172.69842298926,21.85,129781.90681410643,30.43
Pagamea thyrsiflora,Magnoliopsida,LC,602500.6410110071,52.68,114071.07857448143,18.93,167917.11948330177,27.87
Palicourea acanthacea,Magnoliopsida,NA,59674.37390451032,5.22,5749.060533351562,9.63,7467.034831858398,12.51
Palicourea acetosoides,Magnoliopsida,LC,91389.50799609342,7.99,20158.063476038697,22.06,31369.047527532897,34.32
Palicourea amethystina,Magnoliopsida,LC,165124.60218486094,14.44,37860.3233507066,22.93,56074.10740466443,33.96
Palicourea andaluciana,Magnoliopsida,LC,277670.76140583964,24.28,53782.7191001257,19.37,80435.75725349966,28.97
Palicourea angustifolia,Magnoliopsida,LC,144973.1071517408,12.68,38079.82221369367,26.27,54383.37889604297,37.51
Palicourea apicata,Magnoliopsida,LC,122899.01947301318,10.75,34817.06606301843,28.33,47802.08387465775,38.9
Palicourea aschersonianoides,Magnoliopsida,NA,111138.5666513194,9.72,32633.11406749817,29.36,42006.45694019513,37.8
Palicourea buntingii,Magnoliopsida,LC,115666.15105969594,10.11,22543.51681412915,19.49,45774.56046452124,39.57
Palicourea calophlebia,Magnoliopsida,LC,82100.2790062012,7.18,16971.11061755114,20.67,26118.308074113826,31.81
Palicourea calothyrsus,Magnoliopsida,VU,281028.0454404252,24.57,51172.99077105115,18.21,78452.35783490192,27.92
Palicourea charianthema,Magnoliopsida,NA,60052.308335610825,5.25,16271.91808,27.1,16715.951584,27.84
Palicourea chimboracensis,Magnoliopsida,LC,41943.40653461824,3.67,7532.821890815735,17.96,12925.196267284393,30.82
Palicourea cogolloi,Magnoliopsida,LC,117176.87558845725,10.25,28120.986668799676,24,39884.36890588897,34.04
Palicourea conferta,Magnoliopsida,NA,892334.0042110479,78.02,155079.1038720641,17.38,246044.40935293812,27.57
Palicourea corymbifera,Magnoliopsida,LC,638451.1906542154,55.82,118091.88883014844,18.5,183279.84559444044,28.71
Palicourea crocea,Magnoliopsida,NA,928241.3335192248,81.16,150636.0882574848,16.23,258650.8283518619,27.86
Palicourea croceoides,Magnoliopsida,NA,883411.3793184959,77.24,135629.67497106385,15.35,248894.1994167217,28.17
Palicourea cuatrecasasii,Magnoliopsida,LC,170562.93340786744,14.91,32349.29371172049,18.97,52526.16449472852,30.8
Palicourea demissa,Magnoliopsida,LC,173712.7326940603,15.19,44234.22204996569,25.46,64267.322673389455,37
Palicourea deviae,Magnoliopsida,LC,193768.0357393246,16.94,38281.35862280841,19.76,57618.53064298389,29.74
Palicourea fastigiata,Magnoliopsida,NA,912310.5711479508,79.77,152977.7698570044,16.77,261659.42061443257,28.68
Palicourea garciae,Magnoliopsida,LC,191338.67632018533,16.73,43512.973074825255,22.74,64565.57065521777,33.74
Palicourea gomezii,Magnoliopsida,LC,220706.55756841623,19.3,35201.03237068653,15.95,58172.495477384065,26.36
Palicourea grandiceps,Magnoliopsida,NA,114111.19311857916,9.98,29851.199822312257,26.16,31151.528937374755,27.3
Palicourea grandiflora,Magnoliopsida,LC,844344.7966500263,73.83,147450.2619893302,17.46,226467.73339194537,26.82
Palicourea grandifolia,Magnoliopsida,LC,725747.2325608499,63.46,123265.4259486831,16.98,209774.52469256445,28.9
Palicourea grandistipula,Magnoliopsida,NT,98215.71048012548,8.59,10967.839836793864,11.17,15100.771085376871,15.38
Palicourea guianensis,Magnoliopsida,LC,896492.1722216341,78.39,168459.34992439282,18.79,263055.36276841065,29.34
Palicourea heterochroma,Magnoliopsida,LC,147313.15505442693,12.88,31329.320218391415,21.27,48360.32852553491,32.83
Palicourea holmgrenii,Magnoliopsida,NT,45622.58869180743,3.99,11040.919760089642,24.2,16117.768814379831,35.33
Palicourea hospitalis,Magnoliopsida,NA,167528.35834009043,14.65,35696.32863690344,21.31,54200.175356494015,32.35
Palicourea iquitoensis,Magnoliopsida,NA,139483.98241456188,12.2,26911.7032542666,19.29,29254.9300542666,20.97
Palicourea lachnantha,Magnoliopsida,NA,118287.78876157726,10.34,28748.55104,24.3,29339.108576,24.8
Palicourea lasiantha,Magnoliopsida,NA,348910.5350494009,30.51,84009.49402735742,24.08,128396.0976715088,36.8
Palicourea lasiorrhachis,Magnoliopsida,LC,213962.81147760936,18.71,41328.31763944141,19.32,60463.03610393762,28.26
Palicourea lineata,Magnoliopsida,LC,4635.400550656324,0.41,129.19965848535156,2.79,1387.7860264853516,29.94
Palicourea longiflora,Magnoliopsida,NA,376342.0341493674,32.91,60287.065683364504,16.02,97156.59123768313,25.82
Palicourea longistipulata,Magnoliopsida,LC,612986.1964841206,53.6,107935.13068887305,17.61,172521.70371002832,28.14
Palicourea luteonivea,Magnoliopsida,NA,227263.19233436423,19.87,51724.45280686084,22.76,70680.79201824512,31.1
Palicourea lyristipula,Magnoliopsida,LC,155432.8109649249,13.59,37603.06467460895,24.19,52973.337964404294,34.08
Palicourea macarthurorum,Magnoliopsida,NA,210362.3098900243,18.39,45657.25765252355,21.7,59336.43565707385,28.21
Palicourea macrobotrys,Magnoliopsida,NA,174387.9615199118,15.25,25055.58291889041,14.37,42727.11046296414,24.5
Palicourea mansoana,Magnoliopsida,LC,245299.1456863688,21.45,27838.085195570235,11.35,40362.70881480412,16.45
Palicourea nigricans,Magnoliopsida,LC,337318.9426951711,29.49,84737.63006519336,25.12,131774.65114727977,39.07
Palicourea nitidella,Magnoliopsida,NA,480310.3678659744,42,61714.110753444824,12.85,85396.29353994239,17.78
Palicourea obovata,Magnoliopsida,LC,12083.136186517291,1.06,3019.933426778076,24.99,4930.695051199951,40.81
Palicourea ovalis,Magnoliopsida,LC,269141.9676194736,23.53,48127.123171914856,17.88,77126.75179791797,28.66
Palicourea padifolia,Magnoliopsida,LC,62.6269225493896,0.01,39.120448,62.47,39.120448,62.47
Palicourea perquadrangularis,Magnoliopsida,LC,166905.86057736655,14.59,36611.84232889856,21.94,58443.1191782345,35.02
Palicourea petiolaris,Magnoliopsida,LC,56031.61989420537,4.9,18242.46254490854,32.56,21714.221192063524,38.75
Palicourea pyramidalis,Magnoliopsida,LC,121758.04014148568,10.65,27607.81992173639,22.67,43646.05705985205,35.85
Palicourea quadrifolia,Magnoliopsida,LC,408820.9935932727,35.75,97064.8594649336,23.74,139642.7759180664,34.16
Palicourea quadrilateralis,Magnoliopsida,LC,49816.06682886517,4.36,6718.277985130539,13.49,15841.456958034592,31.8
Palicourea rigida,Magnoliopsida,NA,430851.8110567104,37.67,59340.016369878555,13.77,98686.11053569843,22.9
Palicourea rigidifolia,Magnoliopsida,LC,158632.61981718265,13.87,26574.771582053407,16.75,43042.59791078821,27.13
Palicourea semirasa,Magnoliopsida,LC,933505.0661822134,81.62,170989.446990294,18.32,287753.2530484582,30.83
Palicourea standleyana,Magnoliopsida,LC,223580.02484911584,19.55,42389.239104066226,18.96,63733.96857889112,28.51
Palicourea stellata,Magnoliopsida,NA,34008.650122403975,2.97,5683.73325688916,16.71,7899.401414891601,23.23
Palicourea stipularis,Magnoliopsida,LC,163239.3022578971,14.27,36234.91952974072,22.2,55494.854464528915,34
Palicourea subspicata,Magnoliopsida,NA,319638.0565622362,27.95,71362.30018293847,22.33,105606.26857776268,33.04
Palicourea sulphurea,Magnoliopsida,LC,148361.06252873855,12.97,37038.51453174457,24.97,53645.4922733407,36.16
Palicourea thermydri,Magnoliopsida,LC,11282.824614657564,0.99,1896.5456493901368,16.81,3349.9802640512694,29.69
Palicourea thyrsiflora,Magnoliopsida,LC,314999.6410918484,27.54,66058.05375945203,20.97,103085.42492540216,32.73
Palicourea triphylla,Magnoliopsida,LC,1019858.9817768652,89.17,182994.3373621114,17.94,296018.13639390137,29.03
Palicourea tunjaensis,Magnoliopsida,LC,107486.08237367512,9.4,24668.05180651569,22.95,36759.74056414752,34.2
Palicourea weberbaueri,Magnoliopsida,NA,109943.93287117296,9.61,29718.14537177203,27.03,40684.23041280462,37
Palicourea zarucchii,Magnoliopsida,LC,33523.07859047656,2.93,10728.200865357969,32,13533.681774415769,40.37
Panopsis mucronata,Magnoliopsida,LC,200420.46947616665,17.52,43548.87508307811,21.73,67182.10306112327,33.52
Panopsis polystachya,Magnoliopsida,LC,264716.7952641917,23.15,55428.33170463762,20.94,89226.31328223643,33.71
Panopsis sessilifolia,Magnoliopsida,LC,860168.0248783025,75.21,165014.57470889087,19.18,255629.1323311355,29.72
Panopsis suaveolens,Magnoliopsida,LC,332039.87798869977,29.03,65131.35907562975,19.62,101395.91667887334,30.54
Paradrymonia ciliosa,Magnoliopsida,NA,407368.6744619733,35.62,94373.36616245875,23.17,137888.1285906762,33.85
Parahancornia negroensis,Magnoliopsida,LC,21171.537489802147,1.85,0.76845025,0,2388.21984225,11.28
Parahancornia oblonga,Magnoliopsida,LC,584174.0753144044,51.08,110537.30405765968,18.92,168658.61017170313,28.87
Parahancornia peruviana,Magnoliopsida,LC,161336.29011412256,14.11,43851.007988,27.18,58576.50628,36.31
Parahancornia surrogata,Magnoliopsida,LC,272465.67491473816,23.82,61536.649262515624,22.59,99030.24979857812,36.35
Parathesis adenanthera,Magnoliopsida,NA,327656.5699509661,28.65,64763.21311693091,19.77,101917.88474163091,31.11
Parinari campestris,Magnoliopsida,LC,233925.19929843405,20.45,42903.196982328125,18.34,50126.5355490625,21.43
Parinari excelsa,Magnoliopsida,LC,643734.6373363455,56.29,117988.05103827344,18.33,182225.0042096592,28.31
Parinari klugii,Magnoliopsida,LC,201933.9744994254,17.66,46618.0471975166,23.09,60474.9813255166,29.95
Parinari occidentalis,Magnoliopsida,LC,4178.06672563567,0.37,0,0,0,0
Parinari pachyphylla,Magnoliopsida,LC,323752.70387861395,28.31,26882.547995025725,8.3,77055.13168134257,23.8
Parinari parilis,Magnoliopsida,LC,314839.5214144668,27.53,91473.4465203252,29.05,130706.23414145802,41.52
Parinari sprucei,Magnoliopsida,LC,48058.2062304799,4.2,1299.99801825,2.71,3601.61414625,7.49
Parkia discolor,Magnoliopsida,LC,261007.8147038411,22.82,44457.52150369141,17.03,63475.9007255188,24.32
Parkia igneiflora,Magnoliopsida,LC,342870.9532670332,29.98,88572.56529901562,25.83,123687.16079490625,36.07
Parkia multijuga,Magnoliopsida,LC,526234.2287817638,46.01,107488.7262744375,20.43,164905.86045013185,31.34
Parkia nitida,Magnoliopsida,LC,617959.8689037177,54.03,112997.31012455664,18.29,173907.7405322549,28.14
Parkia pendula,Magnoliopsida,LC,659614.7391213235,57.67,98662.13626484528,14.96,188436.30372549663,28.57
Parkia velutina,Magnoliopsida,LC,677652.241269691,59.25,122764.220996188,18.12,186284.43640469617,27.49
Parkinsonia aculeata,Magnoliopsida,LC,214448.18115027697,18.75,24730.44638006894,11.53,67449.64417290305,31.45
Parkinsonia praecox,Magnoliopsida,LC,44832.1841435567,3.92,2492.180895760956,5.56,7374.764538380646,16.45
Passiflora adenopoda,Magnoliopsida,NA,122381.74741275668,10.7,22572.191448924055,18.44,37275.95041010155,30.46
Passiflora adulterina,Magnoliopsida,LC,32062.335639319183,2.8,9067.904752451415,28.28,10861.463986992676,33.88
Passiflora alata,Magnoliopsida,NA,20955.908082700946,1.83,6.4604449296875,0.03,6.4604449296875,0.03
Passiflora alnifolia,Magnoliopsida,NA,143874.53023240587,12.58,32183.915517658996,22.37,47236.98623053542,32.83
Passiflora ambigua,Magnoliopsida,NA,597898.95467401715,52.28,119022.07140447196,19.91,194413.3258950589,32.52
Passiflora antioquiensis,Magnoliopsida,LC,102997.76450043725,9.01,23998.910209778627,23.3,35200.749541760255,34.18
Passiflora apoda,Magnoliopsida,LC,22753.798480979873,1.99,6507.011146317803,28.6,9293.992394894784,40.85
Passiflora arbelaezii,Magnoliopsida,NA,112119.96412360236,9.8,17992.801724681412,16.05,24655.60073822795,21.99
Passiflora arborea,Magnoliopsida,NA,97052.00567087455,8.49,17991.44472261295,18.54,30913.681298925632,31.85
Passiflora auriculata,Magnoliopsida,NA,985201.3801343304,86.14,162491.02308695237,16.49,273964.43525909516,27.81
Passiflora bicornis,Magnoliopsida,NA,127098.6762106176,11.11,15015.21972962033,11.81,48454.4471386326,38.12
Passiflora bicuspidata,Magnoliopsida,LC,20677.74118589883,1.81,4685.851987245857,22.66,5534.424539574837,26.77
Passiflora biflora,Magnoliopsida,NA,329139.540452032,28.78,67874.76716471158,20.62,110413.75272016096,33.55
Passiflora bogotensis,Magnoliopsida,NA,89935.30754044879,7.86,21847.4382006976,24.29,28830.593121915987,32.06
Passiflora candollei,Magnoliopsida,LC,189565.55481943156,16.57,26664.622765530956,14.07,57450.22614783862,30.31
Passiflora capsularis,Magnoliopsida,NA,225252.254019131,19.7,41315.53886029258,18.34,68269.57163675645,30.31
Passiflora chelidonea,Magnoliopsida,NA,106566.73982104236,9.32,21351.016749582213,20.04,32813.23007194873,30.79
Passiflora cisnana,Magnoliopsida,NA,209968.7892047752,18.36,41032.501656019886,19.54,66688.11873177666,31.76
Passiflora coactilis,Magnoliopsida,NA,1698.994253529369,0.15,29.7062645,1.75,281.1899925,16.55
Passiflora coccinea,Magnoliopsida,NA,600561.2841189593,52.51,100379.14660839258,16.71,184243.524318978,30.68
Passiflora coriacea,Magnoliopsida,NA,346145.7582133375,30.27,48545.60242199597,14.02,103816.01266402472,29.99
Passiflora costaricensis,Magnoliopsida,NA,29.596976066270464,0,26.478998,89.47,26.478998,89.47
Passiflora costata,Magnoliopsida,NA,61753.11677395025,5.4,11583.78111999414,18.76,18717.421097158203,30.31
Passiflora cumbalensis,Magnoliopsida,NA,117465.8895467966,10.27,32914.98722564233,28.02,44335.60961578357,37.74
Passiflora cuneata,Magnoliopsida,NA,164201.6458693109,14.36,39268.6790663972,23.91,58504.516084464034,35.63
Passiflora cuspidifolia,Magnoliopsida,NA,102979.5045999908,9,22174.70674868555,21.53,32488.126779391052,31.55
Passiflora edulis,Magnoliopsida,NA,394135.495735084,34.46,72939.77146059387,18.51,122592.56862637348,31.1
Passiflora foetida,Magnoliopsida,NA,794404.6850156295,69.46,127411.0673234545,16.04,248902.6701552317,31.33
Passiflora gracillima,Magnoliopsida,NA,150626.9444736698,13.17,29633.476187578795,19.67,45585.27977359729,30.26
Passiflora involucrata,Magnoliopsida,NA,73348.98781607108,6.41,13552.777376,18.48,19250.727312,26.25
Passiflora laurifolia,Magnoliopsida,NA,844635.3763005417,73.85,142828.29313943733,16.91,243483.65722405305,28.83
Passiflora ligularis,Magnoliopsida,NA,182230.33745290217,15.93,34710.909212816165,19.05,56247.96851956885,30.87
Passiflora lobata,Magnoliopsida,NA,491.8040091099575,0.04,42.59263718359375,8.66,42.49245663671875,8.64
Passiflora macrophylla,Magnoliopsida,LC,143299.59937634808,12.53,24178.376210895767,16.87,35209.96331712544,24.57
Passiflora maliformis,Magnoliopsida,NA,293261.73274285835,25.64,52274.03640866242,17.83,90228.37376894556,30.77
Passiflora manicata,Magnoliopsida,NA,63851.19750212323,5.58,12582.793811588806,19.71,20364.41536182068,31.89
Passiflora menispermifolia,Magnoliopsida,NA,341794.49808179325,29.89,52843.4180804274,15.46,98521.54910318735,28.82
Passiflora micropetala,Magnoliopsida,NA,577397.7410270575,50.49,102968.42514171668,17.83,155513.0037085954,26.93
Passiflora mixta,Magnoliopsida,NA,123209.82074247906,10.77,34891.50182641138,28.32,46793.10348649053,37.98
Passiflora mollissima,Magnoliopsida,NA,89005.52967109415,7.78,24973.35285475824,28.06,33222.642985759645,37.33
Passiflora nitida,Magnoliopsida,NA,916232.8989780104,80.11,160057.1647777871,17.47,256709.0570354196,28.02
Passiflora oerstedii,Magnoliopsida,NA,784150.6530539377,68.56,159663.1207373123,20.36,234307.73742871263,29.88
Passiflora palenquensis,Magnoliopsida,NA,104904.24748281632,9.17,11608.18912500818,11.07,16032.41479969336,15.28
Passiflora pinnatistipula,Magnoliopsida,NA,31390.85332108458,2.74,6697.3912749490355,21.34,10258.592098598328,32.68
Passiflora punctata,Magnoliopsida,NA,16688.896576723346,1.46,433.04781809472655,2.59,4271.179802094726,25.59
Passiflora pyrrhantha,Magnoliopsida,NA,301342.86346440815,26.35,63067.379593166545,20.93,85221.63260460654,28.28
Passiflora quadrangularis,Magnoliopsida,NA,934070.274725966,81.67,166794.93442557674,17.86,270967.35536136816,29.01
Passiflora quadriglandulosa,Magnoliopsida,NA,593031.4855157073,51.85,114178.59180423144,19.25,168005.76269930176,28.33
Passiflora resticulata,Magnoliopsida,NA,219588.68835440665,19.2,44084.4937448989,20.08,72972.58740332001,33.23
Passiflora riparia,Magnoliopsida,NA,479711.8076111316,41.94,106003.10576571582,22.1,171472.8469919099,35.74
Passiflora rubra,Magnoliopsida,NA,292871.54570652725,25.61,52199.855164665925,17.82,89207.97798521224,30.46
Passiflora securiclata,Magnoliopsida,NA,568951.8405398354,49.75,103317.87026456434,18.16,161872.84055525696,28.45
Passiflora seemannii,Magnoliopsida,NA,420808.1175706876,36.79,94629.11930821493,22.49,159158.48840637415,37.82
Passiflora serratodigitata,Magnoliopsida,NA,499117.0744204788,43.64,94507.03501157743,18.93,152154.29894765746,30.48
Passiflora serrulata,Magnoliopsida,NA,65091.25858065,5.69,2919.214377134369,4.48,19215.51403014139,29.52
Passiflora sexflora,Magnoliopsida,NA,28021.54929300286,2.45,6229.119841578247,22.23,9445.460677796387,33.71
Passiflora sphaerocarpa,Magnoliopsida,LC,179010.28323819692,15.65,29454.28290610016,16.45,50387.3987855564,28.15
Passiflora spinosa,Magnoliopsida,NA,856601.9693739417,74.9,139206.65078597033,16.25,239413.6056465281,27.95
Passiflora suberosa,Magnoliopsida,NA,476816.1879013333,41.69,79575.35959092846,16.69,133962.3119725433,28.1
Passiflora subpeltata,Magnoliopsida,NA,177980.21549898176,15.56,36855.20657376059,20.71,71640.98543510372,40.25
Passiflora tarminiana,Magnoliopsida,NA,162656.1933259739,14.22,38506.533871916174,23.67,55723.0208397216,34.26
Passiflora trinervia,Magnoliopsida,LC,21025.6029410301,1.84,6390.746803842239,30.4,7457.844691557571,35.47
Passiflora tripartita,Magnoliopsida,NA,27656.88404454298,2.42,5672.04874484024,20.51,8534.051999676967,30.86
Passiflora tryphostemmatoides,Magnoliopsida,NA,49454.64114326767,4.32,10714.818403388124,21.67,15449.973703847778,31.24
Passiflora variolata,Magnoliopsida,NA,542072.582697273,47.4,104063.14598584374,19.2,156351.90649659376,28.84
Passiflora vespertilio,Magnoliopsida,NA,545471.8969337865,47.69,113473.3262185244,20.8,176141.33289800977,32.29
Passiflora vitifolia,Magnoliopsida,NA,853170.3995123387,74.6,155335.26268433811,18.21,250354.80895403592,29.34
Paullinia acutangula,Magnoliopsida,NA,264470.6824961448,23.12,63732.47710343066,24.1,87829.04603074316,33.21
Paullinia alata,Magnoliopsida,NA,718068.7757292165,62.79,139507.98151306456,19.43,222551.2958131451,30.99
Paullinia alsmithii,Magnoliopsida,NA,787902.6794609613,68.89,153763.58698909686,19.52,237023.55620196724,30.08
Paullinia bilobulata,Magnoliopsida,NA,0.8544214817534387,0,0,0,0.751069625,87.9
Paullinia bracteosa,Magnoliopsida,NA,887607.4952083114,77.61,153841.90984056037,17.33,252384.71623946063,28.43
Paullinia caloptera,Magnoliopsida,NA,866275.5777718782,75.74,141294.20535705236,16.31,242966.43653171597,28.05
Paullinia capreolata,Magnoliopsida,NA,697424.6753050216,60.98,153654.0854788902,22.03,231763.03394710863,33.23
Paullinia clavigera,Magnoliopsida,NA,290866.61048360873,25.43,85135.13786354687,29.27,128062.33020316016,44.03
Paullinia cururu,Magnoliopsida,NA,437216.0407766788,38.23,57461.96692220554,13.14,120539.05111663677,27.57
Paullinia dasystachya,Magnoliopsida,NA,217309.59480410253,19,72775.6310736875,33.49,109297.1400856875,50.3
Paullinia densiflora,Magnoliopsida,NA,211254.8293564896,18.47,16395.84557773712,7.76,58555.08140162176,27.72
Paullinia elegans,Magnoliopsida,NA,95549.34238874224,8.35,19834.412688,20.76,33103.273616,34.65
Paullinia eriocarpa,Magnoliopsida,NA,605952.5940774257,52.98,123115.01160938598,20.32,221610.23688762524,36.57
Paullinia fraxinifolia,Magnoliopsida,NA,151949.5404378878,13.29,28131.24006283249,18.51,54504.272825189975,35.87
Paullinia fuscescens,Magnoliopsida,NA,653120.1872076333,57.11,101083.54943748012,15.48,199968.5388428828,30.62
Paullinia globosa,Magnoliopsida,NA,137777.6547459916,12.05,24048.859128222102,17.45,42654.132175778504,30.96
Paullinia glomerulosa,Magnoliopsida,NA,1042611.356832345,91.16,185760.43725142023,17.82,316712.6963537276,30.38
Paullinia granatensis,Magnoliopsida,NA,676091.7923583263,59.11,129032.19722204344,19.09,200450.1997596997,29.65
Paullinia hispida,Magnoliopsida,NA,933037.3023431252,81.58,173330.0455074748,18.58,270893.9769651537,29.03
Paullinia imberbis,Magnoliopsida,NA,710245.0083975818,62.1,124484.0590851732,17.53,211002.71417452887,29.71
Paullinia ingifolia,Magnoliopsida,NA,659574.5584078594,57.67,120051.00161616626,18.2,189116.2141129719,28.67
Paullinia leiocarpa,Magnoliopsida,NA,596759.3905656168,52.18,95444.73944980065,15.99,200172.49265271152,33.54
Paullinia nobilis,Magnoliopsida,NA,422171.07861786126,36.91,99329.61011873654,23.53,153776.13945003366,36.43
Paullinia obovata,Magnoliopsida,NA,364720.4125803144,31.89,70444.54289909302,19.31,123220.56808377783,33.78
Paullinia pachycarpa,Magnoliopsida,NA,525892.1456804138,45.98,106717.88907478916,20.29,163870.44966538774,31.16
Paullinia pinnata,Magnoliopsida,NA,661390.3538598628,57.83,108667.68642614072,16.43,211951.22134158888,32.05
Paullinia pterocarpa,Magnoliopsida,LC,900679.4014902612,78.75,172433.7856363929,19.14,266102.5937532958,29.54
Paullinia pterophylla,Magnoliopsida,NA,254538.29484604337,22.26,53714.18688160059,21.1,95647.41138220047,37.58
Paullinia reticulata,Magnoliopsida,NA,530098.7100533657,46.35,99997.72976960884,18.86,158616.23138601947,29.92
Paullinia rubiginosa,Magnoliopsida,NA,919832.4076785772,80.43,160094.4426753106,17.4,283658.653641027,30.84
Paullinia rugosa,Magnoliopsida,NA,778232.4107639861,68.05,144935.9266007028,18.62,228686.26819642764,29.39
Paullinia selenoptera,Magnoliopsida,NA,482313.4175812629,42.17,99315.48739665851,20.59,183789.4775752732,38.11
Paullinia serjaniifolia,Magnoliopsida,NA,706792.0370294864,61.8,141750.91435378251,20.06,210666.53078588116,29.81
Paullinia spicata,Magnoliopsida,NA,302095.71340618766,26.41,47730.026466136354,15.8,72178.22471957153,23.89
Paullinia stipitata,Magnoliopsida,NA,92420.31287973368,8.08,13424.494565347168,14.53,20968.40321078467,22.69
Paullinia tenuifolia,Magnoliopsida,NA,759105.5951209499,66.37,124072.11824138208,16.34,201365.07766301293,26.53
Paullinia turbacensis,Magnoliopsida,NA,448737.9262195903,39.24,108423.55477503184,24.16,197551.1587609059,44.02
Pausandra martini,Magnoliopsida,LC,717634.3827962443,62.75,127901.51055520817,17.82,221619.17994130743,30.88
Pausandra trianae,Magnoliopsida,LC,710118.7393857229,62.09,125550.52149567095,17.68,192725.60802131207,27.14
Pavonia castaneifolia,Magnoliopsida,NA,726915.0316991323,63.56,150002.89768251384,20.64,222431.94332891784,30.6
Pavonia fruticosa,Magnoliopsida,NA,967483.8395518936,84.59,177467.86801579292,18.34,282263.86984404136,29.18
Pavonia oxyphyllaria,Magnoliopsida,NA,440976.1930892763,38.56,95996.7172492571,21.77,164655.7000287792,37.34
Pavonia paniculata,Magnoliopsida,NA,504418.5804457027,44.1,81109.59001704077,16.08,143559.97634707793,28.46
Pavonia peruviana,Magnoliopsida,NA,673438.096754913,58.88,149977.74401456866,22.27,230074.6591193289,34.16
Pavonia pseudotyphalaea,Magnoliopsida,NA,48849.09636292211,4.27,10568.845072585444,21.64,16513.53114086288,33.81
Pavonia schiedeana,Magnoliopsida,NA,939270.1844622756,82.13,172974.13307344788,18.42,300680.3570289125,32.01
Pavonia sepioides,Magnoliopsida,NA,194650.8125304457,17.02,39542.756116567565,20.31,62295.39362003528,32
Paypayrola grandiflora,Magnoliopsida,LC,171767.65852758277,15.02,37550.89712225,21.86,48442.93932625,28.2
Pearcea abunda,Magnoliopsida,NA,20351.49391423755,1.78,2706.5290903356936,13.3,3185.0469025778807,15.65
Pearcea reticulata,Magnoliopsida,NA,47856.49329101247,4.18,9294.8417253125,19.42,13707.820968225098,28.64
Pearcea sprucei,Magnoliopsida,NA,126760.37076902058,11.08,20341.279476952757,16.05,35820.801588329225,28.26
Pedicularis incurva,Magnoliopsida,NA,16254.927574114736,1.42,6211.417334901611,38.21,8075.94305117456,49.68
Peltaea sessiliflora,Magnoliopsida,NA,416088.5200322245,36.38,49631.38554670526,11.93,103497.31636898548,24.87
Peltaea speciosa,Magnoliopsida,NA,367165.053451623,32.1,56799.09413997949,15.47,94975.20705319336,25.87
Peltaea trinervis,Magnoliopsida,NA,599488.0720802317,52.42,92788.0640112004,15.48,177869.03777987725,29.67
Peltogyne catingae,Magnoliopsida,LC,338168.174784813,29.57,82959.560809375,24.53,113177.964253375,33.47
Peltogyne paniculata,Magnoliopsida,NA,335043.13020052784,29.29,33364.33335696322,9.96,81627.16418769705,24.36
Peltogyne venosa,Magnoliopsida,NA,65928.3602123,5.76,5216.987924625,7.91,12113.91272575,18.37
Pentacalia huilensis,Magnoliopsida,NA,115289.48259119628,10.08,25817.16880056012,22.39,39752.430769945066,34.48
Pentacalia theifolia,Magnoliopsida,NA,43181.356258037675,3.78,13099.491040500732,30.34,18011.90640751636,41.71
Pentacalia trianae,Magnoliopsida,NA,71073.9229744631,6.21,20413.656134486508,28.72,26347.01578068774,37.07
Pentaclethra macroloba,Magnoliopsida,LC,385770.1649419728,33.73,63256.97664550684,16.4,96573.62055598144,25.03
Pentagonia costaricensis,Magnoliopsida,LC,35381.3415480619,3.09,3923.6716421492006,11.09,3969.1167826355286,11.22
Pentagonia macrophylla,Magnoliopsida,LC,471318.520445842,41.21,90654.7167310036,19.23,133232.14890878912,28.27
Pentagonia pinnatifida,Magnoliopsida,LC,123294.84973162568,10.78,16786.3969366864,13.61,40953.97841436701,33.22
Pentagonia spathicalyx,Magnoliopsida,LC,601343.3176419731,52.58,134703.46793443445,22.4,205598.9399305564,34.19
Pentagonia wendlandii,Magnoliopsida,LC,34533.224241579665,3.02,2640.51197325,7.65,3649.98741325,10.57
Pentagonia wurdackii,Magnoliopsida,NA,266399.381815538,23.29,27365.628987718428,10.27,52839.413114015806,19.83
Pentamerista neotropica,Magnoliopsida,NT,62199.25565021446,5.44,979.76205025,1.58,3468.35878625,5.58
Peperomia acuminata,Magnoliopsida,NA,181166.12262585657,15.84,41882.5914040589,23.12,62557.28597452466,34.53
Peperomia adscendens,Magnoliopsida,NA,91447.40022762748,8,22096.555076909608,24.16,32872.589576565064,35.95
Peperomia alata,Magnoliopsida,NA,430209.0715847538,37.62,73413.41193613895,17.06,118288.68315085782,27.5
Peperomia alpina,Magnoliopsida,NA,19873.810092080028,1.74,1417.7175273125,7.13,1833.4977833125,9.23
Peperomia angularis,Magnoliopsida,NA,140696.9171322138,12.3,36063.41496540686,25.63,53032.676628619934,37.69
Peperomia angustata,Magnoliopsida,NA,727934.3383457582,63.65,131730.53862096363,18.1,231851.958034391,31.85
Peperomia blanda,Magnoliopsida,NA,204417.1013672657,17.87,42627.08732660936,20.85,74294.46935147415,36.34
Peperomia caespitosa,Magnoliopsida,NA,142627.48023753744,12.47,37008.63787445489,25.95,49927.926710524094,35.01
Peperomia choroniana,Magnoliopsida,NA,133391.02551405755,11.66,25051.34046257396,18.78,41514.895164244794,31.12
Peperomia ciliaris,Magnoliopsida,NA,92550.67632792212,8.09,10076.880802722657,10.89,11755.582626933594,12.7
Peperomia dendrophila,Magnoliopsida,NA,233441.69637944465,20.41,48586.43336313205,20.81,75984.95385705924,32.55
Peperomia distachyos,Magnoliopsida,NA,345103.925055942,30.17,68863.2396504904,19.95,106606.18034882116,30.89
Peperomia emarginella,Magnoliopsida,NA,486767.3455930028,42.56,96539.57149953752,19.83,141877.87299060437,29.15
Peperomia galioides,Magnoliopsida,NA,159566.21204950113,13.95,42405.55842215269,26.58,59833.94334867571,37.5
Peperomia glabella,Magnoliopsida,NA,1003619.303836048,87.75,187223.0861581085,18.65,297527.99074923043,29.65
Peperomia hartwegiana,Magnoliopsida,NA,69592.63559769146,6.08,22957.30195902628,32.99,29971.42428016306,43.07
Peperomia hernandiifolia,Magnoliopsida,NA,284464.062600259,24.87,51321.22311194312,18.04,81759.01898277197,28.74
Peperomia heterophylla,Magnoliopsida,NA,183668.56243578444,16.06,41409.69212403961,22.55,62523.48200094025,34.04
Peperomia hispidula,Magnoliopsida,NA,199000.0712559906,17.4,48746.66039500324,24.5,71237.84172849926,35.8
Peperomia jamesoniana,Magnoliopsida,NA,347635.7449016253,30.4,69046.0967188337,19.86,102044.34839103812,29.35
Peperomia lancifolia,Magnoliopsida,NA,172410.81604029817,15.07,33700.8794820071,19.55,56344.513890941176,32.68
Peperomia maculosa,Magnoliopsida,NA,163718.59289368603,14.31,30892.31254436502,18.87,51682.79199637405,31.57
Peperomia magnoliifolia,Magnoliopsida,NA,714582.592771064,62.48,133447.83553849213,18.67,225284.00759083373,31.53
Peperomia martiana,Magnoliopsida,NA,131613.14415022556,11.51,21907.43299459749,16.65,39223.31035027007,29.8
Peperomia microphylla,Magnoliopsida,NA,27719.636450079575,2.42,7159.646347440185,25.83,10146.505982162107,36.6
Peperomia obtusifolia,Magnoliopsida,NA,614136.1740277716,53.7,109320.55685034538,17.8,183842.87156129547,29.94
Peperomia pellucida,Magnoliopsida,NA,960791.8113703616,84.01,158493.83298388243,16.5,271190.2030007142,28.23
Peperomia peltoidea,Magnoliopsida,NA,217406.6480282055,19.01,44761.82733878702,20.59,71701.05878867251,32.98
Peperomia pereskiifolia,Magnoliopsida,NA,680099.0311080477,59.47,151314.69295931526,22.25,253293.19287647828,37.24
Peperomia pernambucensis,Magnoliopsida,NA,138127.8998604166,12.08,21015.24192685391,15.21,28419.14657243602,20.57
Peperomia pilicaulis,Magnoliopsida,NA,514034.0781398024,44.95,96204.88173804423,18.72,138820.62858557445,27.01
Peperomia portobellensis,Magnoliopsida,NA,78262.63234479922,6.84,11855.7339843125,15.15,23904.42854661328,30.54
Peperomia pyramidata,Magnoliopsida,NA,4983.990549995264,0.44,320.06678424023437,6.42,319.644509484375,6.41
Peperomia quadrangularis,Magnoliopsida,NA,747061.2351300637,65.32,120708.85984492284,16.16,220822.99366226332,29.56
Peperomia quadrifolia,Magnoliopsida,NA,194852.21246305428,17.04,47055.322651699826,24.15,68274.04210713855,35.04
Peperomia reptans,Magnoliopsida,NA,257592.69903046472,22.52,39110.08681170465,15.18,66622.06789311352,25.86
Peperomia rhombea,Magnoliopsida,NA,641594.0975248866,56.1,121297.74614024634,18.91,207915.84126822607,32.41
Peperomia rotundata,Magnoliopsida,NA,137190.77341818038,12,34872.99864411176,25.42,49677.27335929236,36.21
Peperomia rotundifolia,Magnoliopsida,NA,847318.4503505768,74.09,152828.50027338637,18.04,242376.4809167592,28.61
Peperomia saligna,Magnoliopsida,NA,59197.93510765446,5.18,19477.47534223215,32.9,25036.9205450867,42.29
Peperomia serpens,Magnoliopsida,NA,733363.7633812415,64.12,144305.03765185288,19.68,224766.97934715785,30.65
Peperomia stelechophila,Magnoliopsida,NA,311844.1587025735,27.27,57622.35523639059,18.48,87834.09709204458,28.17
Peperomia striata,Magnoliopsida,NA,326028.28504552646,28.51,59284.452207444214,18.18,89324.14065428283,27.4
Peperomia succulenta,Magnoliopsida,NA,111930.90666970356,9.79,20426.09969430966,18.25,35703.98235332645,31.9
Peperomia swartziana,Magnoliopsida,NA,43134.42808669552,3.77,9870.30954830972,22.88,15868.889970358792,36.79
Peperomia syringifolia,Magnoliopsida,NA,379953.71259228536,33.22,65824.31177761262,17.32,108089.76906932642,28.45
Peperomia tenella,Magnoliopsida,NA,240520.27984631248,21.03,47656.54642529132,19.81,74372.38616596704,30.92
Peperomia tenuipes,Magnoliopsida,NA,232295.77386388904,20.31,41907.28580311056,18.04,67100.8151933283,28.89
Peperomia ternata,Magnoliopsida,NA,196885.86579791657,17.21,44184.589266432435,22.44,67431.59943699243,34.25
Peperomia tetraphylla,Magnoliopsida,NA,157556.6677215486,13.78,36724.72006394176,23.31,54969.952381022515,34.89
Peperomia tovariana,Magnoliopsida,NA,304809.0707945747,26.65,62500.45386228967,20.5,100989.93005158528,33.13
Peperomia trianae,Magnoliopsida,NA,256112.24073574357,22.39,52208.51976065329,20.39,81073.94503482681,31.66
Peperomia trichopus,Magnoliopsida,NA,225888.9125467695,19.75,47206.69406384232,20.9,75058.86674017097,33.23
Peperomia trinervula,Magnoliopsida,NA,98320.8298379068,8.6,29252.626417099054,29.75,40079.89756417505,40.76
Peperomia uaupesensis,Magnoliopsida,NA,439517.25475927134,38.43,80414.67165157715,18.3,143392.51048257618,32.63
Peperomia umbrigaudens,Magnoliopsida,NA,41571.058039411415,3.63,9661.647419545654,23.24,13963.733992973876,33.59
Peperomia urocarpa,Magnoliopsida,NA,839279.5667579698,73.38,172712.58996132153,20.58,257243.46173201303,30.65
Peperomia versicolor,Magnoliopsida,NA,227484.99155483063,19.89,48225.720259694965,21.2,71334.18576411664,31.36
Pera arborea,Magnoliopsida,LC,744853.6510566412,65.13,121973.25946985467,16.38,221692.50949461793,29.76
Pera bicolor,Magnoliopsida,LC,664661.7180456739,58.12,123320.20789003222,18.55,190476.68514650513,28.66
Pera colombiana,Magnoliopsida,LC,101719.65390250058,8.89,13951.832476296557,13.72,29274.255147791428,28.78
Pera distichophylla,Magnoliopsida,LC,168580.64034496216,14.74,26342.84835225,15.63,37119.527934828126,22.02
Pera glabrata,Magnoliopsida,LC,678121.4385411019,59.29,120387.83210578536,17.75,207409.78156174827,30.59
Perama dichotoma,Magnoliopsida,NA,481147.16007011576,42.07,92889.27895995825,19.31,136246.57638355152,28.32
Perama galioides,Magnoliopsida,NA,454623.2977048019,39.75,85733.61426741822,18.86,150445.51508254174,33.09
Perama hirsuta,Magnoliopsida,NA,347810.55017121416,30.41,52157.01516634375,15,76812.92389396875,22.08
Perama plantaginea,Magnoliopsida,NA,94006.57331496871,8.22,11024.07827425,11.73,13512.67501025,14.37
Perebea angustifolia,Magnoliopsida,LC,923501.2823959328,80.75,179111.8265035538,19.39,270857.8318321684,29.33
Perebea guianensis,Magnoliopsida,LC,741598.3625925629,64.84,141089.73227107243,19.03,219358.20578797295,29.58
Perebea mennegae,Magnoliopsida,LC,277956.2983864913,24.3,83369.24907743848,29.99,115014.30410079785,41.38
Perebea mollis,Magnoliopsida,LC,629450.4211235764,55.04,117645.8239225664,18.69,182717.53398723048,29.03
Perebea xanthochyma,Magnoliopsida,LC,802315.0218116608,70.15,149406.82138507662,18.62,231115.7344058139,28.81
Perezia multiflora,Magnoliopsida,NA,7063.347417837135,0.62,1063.0487461086425,15.05,2986.319474022705,42.28
Perezia pungens,Magnoliopsida,NA,7117.899783084223,0.62,1404.5659711398926,19.73,3382.587171053955,47.52
Peritassa laevigata,Magnoliopsida,LC,866537.5234763502,75.77,142646.86282494708,16.46,244386.81965615472,28.2
Peritassa pruinosa,Magnoliopsida,NA,833891.9137914163,72.91,147660.48796263826,17.71,233715.91789262916,28.03
Perrottetia multiflora,Magnoliopsida,LC,56606.165668306254,4.95,14913.09814038916,26.35,20956.330099283936,37.02
Perrottetia sessiliflora,Magnoliopsida,LC,324800.05940721487,28.4,61160.07101405609,18.83,95275.31467257946,29.33
Persea americana,Magnoliopsida,LC,572514.707330576,50.06,109721.24593637728,19.16,152594.12199818285,26.65
Persea areolatocostae,Magnoliopsida,LC,303582.85692000523,26.54,49992.23161168497,16.47,82017.22693439682,27.02
Persea caerulea,Magnoliopsida,LC,196508.2555037264,17.18,34740.866305378324,17.68,57142.870082575224,29.08
Persea chrysophylla,Magnoliopsida,VU,27408.450108053417,2.4,9156.854612002317,33.41,11653.27413646832,42.52
Persea cuneata,Magnoliopsida,LC,165679.31321381533,14.49,36095.56202722906,21.79,53046.411585430666,32.02
Persea ferruginea,Magnoliopsida,NA,100628.5739922968,8.8,28463.910592168548,28.29,38878.8995122341,38.64
Persea mutisii,Magnoliopsida,LC,107029.10392809538,9.36,30442.774208607178,28.44,41529.50306646358,38.8
Persea pseudofasciculata,Magnoliopsida,LC,409241.7508094096,35.78,84885.40404843102,20.74,116733.77280499572,28.52
Persea rigens,Magnoliopsida,LC,404301.12046273967,35.35,66694.04063902618,16.5,106635.27939297924,26.38
Persea subcordata,Magnoliopsida,LC,174997.78435386706,15.3,38485.70471416394,21.99,58717.15815087707,33.55
Petiveria alliacea,Magnoliopsida,NA,1049365.5137643078,91.75,178337.2007988693,16.99,308277.4149351412,29.38
Petrea blanchetiana,Magnoliopsida,NA,175773.90154252428,15.37,30290.002946743163,17.23,31557.69014899316,17.95
Petrea bracteata,Magnoliopsida,NA,344341.45174608467,30.11,95101.04783546584,27.62,133005.19558459864,38.63
Petrea maynensis,Magnoliopsida,NA,555152.1076719136,48.54,120878.82938005244,21.77,189518.2081521225,34.14
Petrea pubescens,Magnoliopsida,LC,441458.5048266363,38.6,73853.63438110791,16.73,121939.42567663484,27.62
Petrea volubilis,Magnoliopsida,NA,941517.9448453152,82.32,170323.2759261625,18.09,300007.88341103646,31.86
Petroselinum crispum,Magnoliopsida,NA,163571.6043317638,14.3,34760.65460616156,21.25,51502.1367840806,31.49
Pfaffia iresinoides,Magnoliopsida,NA,591495.2116525765,51.72,121650.63189575064,20.57,205378.3292392752,34.72
Phaseolus coccineus,Magnoliopsida,LC,88895.39473315474,7.77,18242.397479393618,20.52,28318.20330718408,31.86
Phaseolus dumosus,Magnoliopsida,EN,273527.8522060086,23.92,59866.227435110166,21.89,88471.66001695581,32.34
Phaseolus lunatus,Magnoliopsida,LC,423803.6588620495,37.06,59528.62082037781,14.05,114160.16262265948,26.94
Phaseolus vulgaris,Magnoliopsida,LC,341733.2048573277,29.88,59022.73718131247,17.27,95605.8135503671,27.98
Phenax angustifolius,Magnoliopsida,LC,803804.3823314963,70.28,139737.6062605674,17.38,258915.44095043995,32.21
Phenax hirtus,Magnoliopsida,NA,348408.4335671436,30.46,64424.36002798102,18.49,111887.93580164624,32.11
Phenax laevigatus,Magnoliopsida,LC,26755.383835442542,2.34,8959.733690960205,33.49,12146.494673165284,45.4
Phenax mexicanus,Magnoliopsida,LC,7228.798547371624,0.63,3935.233588443359,54.44,4570.227551339844,63.22
Phenax rugosus,Magnoliopsida,NA,320838.42480894935,28.05,61215.53150499692,19.08,98945.42721602083,30.84
Phenax sonneratii,Magnoliopsida,NA,963185.255542646,84.22,181728.8873331884,18.87,286908.2711071686,29.79
Phenax uliginosus,Magnoliopsida,NA,143320.5591964822,12.53,36848.18388325775,25.71,53122.998396875395,37.07
Phoradendron chrysocladon,Magnoliopsida,NA,311128.1675099743,27.2,49354.01815015507,15.86,81327.30974648063,26.14
Phoradendron crassifolium,Magnoliopsida,NA,964280.710233113,84.31,168805.7744077975,17.51,270531.08444831026,28.06
Phoradendron inaequidentatum,Magnoliopsida,NA,629358.7636273069,55.03,131669.2780608543,20.92,211689.60605712963,33.64
Phoradendron mucronatum,Magnoliopsida,NA,286822.37531742133,25.08,21442.773006050014,7.48,66239.80687860135,23.09
Phoradendron nervosum,Magnoliopsida,NA,206755.719029686,18.08,43485.68886376056,21.03,67241.74556024488,32.52
Phoradendron obtusissimum,Magnoliopsida,NA,776616.5552665064,67.9,152123.0070098625,19.59,254294.11735708851,32.74
Phoradendron parietarioides,Magnoliopsida,NA,360022.63566135324,31.48,64381.918912012574,17.88,106625.14687177204,29.62
Phoradendron piperoides,Magnoliopsida,NA,1064531.9063807633,93.08,190109.0785884187,17.86,311767.68202281586,29.29
Phoradendron planiphyllum,Magnoliopsida,NA,716748.5132371914,62.67,126447.05886305762,17.64,200365.1549065576,27.95
Phoradendron quadrangulare,Magnoliopsida,NA,641796.8647295203,56.12,99130.71357154436,15.45,189099.4469160458,29.46
Phoradendron racemosum,Magnoliopsida,NA,671667.7309255168,58.73,144415.0394881004,21.5,220541.28491814528,32.83
Phoradendron trinervium,Magnoliopsida,NA,262521.78778196697,22.95,13501.62126195703,5.14,33242.51246377832,12.66
Phoradendron undulatum,Magnoliopsida,NA,89757.11569145063,7.85,20562.239875665873,22.91,30826.618447941884,34.34
Phoradendron woodsonii,Magnoliopsida,NA,159924.85772613913,13.98,21487.531796037965,13.44,35094.16468152246,21.94
Phragmotheca amazonica,Magnoliopsida,NA,70904.96508181783,6.2,25338.294672320313,35.74,25782.328176320312,36.36
Phragmotheca mammosa,Magnoliopsida,LC,241081.1855977635,21.08,49501.195540134766,20.53,60339.81963932724,25.03
Phyla betulifolia,Magnoliopsida,NA,647109.129391361,56.58,114663.3950434446,17.72,208159.0543864336,32.17
Phyla nodiflora,Magnoliopsida,LC,698099.506331481,61.04,129826.3874434106,18.6,238507.698909685,34.17
Phyllanthus acuminatus,Magnoliopsida,LC,794494.214507344,69.47,142848.24393542603,17.98,238021.34041995343,29.96
Phyllanthus amarus,Magnoliopsida,NA,914961.5776275472,80,148684.14976756033,16.25,264569.4288338833,28.92
Phyllanthus anisolobus,Magnoliopsida,LC,170956.00610437916,14.95,27684.029447066772,16.19,42478.2554644552,24.85
Phyllanthus atabapoensis,Magnoliopsida,LC,338717.15018284286,29.62,48802.88966664941,14.41,64882.352530086915,19.16
Phyllanthus attenuatus,Magnoliopsida,LC,920567.7230237745,80.49,153843.55660432632,16.71,272221.1717323446,29.57
Phyllanthus botryanthus,Magnoliopsida,LC,93766.54800195944,8.2,11142.057765909392,11.88,21871.955910720244,23.33
Phyllanthus brasiliensis,Magnoliopsida,NA,353031.3117040715,30.87,76468.01767412548,21.66,109487.09362225755,31.01
Phyllanthus caroliniensis,Magnoliopsida,NA,826957.2102841169,72.31,129969.6720762546,15.72,227942.6832390559,27.56
Phyllanthus elsiae,Magnoliopsida,LC,395494.56921439146,34.58,39377.660900851835,9.96,104303.19498227476,26.37
Phyllanthus juglandifolius,Magnoliopsida,LC,843946.9080123905,73.79,159594.92365839833,18.91,251765.88804856947,29.83
Phyllanthus lindbergii,Magnoliopsida,NA,356024.03390453954,31.13,53861.88439909668,15.13,93314.21236491406,26.21
Phyllanthus myrsinites,Magnoliopsida,LC,458620.358835107,40.1,101866.70262133592,22.21,153338.7453205283,33.43
Phyllanthus niruri,Magnoliopsida,NA,967198.5244140552,84.57,175404.0981541117,18.14,291237.02958124207,30.11
Phyllanthus orbiculatus,Magnoliopsida,NA,647577.331408667,56.62,118724.85913596171,18.33,183157.607588149,28.28
Phyllanthus salviifolius,Magnoliopsida,LC,137098.0517643055,11.99,33238.393406625546,24.24,48808.534278802734,35.6
Phyllanthus stipulatus,Magnoliopsida,NA,898606.7888108086,78.57,150519.2970513373,16.75,248640.3287493563,27.67
Phyllanthus symphoricarpoides,Magnoliopsida,LC,166076.4579310022,14.52,39803.62478155224,23.97,56455.42894919683,33.99
Phyllanthus urinaria,Magnoliopsida,NA,1061645.5272094647,92.83,192569.14625110163,18.14,315068.03670710936,29.68
Phyllanthus valleanus,Magnoliopsida,NA,619058.7585059687,54.13,111500.06079605623,18.01,188781.2911662287,30.49
Physalis angulata,Magnoliopsida,LC,801148.1132677973,70.05,144771.2338438231,18.07,250888.09011253045,31.32
Physalis lagascae,Magnoliopsida,LC,348759.4082338397,30.49,47739.17783649625,13.69,113754.33792285342,32.62
Physalis peruviana,Magnoliopsida,NA,152189.71860914002,13.31,33328.907536458115,21.9,51671.69544953233,33.95
Physalis pubescens,Magnoliopsida,LC,948774.666384194,82.96,169121.83571925273,17.83,276467.80654707283,29.14
Phytolacca bogotensis,Magnoliopsida,NA,115061.57424361826,10.06,29077.10817310142,25.27,42838.075835890246,37.23
Phytolacca icosandra,Magnoliopsida,NA,191756.5977116066,16.77,43546.04040498302,22.71,66101.44602036217,34.47
Phytolacca rivinoides,Magnoliopsida,NA,1011827.2416606745,88.47,185959.28419680696,18.38,293318.6646583838,28.99
Phytolacca rugosa,Magnoliopsida,NA,116314.95179314051,10.17,32288.388113750545,27.76,44975.73826763586,38.67
Picramnia antidesma,Magnoliopsida,LC,617161.3333312555,53.96,124271.416100984,20.14,218972.520117525,35.48
Picramnia gracilis,Magnoliopsida,LC,242048.7335625796,21.16,53834.23671507858,22.24,83763.16171797135,34.61
Picramnia latifolia,Magnoliopsida,LC,765030.4998637486,66.89,130315.74647974796,17.03,229044.82830650095,29.94
Picramnia magnifolia,Magnoliopsida,LC,741755.1264995938,64.86,136158.7183572419,18.36,211204.99112808277,28.47
Picramnia sellowii,Magnoliopsida,LC,552995.1785607358,48.35,123098.1808063974,22.26,195079.97717658753,35.28
Picramnia sphaerocarpa,Magnoliopsida,LC,360642.9502095121,31.53,63875.84450912994,17.71,114498.05096592772,31.75
Picrolemma huberi,Magnoliopsida,LC,49480.0419318108,4.33,8164.6886500903165,16.5,15629.337827683778,31.59
Picrolemma sprucei,Magnoliopsida,LC,423860.7755918328,37.06,102083.36374521683,24.08,141580.36531834965,33.4
Pilea auriculata,Magnoliopsida,NA,5151.011224089363,0.45,1819.057253,35.31,1920.8125624140623,37.29
Pilea bassleriana,Magnoliopsida,NA,104325.2445661922,9.12,20544.26648137564,19.69,33669.51114376572,32.27
Pilea centradenioides,Magnoliopsida,NA,352145.8994304863,30.79,50081.23900197415,14.22,91088.37693593492,25.87
Pilea daguensis,Magnoliopsida,NA,72442.73729497184,6.33,7108.1631861484375,9.81,9073.906661707031,12.53
Pilea dauciodora,Magnoliopsida,NA,141346.23053675404,12.36,33936.44325808792,24.01,48253.15111338296,34.14
Pilea fallax,Magnoliopsida,NA,173412.5882744362,15.16,42290.20178617461,24.39,62794.8254312772,36.21
Pilea fasciata,Magnoliopsida,NA,221723.4788908021,19.39,28958.878589575288,13.06,42803.4053330889,19.3
Pilea filicina,Magnoliopsida,NA,421921.7362729785,36.89,86798.95480964483,20.57,125972.77773160792,29.86
Pilea gallowayana,Magnoliopsida,NA,194686.39902160264,17.02,29079.30528446628,14.94,43328.822611339754,22.26
Pilea goudotiana,Magnoliopsida,NA,209373.56848340895,18.31,45848.252858628235,21.9,70501.9675247483,33.67
Pilea hyalina,Magnoliopsida,NA,286798.8097026142,25.08,62042.16237557458,21.63,93688.95128074878,32.67
Pilea imparifolia,Magnoliopsida,NA,523661.2279051334,45.79,100716.08513901567,19.23,146176.78786780566,27.91
Pilea microphylla,Magnoliopsida,NA,773793.3746872694,67.66,165303.63636416732,21.36,273755.844694716,35.38
Pilea multiflora,Magnoliopsida,LC,288577.37310853385,25.23,57896.371885941226,20.06,91955.02009861206,31.86
Pilea mutisiana,Magnoliopsida,NA,166523.04265848504,14.56,41397.5051329379,24.86,58481.493883905474,35.12
Pilea myriantha,Magnoliopsida,NA,142452.7537701702,12.46,37439.53895353576,26.28,51173.64998582916,35.92
Pilea nutans,Magnoliopsida,NA,24831.383922810248,2.17,4041.2160502163088,16.27,8593.0464742692875,34.61
Pilea obetiifolia,Magnoliopsida,NA,205753.1863449551,17.99,41033.3984890882,19.94,65071.55006520923,31.63
Pilea parietaria,Magnoliopsida,NA,184330.92630640196,16.12,41160.350186728574,22.33,63582.72524276972,34.49
Pilea pteropodon,Magnoliopsida,NA,295389.2709664837,25.83,54910.40185023108,18.59,87239.78373589611,29.53
Pilea pubescens,Magnoliopsida,NA,1002873.3811764552,87.69,184536.3853188966,18.4,312641.7612213055,31.17
Pilea purulensis,Magnoliopsida,NA,474991.99621917546,41.53,100011.88906305106,21.06,147867.06630659042,31.13
Pilea serpyllacea,Magnoliopsida,NA,32620.316318849156,2.85,6291.719821345467,19.29,10180.320500966438,31.21
Pilea vulcanica,Magnoliopsida,NA,3085.796332562181,0.27,0.6410948125,0.02,0.6410948125,0.02
Pilocosta nana,Magnoliopsida,NA,7437.541499255844,0.65,3285.83849203125,44.18,3626.323148324219,48.76
Pinguicula calyptrata,Magnoliopsida,NA,17072.14228887365,1.49,6513.399700040283,38.15,8486.417419534424,49.71
Pinzona coriacea,Magnoliopsida,NA,636052.5370567131,55.61,124185.86960989296,19.52,181300.6076254336,28.5
Piper aduncum,Magnoliopsida,LC,869595.7798023821,76.03,170204.81869871393,19.57,260896.3322933407,30
Piper aequale,Magnoliopsida,LC,650883.9457937643,56.91,140180.63141820813,21.54,218113.2361097047,33.51
Piper amalago,Magnoliopsida,LC,376992.402429748,32.96,56620.52043978886,15.02,122852.72147699149,32.59
Piper anonifolium,Magnoliopsida,NA,554014.6165666512,48.44,116722.28386819678,21.07,178071.65783131006,32.14
Piper appendiculatum,Magnoliopsida,NA,6406.6566220479435,0.56,154.296650875,2.41,303.300895875,4.73
Piper arboreum,Magnoliopsida,NA,1056707.755470549,92.39,190493.70377601928,18.03,307790.9101919287,29.13
Piper arieianum,Magnoliopsida,NA,976291.2857441868,85.36,167972.42118762326,17.21,281635.6254755031,28.85
Piper artanthe,Magnoliopsida,NA,121044.23830774872,10.58,30499.72316662558,25.2,43014.94599287479,35.54
Piper augustum,Magnoliopsida,LC,659078.9680372879,57.63,133774.51807967367,20.3,201142.18639536377,30.52
Piper auritum,Magnoliopsida,LC,280387.56163197604,24.52,46275.55132671573,16.5,77399.09064005398,27.6
Piper barbatum,Magnoliopsida,NA,50045.26572502607,4.38,12627.82501148004,25.23,17181.44550066113,34.33
Piper bartlingianum,Magnoliopsida,NA,478303.2717044854,41.82,100253.1455049336,20.96,147476.38000091017,30.83
Piper bellidifolium,Magnoliopsida,LC,252360.36948424557,22.07,54173.166678321744,21.47,76674.28332281786,30.38
Piper biauritum,Magnoliopsida,NA,2593.515751278878,0.23,1024.278238578125,39.49,1411.8602545273438,54.44
Piper bogotense,Magnoliopsida,LC,322043.1694241878,28.16,59053.63350521918,18.34,111769.4717174984,34.71
Piper brachypodon,Magnoliopsida,NA,78188.39516669988,6.84,6419.730541148438,8.21,8198.645254856445,10.49
Piper brasiliense,Magnoliopsida,NA,308734.84698005725,26.99,89069.61880482422,28.85,126634.99581220704,41.02
Piper bredemeyeri,Magnoliopsida,NA,544238.3405354378,47.59,113654.95389634212,20.88,186008.6647192522,34.18
Piper bullosum,Magnoliopsida,NA,10345.017558317417,0.9,425.9570822783203,4.12,2852.8251352783204,27.58
Piper calanyanum,Magnoliopsida,NA,476491.7173227508,41.66,110133.27825277478,23.11,167467.72500475525,35.15
Piper calceolarium,Magnoliopsida,NA,92587.06061953092,8.1,20326.10535214801,21.95,30922.99819994507,33.4
Piper callosum,Magnoliopsida,NA,179104.15980223202,15.66,38474.10291155727,21.48,63279.667820898816,35.33
Piper cararense,Magnoliopsida,NA,99876.38443926924,8.73,11132.426822238524,11.15,14551.176413988069,14.57
Piper carpunya,Magnoliopsida,NA,192590.85585600144,16.84,35570.33516212433,18.47,53461.381712749266,27.76
Piper castroanum,Magnoliopsida,NA,33240.06309824406,2.91,5791.7140118234865,17.42,9425.298841784912,28.36
Piper cernuum,Magnoliopsida,LC,439068.5153219423,38.39,87349.99990120342,19.89,138876.51085060302,31.63
Piper cililimbum,Magnoliopsida,NA,587887.7654045766,51.4,116196.25602458983,19.77,175473.61539821778,29.85
Piper cinereum,Magnoliopsida,NA,220728.5537966058,19.3,39343.10141501916,17.82,61475.14155530432,27.85
Piper concepcionis,Magnoliopsida,NA,137291.20427640164,12,21123.52052918652,15.39,28487.073982403806,20.75
Piper condotoense,Magnoliopsida,NA,107790.81121412542,9.42,12164.66096061006,11.29,17680.78422496137,16.4
Piper confertinodum,Magnoliopsida,NA,50819.57007690225,4.44,3325.1156256875,6.54,4106.465886008179,8.08
Piper consanguineum,Magnoliopsida,NA,900563.4577483442,78.74,156510.0146191941,17.38,266413.0547594447,29.58
Piper cornifolium,Magnoliopsida,NA,226403.80683086673,19.8,34126.01049572958,15.07,58825.37803861733,25.98
Piper coruscans,Magnoliopsida,NA,657717.969016519,57.51,129123.07051316698,19.63,199496.39781226343,30.33
Piper crassinervium,Magnoliopsida,LC,433018.75121766457,37.86,71333.48719143146,16.47,112676.1820613855,26.02
Piper curtispicum,Magnoliopsida,LC,2320.9102774905314,0.2,723.16080196875,31.16,916.2943059375,39.48
Piper darienense,Magnoliopsida,NA,109786.56477266565,9.6,14893.956464731567,13.57,34107.4822385636,31.07
Piper demeraranum,Magnoliopsida,NA,797651.9030631381,69.74,142350.29264194335,17.85,228577.58239329947,28.66
Piper dichroostachyum,Magnoliopsida,NA,97338.84769354937,8.51,21069.69323153473,21.65,32116.95404807788,33
Piper dilatatum,Magnoliopsida,LC,785492.6463001173,68.68,134715.68982493665,17.15,228280.5418440753,29.06
Piper divaricatum,Magnoliopsida,NA,797560.2595060843,69.74,130808.8566847722,16.4,227478.16756429808,28.52
Piper dryadum,Magnoliopsida,NA,103863.42938050066,9.08,18042.94592121292,17.37,23986.233630264465,23.09
Piper dumosum,Magnoliopsida,NA,435770.7149545467,38.1,106458.92864791896,24.43,155903.4211827627,35.78
Piper eriopodon,Magnoliopsida,NA,198047.4365365193,17.32,37511.43316469647,18.94,58528.89827544763,29.55
Piper exiguicaule,Magnoliopsida,NA,0,0,0,NA,0,NA
Piper filistilum,Magnoliopsida,NA,74312.416031994,6.5,10848.134277263673,14.6,15488.387176624025,20.84
Piper fimbriulatum,Magnoliopsida,NT,65392.84482527736,5.72,7558.5375537441405,11.56,10663.077435664063,16.31
Piper friedrichsthalii,Magnoliopsida,LC,69341.21152234005,6.06,9408.679426012024,13.57,10842.13578747876,15.64
Piper garagaranum,Magnoliopsida,NA,103116.9179406545,9.02,14612.773177129273,14.17,20688.14287821228,20.06
Piper glabrescens,Magnoliopsida,LC,654903.2381302696,57.26,118960.74702423824,18.16,193669.0943990738,29.57
Piper glanduligerum,Magnoliopsida,NA,294034.6868751389,25.71,58937.041846283995,20.04,94601.767842906,32.17
Piper gorgonillense,Magnoliopsida,NA,101047.0638936493,8.84,10476.317171659057,10.37,15100.9456500448,14.94
Piper grande,Magnoliopsida,LC,354152.1512340605,30.97,68441.72323396763,19.33,125150.30887326993,35.34
Piper haughtii,Magnoliopsida,NA,214080.391699012,18.72,29392.519822022823,13.73,43860.9509519478,20.49
Piper heterophyllum,Magnoliopsida,NA,305190.03965603444,26.68,83499.67474755566,27.36,131620.60736552833,43.13
Piper hispidum,Magnoliopsida,LC,1014727.3346904411,88.72,184979.72997503693,18.23,289838.42370161205,28.56
Piper holtonii,Magnoliopsida,NA,177218.0653099356,15.5,27161.529085883605,15.33,48708.89268575116,27.49
Piper hostmannianum,Magnoliopsida,LC,782782.2437449469,68.44,153044.66480126258,19.55,238065.54413105236,30.41
Piper immutatum,Magnoliopsida,NA,93475.03450685754,8.17,14087.101352861908,15.07,22940.58794112332,24.54
Piper imperiale,Magnoliopsida,LC,151207.37118823218,13.22,21519.221710596797,14.23,30028.4194966494,19.86
Piper irazuanum,Magnoliopsida,NA,20173.481799075,1.76,4141.327440342952,20.53,7516.6983800985245,37.26
Piper lacunosum,Magnoliopsida,LC,103967.95162467367,9.09,30788.46521609866,29.61,42300.63629465524,40.69
Piper laevigatum,Magnoliopsida,LC,518660.28508664866,45.35,108745.5283023602,20.97,164548.24376130666,31.73
Piper lanceifolium,Magnoliopsida,NA,181382.08997052035,15.86,37241.83033303741,20.53,55985.836610487306,30.87
Piper lenticellosum,Magnoliopsida,NA,311288.3306769171,27.22,58276.41718323093,18.72,94450.06784269912,30.34
Piper littorale,Magnoliopsida,NA,61186.01534489386,5.35,4090.7643143125,6.69,5442.6857488125,8.9
Piper longispicum,Magnoliopsida,LC,24183.523435468836,2.11,4365.049136944702,18.05,8518.49368651056,35.22
Piper macerispicum,Magnoliopsida,NA,418711.0835702371,36.61,93911.26040338405,22.43,137350.85141560595,32.8
Piper macrotrichum,Magnoliopsida,NA,244358.58692637057,21.37,54546.868802975274,22.32,79422.89655261101,32.5
Piper maranyonense,Magnoliopsida,NA,634312.3197396693,55.46,136684.52324300897,21.55,210457.02008285435,33.18
Piper marginatum,Magnoliopsida,NA,754610.5354024378,65.98,136936.49178033986,18.15,248699.78064447307,32.96
Piper melanocladum,Magnoliopsida,LC,152809.95034832295,13.36,20542.720350247982,13.44,34321.00873319345,22.46
Piper metanum,Magnoliopsida,NA,577195.8925953847,50.47,109027.47347762794,18.89,169058.79033563085,29.29
Piper multiplinervium,Magnoliopsida,NA,962841.1053588188,84.19,170637.8822615411,17.72,278992.22894317994,28.98
Piper munchanum,Magnoliopsida,NA,525908.6953599066,45.98,101091.4419520463,19.22,170361.7027783785,32.39
Piper nubigenum,Magnoliopsida,NA,86654.01472419003,7.58,23988.06811855353,27.68,33321.29068622137,38.45
Piper obliquum,Magnoliopsida,NA,795416.4412576851,69.55,161158.30908718242,20.26,242426.87029151391,30.48
Piper obtusilimbum,Magnoliopsida,LC,432476.2611374557,37.81,105166.7854063999,24.32,159894.48345672118,36.97
Piper otophorum,Magnoliopsida,NA,26172.61701414183,2.29,5077.439927710938,19.4,5679.986326667969,21.7
Piper ottoniifolium,Magnoliopsida,NA,207764.19403838093,18.17,35684.08269751729,17.18,52177.901380146104,25.11
Piper peltatum,Magnoliopsida,NA,942772.513026613,82.43,164582.22743434328,17.46,263165.2979221768,27.91
Piper phytolaccifolium,Magnoliopsida,LC,779848.7713265696,68.19,153011.44143104213,19.62,232789.1787175627,29.85
Piper piluliferum,Magnoliopsida,NA,241062.93884585224,21.08,41300.903042043275,17.13,65910.48757631298,27.34
Piper pittieri,Magnoliopsida,VU,50297.631045797774,4.4,12507.731008172865,24.87,17926.30240944084,35.64
Piper poporense,Magnoliopsida,NA,544170.1282888313,47.58,114798.83788809524,21.1,171131.58609400952,31.45
Piper pseudofuligineum,Magnoliopsida,LC,20265.56527725727,1.77,2262.3351242890626,11.16,3889.317436097656,19.19
Piper reticulatum,Magnoliopsida,LC,962991.3123933232,84.2,164953.20073314413,17.13,278495.4103285192,28.92
Piper schiedeanum,Magnoliopsida,LC,31586.382843827432,2.76,6508.863119082397,20.61,8728.833118642578,27.63
Piper secundum,Magnoliopsida,LC,241368.37107117331,21.1,22704.654062308793,9.41,69875.14270878755,28.95
Piper soledadense,Magnoliopsida,NA,397416.68019042903,34.75,90526.54717945434,22.78,131441.87178703368,33.07
Piper subsessilifolium,Magnoliopsida,NA,681163.6263503686,59.56,139969.65015094384,20.55,221105.9728744266,32.46
Piper tenue,Magnoliopsida,LC,313297.76159342186,27.39,28970.63034244605,9.25,82274.77920693786,26.26
Piper tenuilimbum,Magnoliopsida,NA,243832.13214574207,21.32,42613.65178123248,17.48,61766.33429147095,25.33
Piper terrabanum,Magnoliopsida,NA,48719.71877711835,4.26,9239.138068344726,18.96,14099.041794041992,28.94
Piper trianae,Magnoliopsida,NA,71141.37778751002,6.22,12705.384821060545,17.86,18723.744929251705,26.32
Piper trigonum,Magnoliopsida,NA,805958.6371644789,70.47,157744.21843667395,19.57,243678.74503273328,30.23
Piper tuberculatum,Magnoliopsida,LC,1015355.3007433373,88.78,171036.01683932857,16.84,298457.02498187986,29.39
Piper umbellatum,Magnoliopsida,NA,821831.0389940894,71.86,165149.23468230793,20.1,249021.71404567017,30.3
Piper villiramulum,Magnoliopsida,LC,2908.88471062153,0.25,2708.19475725,93.1,2708.1947574375,93.1
Piptocarpha poeppigiana,Magnoliopsida,LC,529281.9289056429,46.28,121676.13936348958,22.99,185352.53825008872,35.02
Piptocarpha triflora,Magnoliopsida,NA,469963.67451276234,41.09,87155.9759995288,18.55,149623.9383114297,31.84
Piptocoma discolor,Magnoliopsida,LC,823415.6851326632,72,142885.91180542402,17.35,222777.27544460777,27.06
Piranhea trifoliata,Magnoliopsida,LC,209928.2154321575,18.36,16572.083306078002,7.89,50140.07018762488,23.88
Piriqueta cistoides,Magnoliopsida,NA,273451.08422228857,23.91,21631.99899952344,7.91,41177.80537783594,15.06
Pisonia aculeata,Magnoliopsida,LC,826026.531607612,72.22,142857.0704876667,17.29,264847.7378625085,32.06
Pithecellobium dulce,Magnoliopsida,LC,223006.57365085345,19.5,23895.946219286696,10.72,64923.04571510709,29.11
Pithecellobium hymenaeifolium,Magnoliopsida,LC,60394.82697100432,5.28,4802.223464255097,7.95,21681.966453490026,35.9
Pithecellobium lanceolatum,Magnoliopsida,LC,170215.86104437357,14.88,15230.97129270581,8.95,54060.127171743894,31.76
Pittoniotis trichantha,Magnoliopsida,LC,476202.6390182157,41.64,76622.64273601242,16.09,153056.53539282328,32.14
Plagiocheilus bogotensis,Magnoliopsida,NA,28461.25698482669,2.49,7477.68965752002,26.27,10412.67153829663,36.59
Plantago australis,Magnoliopsida,NA,164692.90826232312,14.4,43764.98810524491,26.57,61490.55415464397,37.34
Plantago lanceolata,Magnoliopsida,NA,168787.85469521544,14.76,39295.39095210692,23.28,56175.09538921336,33.28
Plantago linearis,Magnoliopsida,NA,28581.159341461513,2.5,8250.77806006781,28.87,11344.533000993042,39.69
Plantago major,Magnoliopsida,LC,492278.7634310819,43.04,89088.30967826897,18.1,172177.744250845,34.98
Plantago rigida,Magnoliopsida,LC,54131.277692479525,4.73,19561.087277863346,36.14,24503.446897291506,45.27
Plantago sericea,Magnoliopsida,NA,93309.95332568568,8.16,27622.31107379222,29.6,37120.86464668504,39.78
Platonia insignis,Magnoliopsida,NA,204930.23156469705,17.92,22985.6336420625,11.22,27172.6829770625,13.26
Platycarpum orinocense,Magnoliopsida,LC,346909.75979376206,30.33,49181.90195984375,14.18,82167.39111154688,23.69
Platymiscium pinnatum,Magnoliopsida,LC,738208.4390328125,64.55,127748.62804720172,17.31,244188.12521101529,33.08
Platymiscium stipulare,Magnoliopsida,NA,434522.2975307588,37.99,111911.70233929956,25.76,164039.04566246166,37.75
Platypodium elegans,Magnoliopsida,LC,551107.2029516303,48.19,68918.11540572226,12.51,147704.24482366667,26.8
Pleonotoma clematis,Magnoliopsida,NA,417582.7166614129,36.51,79407.00155050245,19.02,145350.86797765485,34.81
Pleonotoma exserta,Magnoliopsida,NA,382986.8622409491,33.49,93186.64678932812,24.33,131896.52322132813,34.44
Pleonotoma jasminifolia,Magnoliopsida,NA,627686.5610147851,54.88,115026.75177055468,18.33,175976.57339478808,28.04
Pleonotoma melioides,Magnoliopsida,NA,0,0,0,NA,0,NA
Pleonotoma variabilis,Magnoliopsida,NA,1006002.5812104356,87.96,175726.61902246042,17.47,300732.7028602269,29.89
Pleuranthodendron lindenii,Magnoliopsida,LC,654687.1882830523,57.24,129049.6183768144,19.71,207741.386679659,31.73
Pleuropetalum pleiogynum,Magnoliopsida,LC,643641.108272155,56.28,118466.47074470692,18.41,210291.51310922505,32.67
Pleuropetalum sprucei,Magnoliopsida,LC,19616.05211804727,1.72,2709.271615734497,13.81,4229.501314151001,21.56
Pleurothyrium bifidum,Magnoliopsida,LC,126834.12596780804,11.09,28823.340962899412,22.73,29181.7050591416,23.01
Pleurothyrium cuneifolium,Magnoliopsida,LC,282189.84150458936,24.67,41244.92209746022,14.62,87209.22408315577,30.9
Pleurothyrium insigne,Magnoliopsida,LC,88919.94949986466,7.77,18945.959648539796,21.31,21997.84784135913,24.74
Pleurothyrium parviflorum,Magnoliopsida,LC,327378.88145616313,28.62,94188.6694739541,28.77,133500.01616074317,40.78
Pleurothyrium poeppigii,Magnoliopsida,LC,8640.150996642496,0.76,2169.467605428467,25.11,2362.5705627331545,27.34
Pleurothyrium trianae,Magnoliopsida,LC,598703.679392719,52.35,109645.4880000294,18.31,167687.5815706508,28.01
Pleurothyrium vasquezii,Magnoliopsida,LC,448641.47892622807,39.23,101973.90771446582,22.73,144754.44995163768,32.27
Plukenetia penninervia,Magnoliopsida,NA,1009231.707024169,88.24,165212.0647121262,16.37,289021.71311922057,28.64
Plukenetia polyadenia,Magnoliopsida,NA,500513.3941793173,43.76,92369.58091348682,18.45,137807.08244973628,27.53
Plukenetia volubilis,Magnoliopsida,NA,489110.3019229123,42.77,82656.73284264881,16.9,121097.1398683512,24.76
Plumbago zeylanica,Magnoliopsida,NA,87290.48797378516,7.63,7275.673476792206,8.34,31012.91653017166,35.53
Plumeria pudica,Magnoliopsida,LC,525853.7247631513,45.98,69538.27440123148,13.22,141806.29096261435,26.97
Plumeria rubra,Magnoliopsida,LC,447329.2724421152,39.11,56140.394020028994,12.55,118511.73667481884,26.49
Plutarchia coronaria,Magnoliopsida,VU,14179.484038058165,1.24,4899.947443698242,34.56,5329.865111765625,37.59
Podocalyx loranthoides,Magnoliopsida,LC,247662.5596679139,21.65,43061.459207742184,17.39,57303.92048799219,23.14
Poecilandra retusa,Magnoliopsida,LC,0,0,0,NA,0,NA
Poeppigia procera,Magnoliopsida,LC,349186.8067642884,30.53,66690.45925977324,19.1,142325.74069811506,40.76
Pogonophora schomburgkiana,Magnoliopsida,LC,277821.9368605792,24.29,46013.62263352051,16.56,57307.77797527051,20.63
Pogonopus exsertus,Magnoliopsida,LC,118736.01871524291,10.38,15091.082500557615,12.71,46300.627985284176,38.99
Pogonopus speciosus,Magnoliopsida,LC,160960.63191347153,14.07,28323.47988128525,17.6,62418.90610822428,38.78
Polyanthina nemorosa,Magnoliopsida,NA,240569.0168574192,21.03,45764.99303864914,19.02,74517.2098555529,30.98
Polygala adenophora,Magnoliopsida,NA,394248.07949619874,34.47,66786.63689236231,16.94,111590.33154760548,28.3
Polygala appressa,Magnoliopsida,NA,50862.42922863065,4.45,8640.78027809375,16.99,11064.48511009375,21.75
Polygala asperuloides,Magnoliopsida,NA,788391.1663820135,68.93,160554.2234484598,20.36,241684.77612000465,30.66
Polygala hygrophila,Magnoliopsida,NA,345740.3206922145,30.23,45550.5746599541,13.17,81631.24274655567,23.61
Polygala longicaulis,Magnoliopsida,NA,610670.5985950854,53.39,77666.39796514984,12.72,154455.2909536225,25.29
Polygala paniculata,Magnoliopsida,NA,474765.3837292139,41.51,98724.3305471834,20.79,160616.7619122447,33.83
Polygala savannarum,Magnoliopsida,NA,170801.20264705195,14.93,12564.439543686753,7.36,28103.479391960427,16.45
Polygala timoutou,Magnoliopsida,NA,354030.6893725053,30.96,49907.61631204004,14.1,83348.13284408985,23.54
Polygala trichosperma,Magnoliopsida,NA,222467.0176020854,19.45,19564.998596746093,8.79,40517.24405632422,18.21
Asemeia violacea,Magnoliopsida,NA,512971.01222728565,44.85,71432.23082738936,13.93,145886.74985495122,28.44
Polylepis quadrijuga,Magnoliopsida,CR,23057.810973577307,2.02,9151.20940431102,39.69,10701.722839601089,46.41
Polylepis sericea,Magnoliopsida,VU,22355.651416946617,1.95,7994.904296832764,35.76,10603.20275376245,47.43
Pombalia prunifolia,Magnoliopsida,LC,505818.6049529121,44.23,76681.09489746849,15.16,158755.8515159595,31.39
Poraqueiba paraensis,Magnoliopsida,LC,348553.31088139716,30.48,82648.87862732519,23.71,115314.44010248144,33.08
Poraqueiba sericea,Magnoliopsida,LC,315693.3243802364,27.6,74056.35865460937,23.46,101828.92421033594,32.26
Porophyllum ruderale,Magnoliopsida,NA,748702.2040290182,65.46,155626.77118422004,20.79,236190.76112308324,31.55
Portulaca oleracea,Magnoliopsida,LC,870364.0546736371,76.1,147491.48964705862,16.95,262334.6447193091,30.14
Portulaca pilosa,Magnoliopsida,NA,803969.8154434992,70.3,142886.17987131403,17.77,268735.06565326324,33.43
Posoqueria coriacea,Magnoliopsida,LC,388408.6463595259,33.96,71894.9263619289,18.51,120235.74542426088,30.96
Posoqueria latifolia,Magnoliopsida,LC,766003.1007752704,66.98,150650.96384099554,19.67,234688.07637953057,30.64
Posoqueria longiflora,Magnoliopsida,LC,853279.7911273865,74.61,141799.2055915395,16.62,243567.97566991168,28.54
Potalia coronata,Magnoliopsida,LC,202296.48745605777,17.69,59286.23918026563,29.31,87151.91518026563,43.08
Potalia resinifera,Magnoliopsida,LC,640066.866116789,55.96,119684.5006001499,18.7,186381.71144030616,29.12
Poulsenia armata,Magnoliopsida,LC,713090.1365195794,62.35,163807.55742273136,22.97,244215.56502134487,34.25
Pourouma acuminata,Magnoliopsida,LC,277486.42013444327,24.26,64601.30320859473,23.28,88700.97986996973,31.97
Pourouma bicolor,Magnoliopsida,LC,964453.7787017148,84.33,168352.57663398882,17.46,275306.6940598345,28.55
Pourouma cecropiifolia,Magnoliopsida,LC,696191.30855387,60.87,138922.22502407746,19.95,215684.9090635755,30.98
Pourouma cucura,Magnoliopsida,LC,327251.64523488877,28.61,79190.15717674218,24.2,112857.48117814065,34.49
Pourouma guianensis,Magnoliopsida,LC,714404.5758300951,62.46,144568.7155937213,20.24,224198.49045560852,31.38
Pourouma hirsutipetiolata,Magnoliopsida,LC,179778.87048929548,15.72,22506.94752056833,12.52,37346.50674495249,20.77
Pourouma melinonii,Magnoliopsida,LC,518149.9225829565,45.31,88015.38814283874,16.99,143784.36254779107,27.75
Pourouma minor,Magnoliopsida,LC,678421.9308529536,59.32,143019.48354712685,21.08,221311.0654375477,32.62
Pourouma mollis,Magnoliopsida,LC,312856.88595412084,27.35,73633.49628530517,23.54,124098.4054195127,39.67
Pourouma myrmecophila,Magnoliopsida,LC,179069.0712205152,15.66,52137.8396266875,29.12,69579.9048746875,38.86
Pourouma ovata,Magnoliopsida,NA,369197.9782475376,32.28,101678.24954146484,27.54,141607.31300259766,38.36
Pourouma tomentosa,Magnoliopsida,LC,744379.5338530879,65.09,137933.36939398182,18.53,212248.61744207557,28.51
Pouteria baehniana,Magnoliopsida,LC,507056.6981799024,44.34,105889.87614568048,20.88,149782.77447512865,29.54
Pouteria bangii,Magnoliopsida,LC,652385.8505588901,57.04,121584.14892961131,18.64,188633.7739320967,28.91
Pouteria bilocularis,Magnoliopsida,LC,601488.9221400798,52.59,138954.43512139702,23.1,215330.19657948072,35.8
Pouteria buenaventurensis,Magnoliopsida,LC,72269.75086649292,6.32,11243.87484511194,15.56,13834.69598042151,19.14
Pouteria caimito,Magnoliopsida,LC,882473.0401259622,77.16,150335.45744831793,17.04,239362.89704466143,27.12
Pouteria cladantha,Magnoliopsida,LC,660689.8735279514,57.77,126222.35319801683,19.1,215976.17342886011,32.69
Pouteria collina,Magnoliopsida,LC,247339.7265875062,21.63,39608.46267534601,16.01,62939.38174749414,25.45
Pouteria coriacea,Magnoliopsida,LC,800504.7117323567,69.99,135257.79616337523,16.9,233028.57873387187,29.11
Pouteria cuspidata,Magnoliopsida,LC,832325.6752865607,72.78,145191.88666002252,17.44,227624.15379935675,27.35
Pouteria durlandii,Magnoliopsida,LC,652375.6180449349,57.04,139992.9946154173,21.46,211948.13635564872,32.49
Pouteria elegans,Magnoliopsida,LC,264519.04161438404,23.13,33449.10134771778,12.65,45613.90522164746,17.24
Pouteria ephedrantha,Magnoliopsida,NA,255189.2195320265,22.31,70394.71850251954,27.59,114429.89592275,44.84
Pouteria eugeniifolia,Magnoliopsida,LC,855627.1448024687,74.81,163544.86840574053,19.11,260047.67239023745,30.39
Pouteria glomerata,Magnoliopsida,LC,574459.6532629741,50.23,126056.08839450646,21.94,207476.97052101645,36.12
Pouteria gomphiifolia,Magnoliopsida,LC,196328.61233590392,17.17,38186.55849869141,19.45,51227.574098222656,26.09
Pouteria guianensis,Magnoliopsida,LC,841973.5659975462,73.62,145066.63308571637,17.23,227701.81853600912,27.04
Pouteria juruana,Magnoliopsida,EN,465986.8673317786,40.74,112067.92125314704,24.05,161550.3855585299,34.67
Pouteria krukovii,Magnoliopsida,VU,457456.608680279,40,106627.34294336666,23.31,170817.19195844213,37.34
Pouteria laevigata,Magnoliopsida,LC,429432.6229976701,37.55,96020.33851839356,22.36,132948.0255887517,30.96
Pouteria lucuma,Magnoliopsida,LC,296402.560609308,25.92,58282.81269706107,19.66,93553.52309666676,31.56
Pouteria lucumifolia,Magnoliopsida,LC,175399.63458818273,15.34,33753.27352047363,19.24,35798.80705671582,20.41
Pouteria macrophylla,Magnoliopsida,LC,419599.1962694499,36.69,91010.09608439356,21.69,133844.86470464355,31.9
Pouteria multiflora,Magnoliopsida,NA,788268.4442458618,68.92,155548.2137471522,19.73,240562.43345654724,30.52
Pouteria oblanceolata,Magnoliopsida,LC,186739.11368324523,16.33,36126.46295686816,19.35,40136.41120575098,21.49
Pouteria plicata,Magnoliopsida,LC,286083.2165995416,25.01,40481.687786125,14.15,55499.449893828125,19.4
Pouteria procera,Magnoliopsida,LC,396525.11600515665,34.67,95574.06878300683,24.1,147387.73960322558,37.17
Pouteria reticulata,Magnoliopsida,LC,789485.90764471,69.03,146014.61775762,18.49,224530.722800188,28.44
Pouteria rostrata,Magnoliopsida,LC,376356.6854924019,32.91,89774.11945708984,23.85,127553.0100962461,33.89
Pouteria simulans,Magnoliopsida,LC,799897.0605807302,69.94,133779.6170591179,16.72,228004.4049118147,28.5
Pouteria subrotata,Magnoliopsida,LC,243793.67030129544,21.32,46630.42107811075,19.13,74941.62812868021,30.74
Pouteria torta,Magnoliopsida,LC,680974.9587324889,59.54,152268.83039543914,22.36,233106.25658140195,34.23
Pouteria trilocularis,Magnoliopsida,LC,659813.1752301379,57.69,126295.5843198086,19.14,191504.1340071702,29.02
Pouteria venosa,Magnoliopsida,LC,645972.6001881964,56.48,118250.39522198524,18.31,181306.6974439425,28.07
Pouteria vernicosa,Magnoliopsida,LC,329779.08994473063,28.83,95927.04427221192,29.09,134274.59252221973,40.72
Pouzolzia formicaria,Magnoliopsida,LC,181604.08243223268,15.88,53635.815168,29.53,74270.667546,40.9
Pouzolzia obliqua,Magnoliopsida,LC,728528.8453896982,63.7,137849.12518346627,18.92,209053.5782417568,28.7
Pouzolzia occidentalis,Magnoliopsida,LC,442559.02121491,38.7,59587.41419785312,13.46,118725.22646184194,26.83
Pradosia colombiana,Magnoliopsida,LC,96606.66920141902,8.45,7778.073093542206,8.05,36152.705496968534,37.42
Pradosia schomburgkiana,Magnoliopsida,LC,519140.687145491,45.39,77529.25337122736,14.93,125921.75648432306,24.26
Praecereus euchlorus,Magnoliopsida,LC,6394.558274393311,0.56,426.03156691796875,6.66,479.1144133808594,7.49
Praxelis diffusa,Magnoliopsida,NA,842869.6959933192,73.7,130929.06601864904,15.53,250972.0335972268,29.78
Prestonia annularis,Magnoliopsida,NA,338959.45602481416,29.64,40250.24587708801,11.87,90903.31170790804,26.82
Prestonia portobellensis,Magnoliopsida,NA,172519.43831034045,15.08,29986.70774824872,17.38,40377.00412700434,23.4
Prestonia quinquangularis,Magnoliopsida,NA,688756.7880296528,60.22,81527.54541732535,11.84,172191.62564928678,25
Prestonia rotundifolia,Magnoliopsida,EN,582505.6684179755,50.93,96140.66814628558,16.5,156942.06330648426,26.94
Prestonia tomentosa,Magnoliopsida,NA,639101.9281443721,55.88,104880.92941602596,16.41,215064.275939644,33.65
Prestonia trifida,Magnoliopsida,NA,1025623.0747615783,89.68,174886.71511561683,17.05,298320.15509061556,29.09
Prionostemma aspera,Magnoliopsida,LC,603428.5674936008,52.76,92936.78121017732,15.4,189959.05649610815,31.48
Prioria copaifera,Magnoliopsida,LC,91058.33535450982,7.96,10954.397979700196,12.03,32990.66359826465,36.23
Pristimera nervosa,Magnoliopsida,LC,102068.05561931385,8.92,12722.906841963137,12.47,17092.71625605835,16.75
Priva lappulacea,Magnoliopsida,NA,649365.0317046026,56.78,102851.17015743784,15.84,211575.3788700761,32.58
Prockia crucis,Magnoliopsida,LC,0,0,0,NA,0,NA
Prosopis juliflora,Magnoliopsida,NA,156565.8181150028,13.69,14154.643227812592,9.04,48085.90331848221,30.71
Protium altsonii,Magnoliopsida,LC,496114.3139979087,43.38,108646.0201834441,21.9,167362.19152570094,33.73
Protium amazonicum,Magnoliopsida,LC,571372.4001916326,49.96,112187.39482366022,19.63,171545.1995899006,30.02
Protium amplum,Magnoliopsida,LC,142197.23215787462,12.43,20043.92338448944,14.1,29915.026247863465,21.04
Protium apiculatum,Magnoliopsida,LC,855833.2098941351,74.83,163974.88526525677,19.16,263514.8138929774,30.79
Protium aracouchini,Magnoliopsida,LC,695426.367398121,60.81,77214.23599696912,11.1,136710.0496236394,19.66
Protium calanense,Magnoliopsida,LC,692863.5575630661,60.58,126453.51841744434,18.25,201800.36274109545,29.13
Protium calendulinum,Magnoliopsida,LC,189752.0298879538,16.59,46414.461785586915,24.46,60563.70228158691,31.92
Protium carolense,Magnoliopsida,NA,278253.8223478398,24.33,41035.98645126758,14.75,49774.386162739254,17.89
Protium colombianum,Magnoliopsida,LC,162626.72242952464,14.22,20679.177936861328,12.72,35892.897312793946,22.07
Protium cranipyrenum,Magnoliopsida,NA,83021.64076497684,7.26,5591.272368716064,6.73,7461.761463153076,8.99
Protium crassipetalum,Magnoliopsida,LC,603245.4964168007,52.75,114393.88674760643,18.96,168230.40279236427,27.89
Protium crenatum,Magnoliopsida,LC,339379.67933099414,29.67,52259.760761393554,15.4,89670.2213249453,26.42
Protium decandrum,Magnoliopsida,LC,535237.4246024647,46.8,121370.90221312146,22.68,190143.77443736035,35.53
Protium divaricatum,Magnoliopsida,LC,273543.7225604484,23.92,60156.01345461426,21.99,83829.858784833,30.65
Protium ecuadorense,Magnoliopsida,LC,348684.431689757,30.49,63476.92749668781,18.2,113033.39825513306,32.42
Protium ferrugineum,Magnoliopsida,LC,531510.4030036614,46.47,107504.0969288147,20.23,156059.08973660888,29.36
Protium gallosum,Magnoliopsida,LC,363761.7971869315,31.81,98976.90431866406,27.21,146474.639477375,40.27
Protium glabrescens,Magnoliopsida,LC,512803.5117750587,44.84,107723.43341159912,21.01,160621.5794981267,31.32
Protium grandifolium,Magnoliopsida,LC,587264.2878994616,51.35,112689.06016232446,19.19,175485.4429497085,29.88
Protium guianense,Magnoliopsida,LC,825386.3975078767,72.17,141902.45794548563,17.19,228713.70685871583,27.71
Protium hebetatum,Magnoliopsida,LC,677805.1339553829,59.26,128202.6094775476,18.91,204200.74010692048,30.13
Protium heptaphyllum,Magnoliopsida,LC,862189.6216220086,75.39,139888.93803776696,16.22,246877.20182248804,28.63
Protium klugii,Magnoliopsida,LC,262593.2095627188,22.96,69987.66058700488,26.65,100457.47911831738,38.26
Protium laxiflorum,Magnoliopsida,LC,449707.34723266633,39.32,103525.19949129004,23.02,147752.81416235253,32.86
Protium leptostachyum,Magnoliopsida,LC,675149.3129424517,59.03,122397.7538773804,18.13,193488.96441925524,28.66
Protium llanorum,Magnoliopsida,LC,608106.361512055,53.17,105853.08927586718,17.41,164959.25970531543,27.13
Protium macrocarpum,Magnoliopsida,LC,634739.6307060128,55.5,116677.5143683626,18.38,182164.09271428743,28.7
Protium macrophyllum,Magnoliopsida,LC,420297.3147527143,36.75,68099.93971132135,16.2,108531.12068704398,25.82
Protium nitidifolium,Magnoliopsida,LC,441131.4566134484,38.57,101142.61645597364,22.93,141983.6673991299,32.19
Protium nodulosum,Magnoliopsida,LC,676261.6409238956,59.13,133553.43545034234,19.75,203996.64840345527,30.17
Protium opacum,Magnoliopsida,LC,804446.0771952482,70.34,151180.77095026843,18.79,238641.56793247547,29.67
Protium panamense,Magnoliopsida,LC,422.0359875672491,0.04,292.7436558125,69.36,292.7436558125,69.36
Protium paniculatum,Magnoliopsida,LC,574003.9104200343,50.19,111819.51267412258,19.48,170280.1975340769,29.67
Protium pilosissimum,Magnoliopsida,LC,462388.7319641466,40.43,81543.71071471777,17.64,146801.65054411915,31.75
Protium polybotryum,Magnoliopsida,LC,24266.81279342351,2.12,6589.329792,27.15,7033.363296,28.98
Protium puncticulatum,Magnoliopsida,LC,657184.7938107628,57.46,118045.93118856545,17.96,180627.26308776368,27.49
Protium robustum,Magnoliopsida,LC,637477.9448758042,55.74,115774.683479823,18.16,191104.3497181101,29.98
Protium rubrum,Magnoliopsida,LC,651556.2289721298,56.97,120408.43343657936,18.48,188721.35259299437,28.96
Protium sagotianum,Magnoliopsida,LC,804032.3008837111,70.3,136929.51107323926,17.03,220327.2887994104,27.4
Protium spruceanum,Magnoliopsida,LC,669144.0699379438,58.51,120320.0254474262,17.98,190633.6626501793,28.49
Protium strumosum,Magnoliopsida,LC,128890.96786029736,11.27,37070.909056,28.76,45737.715296,35.49
Protium subserratum,Magnoliopsida,LC,467239.99078107,40.85,112397.38354292064,24.06,161041.3031581205,34.47
Protium tenuifolium,Magnoliopsida,LC,841213.7477709579,73.55,132735.60477752727,15.78,258916.7645027,30.78
Protium tovarense,Magnoliopsida,LC,126144.95952278948,11.03,27826.64969871283,22.06,44845.25372314929,35.55
Protium trifoliolatum,Magnoliopsida,LC,772155.9992345655,67.51,131533.22751551273,17.03,220465.21694331945,28.55
Protium unifoliolatum,Magnoliopsida,LC,621098.074385397,54.31,115651.8386455332,18.62,176972.71316426076,28.49
Protium urophyllidium,Magnoliopsida,LC,414647.8822518824,36.26,85807.78987013183,20.69,115176.83945038184,27.78
Prunella vulgaris,Magnoliopsida,LC,173667.09100397598,15.18,42505.146392619936,24.48,60546.61099200903,34.86
Prunus amplifolia,Magnoliopsida,LC,58217.657721767646,5.09,8155.315922632569,14.01,8560.123072874756,14.7
Prunus debilis,Magnoliopsida,LC,292352.13942366315,25.56,56231.789212184354,19.23,76157.31471356106,26.05
Prunus huantensis,Magnoliopsida,LC,94420.4904412295,8.26,26773.101397580867,28.36,36648.41220306933,38.81
Prunus integrifolia,Magnoliopsida,LC,166950.21976447437,14.6,37831.29134809753,22.66,55775.22648834192,33.41
Prunus opaca,Magnoliopsida,LC,114028.08838549866,9.97,28176.35683019079,24.71,39532.52885327527,34.67
Prunus persica,Magnoliopsida,NA,100191.31493630444,8.76,25510.652813254237,25.46,36074.894313242694,36.01
Prunus serotina,Magnoliopsida,LC,81689.64585879522,7.14,23569.355246549378,28.85,31168.391859568113,38.15
Psammisia aberrans,Magnoliopsida,NA,98460.05558255872,8.61,15224.678870972042,15.46,24542.993071604946,24.93
Psammisia columbiensis,Magnoliopsida,NA,195673.8061865016,17.11,44516.55489873102,22.75,65651.87108205323,33.55
Psammisia debilis,Magnoliopsida,NA,73881.63104913905,6.46,16833.47077367651,22.78,24422.04575866772,33.06
Psammisia dolichopoda,Magnoliopsida,NA,212843.7942572839,18.61,43483.191179355286,20.43,69841.77536142823,32.81
Psammisia ferruginea,Magnoliopsida,NA,157965.3495857606,13.81,28427.515600370178,18,46388.57115103174,29.37
Psammisia graebneriana,Magnoliopsida,NA,61794.44992218354,5.4,18019.07640873083,29.16,24355.75740267584,39.41
Psammisia guianensis,Magnoliopsida,NA,439356.42278286256,38.42,87780.75440392469,19.98,116421.32242850818,26.5
Psammisia macrophylla,Magnoliopsida,LC,169822.39701307597,14.85,37599.3706078988,22.14,56638.72207473809,33.35
Psammisia occidentalis,Magnoliopsida,NA,48505.03307671167,4.24,3473.52172725,7.16,4519.44299125,9.32
Psammisia panamensis,Magnoliopsida,NA,912.4135676925304,0.08,499.45338640625,54.74,537.466870375,58.91
Psammisia pedunculata,Magnoliopsida,LC,55975.53739286871,4.89,5960.577254411865,10.65,9632.225913653563,17.21
Psammisia penduliflora,Magnoliopsida,NA,103751.440303903,9.07,19710.373143452147,19,32725.251235674987,31.54
Psammisia pennellii,Magnoliopsida,LC,173812.0357700642,15.2,37626.07784719781,21.65,56270.90078417334,32.37
Psammisia sodiroi,Magnoliopsida,NA,26677.557575754337,2.33,4443.8807669421385,16.66,8052.212042672852,30.18
Psammisia ulbrichiana,Magnoliopsida,NA,203544.31131347927,17.8,35992.278109975465,17.68,60063.143558686155,29.51
Psammisia urichiana,Magnoliopsida,NA,242418.03861675985,21.2,34634.31177203378,14.29,59539.25664304129,24.56
Pseudelephantopus spicatus,Magnoliopsida,NA,835923.7889532602,73.09,165310.08077447882,19.78,249795.60217383032,29.88
Pseudelephantopus spiralis,Magnoliopsida,NA,1006869.620347674,88.04,176857.053233683,17.57,287058.8028913617,28.51
Pseudima frutescens,Magnoliopsida,LC,438946.8656551557,38.38,79758.72503261936,18.17,159759.88568352713,36.4
Pseudobombax munguba,Magnoliopsida,LC,427465.8007354293,37.38,105611.33079913745,24.71,151276.08118269994,35.39
Pseudobombax septenatum,Magnoliopsida,LC,913221.7299865992,79.85,145159.66219582688,15.9,274302.3314954767,30.04
Pseudoconnarus macrophyllus,Magnoliopsida,NA,523567.9074880955,45.78,100297.73502937402,19.16,154316.531761541,29.47
Pseudolmedia laevigata,Magnoliopsida,LC,745501.3927068356,65.18,137662.47090103436,18.47,212461.57692832325,28.5
Pseudolmedia laevis,Magnoliopsida,LC,650076.099923871,56.84,121476.81556197534,18.69,188881.0601289548,29.06
Pseudolmedia macrophylla,Magnoliopsida,NA,322245.84949568845,28.18,73832.35831359473,22.91,121703.52335500096,37.77
Pseudolmedia rigida,Magnoliopsida,LC,488977.1479371122,42.75,110521.37079246946,22.6,170284.50453230494,34.82
Pseudomalmea diclina,Magnoliopsida,LC,103392.95026154026,9.04,16564.724834520508,16.02,17387.017035293946,16.82
Pseudopiptadenia psilostachya,Magnoliopsida,LC,353163.20993539516,30.88,58447.797011142946,16.55,108003.16376280798,30.58
Pseudorhipsalis amazonica,Magnoliopsida,LC,829534.7394291377,72.53,157442.4588197135,18.98,248878.12797358425,30
Pseudosenefeldera inclinata,Magnoliopsida,LC,362514.7064854466,31.7,87004.4941023595,24,130064.58277904527,35.88
Pseudoxandra leiophylla,Magnoliopsida,LC,248920.05043654735,21.76,52913.040136375,21.26,71596.361036375,28.76
Pseudoxandra lucida,Magnoliopsida,LC,327546.6114678825,28.64,80395.44771449707,24.54,116023.3886382627,35.42
Pseudoxandra polyphleba,Magnoliopsida,LC,319269.23510615964,27.92,74611.87137150683,23.37,103443.57228288184,32.4
Pseudoxandra sclerocarpa,Magnoliopsida,VU,2309.396605205786,0.2,322.88437308984373,13.98,1021.5229938476564,44.23
Psidium acutangulum,Magnoliopsida,LC,409559.8700718784,35.81,56735.645096453125,13.85,76236.53175614063,18.61
Psidium cattleianum,Magnoliopsida,NA,215947.50420000785,18.88,37493.96214172943,17.36,61019.01208068897,28.26
Psidium densicomum,Magnoliopsida,LC,634917.5973616537,55.51,116657.33284158398,18.37,179812.61546035254,28.32
Psidium friedrichsthalianum,Magnoliopsida,LC,415698.70335772826,36.35,77485.16434579657,18.64,137391.77756950617,33.05
Psidium guajava,Magnoliopsida,LC,963112.5503508291,84.21,178993.356657825,18.58,278116.7714543323,28.88
Psidium guineense,Magnoliopsida,LC,521019.1507696605,45.56,80009.64792525522,15.36,152520.05462313606,29.27
Psidium pedicellatum,Magnoliopsida,LC,53212.889159137114,4.65,11445.074611416803,21.51,18207.408199185786,34.22
Psidium salutare,Magnoliopsida,LC,437200.4941142359,38.23,60812.31558612622,13.91,122353.66499238378,27.99
Psiguria triphylla,Magnoliopsida,NA,829309.1015445008,72.51,159975.8492474607,19.29,247268.6946939846,29.82
Psiguria warscewiczii,Magnoliopsida,NA,236709.8788573667,20.7,42980.62065415337,18.16,82162.31982820525,34.71
Psittacanthus acinarius,Magnoliopsida,NA,739549.0173426477,64.66,113735.1352713407,15.38,190097.7405479628,25.7
Psittacanthus clusiifolius,Magnoliopsida,NA,243315.30843829105,21.27,44956.46697107812,18.48,53639.91327107813,22.05
Psittacanthus cucullaris,Magnoliopsida,NA,830083.5275848698,72.58,155837.37991599683,18.77,258982.6596205833,31.2
Psittacanthus dilatatus,Magnoliopsida,NA,204017.23802007292,17.84,40519.63133855755,19.86,59280.5200073219,29.06
Psittacanthus krameri,Magnoliopsida,NA,247556.87689319855,21.65,48337.845906578936,19.53,69871.23830847435,28.22
Psittacanthus peronopetalus,Magnoliopsida,NA,137495.35816363455,12.02,34767.99616,25.29,35111.40944,25.54
Psittacanthus ramiflorus,Magnoliopsida,NA,5230.32460615166,0.46,832.734381375,15.92,1167.812173375,22.33
Psittacanthus truncatus,Magnoliopsida,NA,416432.3989699395,36.41,74027.01417828693,17.78,107057.44581813726,25.71
Psychotria alba,Magnoliopsida,NA,458779.2462720485,40.11,90170.19080166794,19.65,122025.1789299013,26.6
Psychotria amita,Magnoliopsida,NA,126658.44212037208,11.07,32895.976332866674,25.97,47746.55965122829,37.7
Psychotria amplifrons,Magnoliopsida,NA,156907.020058962,13.72,35825.55170411432,22.83,51622.045250697025,32.9
Psychotria anceps,Magnoliopsida,LC,970271.595642897,84.84,180943.4618456054,18.65,291894.30189652264,30.08
Psychotria aviculoides,Magnoliopsida,NA,45351.97873577207,3.97,5085.1859260270085,11.21,6089.241756995544,13.43
Psychotria bahiensis,Magnoliopsida,NA,869012.9661561276,75.98,146163.56411599653,16.82,248570.82625332975,28.6
Psychotria biaristata,Magnoliopsida,LC,65330.60173979173,5.71,11963.578273966492,18.31,15946.034253782407,24.41
Psychotria boqueronensis,Magnoliopsida,NA,4094.3705565851737,0.36,339.3785327297363,8.29,341.3260172822266,8.34
Psychotria borjensis,Magnoliopsida,NA,863046.7173369294,75.46,145354.98971471362,16.84,234817.51309381105,27.21
Psychotria cardiomorpha,Magnoliopsida,NA,488807.7802335358,42.74,95472.09099034376,19.53,138114.46627796875,28.26
Psychotria carthagenensis,Magnoliopsida,LC,616111.7434450033,53.87,118508.44538192604,19.23,228594.53663097296,37.1
Psychotria casiquiaria,Magnoliopsida,NA,455169.6170007192,39.8,87684.22596208856,19.26,131842.04552452068,28.97
Psychotria chagrensis,Magnoliopsida,NA,88874.12082280405,7.77,15938.131788886963,17.93,20976.69272810376,23.6
Psychotria chiriquina,Magnoliopsida,LC,160368.5485857373,14.02,25880.448931754578,16.14,38471.39926994913,23.99
Psychotria convergens,Magnoliopsida,NA,49225.116699959915,4.3,10846.619421108822,22.03,17599.7210431394,35.75
Psychotria cyanococca,Magnoliopsida,NA,56664.95327903117,4.95,8575.073191428466,15.13,16781.847488562744,29.62
Psychotria egensis,Magnoliopsida,NA,567767.3198182352,49.64,109553.2557031958,19.3,172319.1099642114,30.35
Psychotria ernestii,Magnoliopsida,LC,571897.271631074,50,113014.3298405957,19.76,177087.91272547655,30.96
Psychotria erythrocephala,Magnoliopsida,NA,148810.19141588287,13.01,26150.231526096224,17.57,45843.68075504224,30.81
Psychotria fortuita,Magnoliopsida,LC,161019.60021877516,14.08,41628.73204837152,25.85,60516.12395774622,37.58
Psychotria gentryi,Magnoliopsida,LC,127110.92685548512,11.11,23012.52088613916,18.1,31208.381073531524,24.55
Psychotria grandis,Magnoliopsida,LC,554543.5666512643,48.49,124502.5536400494,22.45,212229.26551661795,38.27
Psychotria guapilensis,Magnoliopsida,NA,702.5538546355062,0.06,443.61724925,63.14,447.99113875,63.77
Psychotria hazenii,Magnoliopsida,NA,155921.00709962545,13.63,30647.973975432924,19.66,50265.47222577368,32.24
Psychotria herzogii,Magnoliopsida,NA,464852.3709699292,40.64,108361.81888438678,23.31,157858.397865946,33.96
Psychotria horizontalis,Magnoliopsida,NA,404215.9788580868,35.34,59874.72589651373,14.81,112676.58847276687,27.88
Psychotria hylocharis,Magnoliopsida,NA,192186.26132369993,16.8,29751.018350319027,15.48,52975.70529334633,27.56
Psychotria iodotricha,Magnoliopsida,NA,874269.5419553271,76.44,148669.93048848648,17.01,238321.2493875216,27.26
Psychotria japurensis,Magnoliopsida,NA,251679.72208294005,22.01,56181.082619083005,22.32,81460.54124916503,32.37
Psychotria limitanea,Magnoliopsida,NA,176853.05670053445,15.46,39346.95595826661,22.25,50132.363414266605,28.35
Psychotria longirostris,Magnoliopsida,NA,205169.204028254,17.94,42351.31804278469,20.64,67687.5537775436,32.99
Psychotria lupulina,Magnoliopsida,NA,877285.334622267,76.71,141577.31236721764,16.14,245973.1820045529,28.04
Psychotria luxurians,Magnoliopsida,NA,167663.87185728966,14.66,31939.710683023714,19.05,43741.27231437988,26.09
Psychotria mapourioides,Magnoliopsida,LC,463241.49510313285,40.5,110015.93507433082,23.75,166766.80693622827,36
Psychotria marginata,Magnoliopsida,NA,945477.3938885962,82.67,164069.96559578273,17.35,281981.39152710605,29.82
Psychotria medusula,Magnoliopsida,NA,464077.4615393755,40.58,107266.00687609865,23.11,155697.68563990333,33.55
Psychotria micrantha,Magnoliopsida,LC,377075.3070638901,32.97,50828.46162438817,13.48,105172.6375475536,27.89
Psychotria microbotrys,Magnoliopsida,NA,735339.9008748347,64.3,141596.91872859796,19.26,218661.64668019605,29.74
Psychotria monsalveae,Magnoliopsida,LC,77743.77587584792,6.8,8410.44929842163,10.82,16696.621799533357,21.48
Psychotria montivaga,Magnoliopsida,LC,32932.137499293225,2.88,5761.761256746094,17.5,10402.368508679932,31.59
Psychotria nervosa,Magnoliopsida,LC,495693.2953481775,43.34,82102.09564867642,16.56,152971.43554012032,30.86
Psychotria nubiphila,Magnoliopsida,LC,0,0,0,NA,0,NA
Psychotria oinochrophylla,Magnoliopsida,NA,355838.7581869409,31.11,70791.08940016973,19.89,104992.82918378836,29.51
Psychotria orosiana,Magnoliopsida,LC,71736.7777164093,6.27,8059.127824541016,11.23,12998.64830438034,18.12
Psychotria ostreophora,Magnoliopsida,NA,496286.0370417267,43.39,105079.55316089735,21.17,163912.94918582024,33.03
Psychotria panamensis,Magnoliopsida,LC,317855.07552742003,27.79,50817.50245261569,15.99,75323.0754316323,23.7
Psychotria phaneroloma,Magnoliopsida,NA,0,0,0,NA,0,NA
Psychotria pilosa,Magnoliopsida,NA,283145.65520136245,24.76,44753.88264685785,15.81,73588.32090948516,25.99
Psychotria platypoda,Magnoliopsida,NA,845995.940895339,73.97,150609.72184879353,17.8,239089.79786216747,28.26
Psychotria psychotriifolia,Magnoliopsida,LC,177330.51273630653,15.51,22068.42093724707,12.44,51123.49246018164,28.83
Psychotria racemosa,Magnoliopsida,NA,870429.6194444249,76.11,151266.49703649373,17.38,236219.71506110748,27.14
Psychotria remota,Magnoliopsida,LC,582614.6013090055,50.94,127513.2658447623,21.89,193618.793607568,33.23
Psychotria romolerouxiana,Magnoliopsida,NA,156171.8901682496,13.66,32550.26350386035,20.84,36473.72433886035,23.35
Psychotria rufiramea,Magnoliopsida,NA,180537.3215101013,15.79,45175.60734891488,25.02,65667.55530056254,36.37
Psychotria sacciformis,Magnoliopsida,NA,565581.6590357847,49.45,129023.51618703108,22.81,194906.89349165032,34.46
Psychotria saltatrix,Magnoliopsida,NA,157188.03329893702,13.74,35776.20937717023,22.76,53757.43552178101,34.2
Psychotria santaremica,Magnoliopsida,NA,312883.37924250576,27.36,90205.8944831338,28.83,133010.47494893847,42.51
Psychotria spadicea,Magnoliopsida,NA,391265.363440346,34.21,92847.13431907812,23.73,134231.48489507812,34.31
Psychotria stipulosa,Magnoliopsida,NA,605461.2938629045,52.94,114589.61955653224,18.93,168223.60072153222,27.78
Psychotria sylvivaga,Magnoliopsida,LC,53284.380213017925,4.66,10013.355352567003,18.79,15035.657106414965,28.22
Psychotria tenuicaulis,Magnoliopsida,NA,27552.624937276603,2.41,1874.0551172236328,6.8,2835.090627270508,10.29
Psychotria tenuifolia,Magnoliopsida,NA,894823.3710537025,78.24,159508.12292149907,17.83,273072.73903066287,30.52
Psychotria timbiquensis,Magnoliopsida,NA,69179.35872290173,6.05,5722.780952632813,8.27,7283.806821324219,10.53
Psychotria trichocephala,Magnoliopsida,NA,497460.4474337111,43.5,108980.80382868554,21.91,166438.73891798462,33.46
Psychotria trichotoma,Magnoliopsida,LC,362840.3676160301,31.73,74064.35254480682,20.41,120383.03064506946,33.18
Psychotria viridis,Magnoliopsida,LC,750716.528676483,65.64,146307.1619493087,19.49,229265.1965121903,30.54
Pterocarpus acapulcensis,Magnoliopsida,VU,279131.8478883843,24.41,24454.018278576143,8.76,74009.4874227681,26.51
Pterocarpus amazonum,Magnoliopsida,LC,306831.697979172,26.83,82671.21822800292,26.94,123930.04837014552,40.39
Pterocarpus officinalis,Magnoliopsida,NT,893821.0949499041,78.15,149576.31657067954,16.73,258028.72935982325,28.87
Pterocarpus rohrii,Magnoliopsida,LC,664065.315460946,58.06,139344.09442629723,20.98,225293.903779972,33.93
Pterocarpus santalinoides,Magnoliopsida,LC,621905.3292493485,54.38,116551.83949926952,18.74,179454.1078841162,28.86
Pterogastra divaricata,Magnoliopsida,NA,609573.5842811321,53.3,107579.608527339,17.65,178576.77256570366,29.3
Pterogastra minor,Magnoliopsida,NA,323170.52643761935,28.26,47213.07406025293,14.61,79045.03965891797,24.46
Pterolepis trichotoma,Magnoliopsida,NA,205259.84094955417,17.95,14196.279185171876,6.92,25878.333499777345,12.61
Pulchranthus adenostachyus,Magnoliopsida,NA,296268.05828659853,25.9,80381.97008987598,27.13,116374.37336802004,39.28
Punica granatum,Magnoliopsida,LC,330554.09222332324,28.9,62565.00243362863,18.93,111030.60989827017,33.59
Purdiaea nutans,Magnoliopsida,LC,97296.72995130064,8.51,20078.65215613391,20.64,29127.3552679364,29.94
Pyrostegia venusta,Magnoliopsida,NA,497216.0449235142,43.47,75008.04635121567,15.09,142915.89868713863,28.74
Qualea acuminata,Magnoliopsida,LC,456003.43062416953,39.87,92377.8678829152,20.26,128763.07525636192,28.24
Qualea lineata,Magnoliopsida,LC,139345.40694406058,12.18,17872.923597656063,12.83,29593.101536940427,21.24
Qualea paraensis,Magnoliopsida,LC,625511.3990911299,54.69,116000.9000650586,18.54,178532.19512577637,28.54
Quararibea amazonica,Magnoliopsida,LC,317648.2891121182,27.77,90683.055812709,28.55,134457.23363651367,42.33
Quararibea asterolepis,Magnoliopsida,LC,563529.7978745833,49.27,110026.2657322914,19.52,203858.10379287676,36.18
Quararibea guianensis,Magnoliopsida,LC,317476.57966803067,27.76,84133.2803461709,26.5,124262.6507536084,39.14
Quararibea stenophylla,Magnoliopsida,LC,89950.90082800755,7.86,7215.06549972287,8.02,34384.91712620682,38.23
Quararibea wittii,Magnoliopsida,LC,108578.42511138074,9.49,15124.233385744385,13.93,36479.97467916771,33.6
Quassia amara,Magnoliopsida,LC,168775.30935218785,14.76,22965.1090533179,13.61,56551.956247557224,33.51
Quercus humboldtii,Magnoliopsida,LC,159509.4578874447,13.95,39520.91298642597,24.78,54279.355901233765,34.03
Quiina amazonica,Magnoliopsida,LC,599260.7014210784,52.4,121317.74547529066,20.24,181139.58135162483,30.23
Quiina blackii,Magnoliopsida,LC,310778.1319817985,27.17,70818.64420405323,22.79,105920.36308491798,34.08
Quiina cruegeriana,Magnoliopsida,LC,842268.3012067074,73.64,146750.31953193602,17.42,230507.0522239375,27.37
Quiina florida,Magnoliopsida,LC,476340.5097944921,41.65,106218.7748237378,22.3,162858.5019963487,34.19
Quiina longifolia,Magnoliopsida,LC,182975.52051591428,16,16667.113401390627,9.11,27327.4899439375,14.94
Quiina macrophylla,Magnoliopsida,LC,784744.5204531631,68.62,133896.991239448,17.06,215259.3137389939,27.43
Quiina obovata,Magnoliopsida,LC,633275.3563564891,55.37,120307.97221477857,19,192950.87741053005,30.47
Quiina pteridophylla,Magnoliopsida,LC,740023.0728472923,64.7,133446.16837975723,18.03,216584.38109594237,29.27
Quiina rhytidopus,Magnoliopsida,NA,384640.39403017255,33.63,56528.99978021875,14.7,78999.08160292187,20.54
Randia aculeata,Magnoliopsida,LC,669175.3194146875,58.51,103240.7521311073,15.43,218256.60742250612,32.62
Randia altiscandens,Magnoliopsida,NA,952629.57682891,83.29,162058.35964997523,17.01,280961.4017186593,29.49
Randia armata,Magnoliopsida,LC,1064834.3128062608,93.1,189096.55312486403,17.76,319411.4147658731,30
Randia dioica,Magnoliopsida,LC,233540.79853969617,20.42,29774.348337680178,12.75,75697.09203734301,32.41
Randia grandifolia,Magnoliopsida,LC,59135.82372143791,5.17,8632.586855644531,14.6,10791.335497480468,18.25
Randia hondensis,Magnoliopsida,LC,490857.5826164574,42.92,87340.9212638238,17.79,151478.26568264893,30.86
Ranunculus flagelliformis,Magnoliopsida,NA,95713.91229355017,8.37,27821.213903800777,29.07,37254.06031427884,38.92
Ranunculus geranioides,Magnoliopsida,NA,60904.87124070647,5.33,20667.646218028916,33.93,25856.049373111924,42.45
Ranunculus limoselloides,Magnoliopsida,NA,41603.940159356534,3.64,14993.3162245188,36.04,18900.90076639966,45.43
Ranunculus peruvianus,Magnoliopsida,NA,26664.331011768285,2.33,11147.472120016357,41.81,13276.556547114258,49.79
Ranunculus praemorsus,Magnoliopsida,NA,41358.027116322046,3.62,14610.98945098169,35.33,18505.7161290542,44.75
Raritebe palicoureoides,Magnoliopsida,LC,556553.2470975076,48.66,113767.81304635086,20.44,174402.1743105811,31.34
Rauvolfia aphlebia,Magnoliopsida,LC,206.48376617418975,0.02,171.932608,83.27,171.932608,83.27
Rauvolfia leptophylla,Magnoliopsida,LC,378958.8505024968,33.13,60362.68249322192,15.93,107945.3053234627,28.48
Rauvolfia littoralis,Magnoliopsida,LC,168501.5678040865,14.73,17888.247331693572,10.62,55328.46522571072,32.84
Rauvolfia macrantha,Magnoliopsida,LC,138228.65203761816,12.09,29695.1519576084,21.48,31261.486997608397,22.62
Rauvolfia polyphylla,Magnoliopsida,LC,224712.35268741255,19.65,28850.278699265626,12.84,33567.086143265624,14.94
Rauvolfia tetraphylla,Magnoliopsida,LC,141142.76871779768,12.34,11188.333128878265,7.93,43756.52435496671,31
Razisea spicata,Magnoliopsida,NA,456015.3783311451,39.87,109839.3049508949,24.09,176236.81889917533,38.65
Reldia minutiflora,Magnoliopsida,NA,275050.88656111684,24.05,49861.37056861467,18.13,83050.78399376028,30.19
Remijia amazonica,Magnoliopsida,LC,478515.0537792864,41.84,94282.72558790992,19.7,152067.43837182177,31.78
Remijia firmula,Magnoliopsida,LC,288304.9909027405,25.21,26711.81809826172,9.27,43762.760099070314,15.18
Remijia macrocnemia,Magnoliopsida,NA,292503.44207170745,25.58,91114.79840584776,31.15,129595.35101606652,44.31
Remijia pacimonica,Magnoliopsida,LC,181868.9470143264,15.9,39490.060152125,21.71,47015.97295220313,25.85
Remijia roraimae,Magnoliopsida,LC,379670.7071867606,33.2,79674.32291808765,20.99,128006.66542529225,33.72
Remijia ulei,Magnoliopsida,LC,483207.65000252344,42.25,108235.78023628418,22.4,163291.11533183887,33.79
Resia nimbicola,Magnoliopsida,NA,160586.2094654404,14.04,28402.7140024599,17.69,50178.54536894495,31.25
Retiniphyllum chloranthum,Magnoliopsida,LC,276659.0733954078,24.19,44260.43142625,16,50715.6212265,18.33
Retiniphyllum concolor,Magnoliopsida,LC,367986.99680988106,32.18,82695.88530530762,22.47,124897.69233495604,33.94
Retiniphyllum scabrum,Magnoliopsida,NA,11611.935970461216,1.02,0.9080950625,0.01,0.9080950625,0.01
Retiniphyllum schomburgkii,Magnoliopsida,NA,149525.7667465688,13.07,16863.48963190625,11.28,26198.20724665625,17.52
Retiniphyllum secundiflorum,Magnoliopsida,NA,151837.14741922737,13.28,28346.716714515624,18.67,42474.74730251562,27.97
Retiniphyllum speciosum,Magnoliopsida,NA,270446.0108180895,23.65,71782.249984,26.54,100757.969773,37.26
Retiniphyllum truncatum,Magnoliopsida,NA,293632.15606925025,25.67,71615.6109344375,24.39,100707.7154944375,34.3
Rhabdadenia biflora,Magnoliopsida,NA,36527.021170248474,3.19,4444.696454546875,12.17,10608.227531375,29.04
Rhabdadenia madida,Magnoliopsida,NA,774199.0997223242,67.69,134718.02518217626,17.4,235609.10900455175,30.43
Rhigospira quadrangularis,Magnoliopsida,LC,660609.9763885186,57.76,128416.75334748266,19.44,203515.22654530505,30.81
Rhipsalis micrantha,Magnoliopsida,LC,138282.35635684943,12.09,23960.210074130067,17.33,40646.57247482873,29.39
Rhizophora mangle,Magnoliopsida,LC,24637.646936518096,2.15,3790.116792671875,15.38,6392.430313296875,25.95
Rhodostemonodaphne kunthiana,Magnoliopsida,LC,719180.1038819348,62.88,150727.49852796856,20.96,232077.33508882983,32.27
Rhodostemonodaphne laxa,Magnoliopsida,LC,128430.35023582351,11.23,27617.543029080436,21.5,41246.08334502178,32.12
Rhodothyrsus macrophyllus,Magnoliopsida,LC,300026.9810884218,26.23,73909.24834778222,24.63,104717.55696758692,34.9
Rhynchanthera grandiflora,Magnoliopsida,NA,495417.2108101934,43.32,61481.68504508243,12.41,131454.2907848461,26.53
Rhynchosia minima,Magnoliopsida,LC,524367.4514678646,45.85,67624.5791730936,12.9,149219.53216402794,28.46
Rhynchosia phaseoloides,Magnoliopsida,NA,296969.58192594245,25.97,48404.02366753534,16.3,93726.17960021688,31.56
Rhynchosia reticulata,Magnoliopsida,NA,406857.3733930553,35.57,45931.71294166659,11.29,97788.8108399428,24.04
Rhynchosia schomburgkii,Magnoliopsida,NA,71234.86738035224,6.23,9276.853366330784,13.02,19090.639014514258,26.8
Ribes andicola,Magnoliopsida,NA,33297.180030225034,2.91,9257.093182957504,27.8,12718.453395133072,38.2
Ribes ecuadorense,Magnoliopsida,LC,3287.956635296406,0.29,332.88729631298827,10.12,1388.2163883129883,42.22
Ribes erectum,Magnoliopsida,NA,1795.7429031911925,0.16,259.5734575,14.45,509.0102895,28.35
Ribes hirtum,Magnoliopsida,NA,5818.550606095069,0.51,714.2549104645996,12.28,2452.4156464021,42.15
Richardia scabra,Magnoliopsida,NA,669246.5331380174,58.52,98159.77485737525,14.67,156209.2296325957,23.34
Richeria grandis,Magnoliopsida,NA,963217.174303236,84.22,167999.2015465728,17.44,268985.9146175084,27.93
Ricinus communis,Magnoliopsida,LC,354714.0024809688,31.01,69683.73565164831,19.65,117244.90298618104,33.05
Rinorea dasyadena,Magnoliopsida,LC,97567.981845003,8.53,12577.178577200928,12.89,16178.120877257325,16.58
Rinorea falcata,Magnoliopsida,LC,700643.7033762521,61.26,122486.33396948047,17.48,207839.731519292,29.66
Rinorea flavescens,Magnoliopsida,LC,805059.3253163713,70.39,136312.01946230847,16.93,225324.80066411523,27.99
Rinorea lindeniana,Magnoliopsida,LC,851462.1440681999,74.45,148186.8432678014,17.4,233491.72364121024,27.42
Rinorea macrocarpa,Magnoliopsida,LC,593586.8808269409,51.9,115803.45425829882,19.51,179643.1585496292,30.26
Rinorea paniculata,Magnoliopsida,LC,788762.8349846903,68.97,137104.3896531577,17.38,231808.9765922754,29.39
Rinorea pubiflora,Magnoliopsida,LC,797612.24953956,69.74,121408.42420902709,15.22,227298.13196587723,28.5
Rinorea racemosa,Magnoliopsida,NA,246397.86991294476,21.54,72994.11101935938,29.62,101956.49403073438,41.38
Rinorea viridifolia,Magnoliopsida,LC,560289.7524318337,48.99,119409.44226888967,21.31,186377.40155686304,33.26
Rivina humilis,Magnoliopsida,NA,385041.11543930863,33.67,86747.01141539316,22.53,173435.89676856704,45.04
Rolandra fruticosa,Magnoliopsida,NA,772734.3065848007,67.56,137794.60649178515,17.83,229738.03788882535,29.73
Ronabea emetica,Magnoliopsida,NA,512122.4047443592,44.78,99783.1812842533,19.48,168628.11996912825,32.93
Ronabea latifolia,Magnoliopsida,LC,830509.1011896385,72.62,145038.3777967281,17.46,231444.3452155954,27.87
Rondeletia purdiei,Magnoliopsida,LC,155015.10372019233,13.55,16304.771438641326,10.52,55621.05793903787,35.88
Rosenbergiodendron formosum,Magnoliopsida,LC,478745.8662441272,41.86,57315.03371626358,11.97,119884.06189777,25.04
Rosenbergiodendron longiflorum,Magnoliopsida,LC,287146.2792460157,25.11,80941.57441900489,28.19,116808.67748028223,40.68
Rotala ramosior,Magnoliopsida,LC,435922.4065611037,38.12,75890.8938957465,17.41,131196.4659890939,30.1
Roucheria calophylla,Magnoliopsida,LC,270617.77536655887,23.66,49338.60109243359,18.23,67039.55470930859,24.77
Roucheria columbiana,Magnoliopsida,LC,584383.948422445,51.1,113731.03257078712,19.46,171536.04309426463,29.35
Roucheria laxiflora,Magnoliopsida,LC,736880.8891905051,64.43,127056.41511131404,17.24,212701.87548931764,28.87
Roupala monosperma,Magnoliopsida,LC,200855.81064805272,17.56,40979.19858782746,20.4,64686.68050733813,32.21
Roupala montana,Magnoliopsida,LC,730286.7202979071,63.85,136029.2013995052,18.63,223480.29674975073,30.6
Roupala obtusata,Magnoliopsida,LC,405847.47137982945,35.49,97541.3281031875,24.03,138813.2046311875,34.2
Roupala pachypoda,Magnoliopsida,LC,139917.23518032214,12.23,31582.48348915405,22.57,44926.62906260732,32.11
Rourea amazonica,Magnoliopsida,LC,328958.7861896859,28.76,89044.00826304297,27.07,130932.29201466795,39.8
Rourea camptoneura,Magnoliopsida,NA,310473.50146465836,27.15,84459.89779335547,27.2,114809.41473641797,36.98
Rourea cuspidata,Magnoliopsida,NA,372891.40169245336,32.6,80158.22935057031,21.5,114050.64963796092,30.59
Rourea glabra,Magnoliopsida,NA,568483.2392111276,49.71,76797.41838353427,13.51,154033.68958343827,27.1
Rourea krukovii,Magnoliopsida,NA,348899.7459898408,30.51,64159.61948236328,18.39,87523.1032750664,25.09
Rourea pittieri,Magnoliopsida,NA,41277.2487979563,3.61,6271.629744039063,15.19,9075.442334847656,21.99
Rourea puberula,Magnoliopsida,LC,295075.00151412026,25.8,82473.17849178125,27.95,123153.70332315624,41.74
Ruagea glabra,Magnoliopsida,LC,230981.62399807028,20.2,51210.084739681275,22.17,77711.28248566318,33.64
Ruagea hirsuta,Magnoliopsida,LC,73986.22870809874,6.47,20598.96915113617,27.84,27581.36894497479,37.28
Ruagea pubescens,Magnoliopsida,LC,259311.24551361395,22.67,55070.16453828183,21.24,81774.05542788625,31.54
Rubus acanthophyllos,Magnoliopsida,NA,61496.88328692926,5.38,19734.425898898833,32.09,24674.059747331263,40.12
Rubus bogotensis,Magnoliopsida,NA,134995.15671544144,11.8,35760.4836813115,26.49,50499.826948259455,37.41
Rubus coriaceus,Magnoliopsida,NA,22553.116291212205,1.97,7785.131285619965,34.52,10392.36451715268,46.08
Rubus floribundus,Magnoliopsida,NA,159283.2836581002,13.93,38615.89984576013,24.24,56894.70894281524,35.72
Rubus glaucus,Magnoliopsida,NA,115729.91144203332,10.12,29612.10230263285,25.59,41137.01784521952,35.55
Rubus megalococcus,Magnoliopsida,NA,184598.30140039636,16.14,43137.46616103058,23.37,62973.888809321536,34.11
Rubus nubigenus,Magnoliopsida,NA,86852.32632883439,7.59,27823.92405802377,32.04,35998.23727215902,41.45
Rubus roseus,Magnoliopsida,NA,76056.97372671102,6.65,20423.90266793384,26.85,28217.82288769214,37.1
Rubus rosifolius,Magnoliopsida,NA,160564.51239524875,14.04,39566.01585854901,24.64,57249.19939707779,35.65
Rubus urticifolius,Magnoliopsida,NA,226231.85353238528,19.78,47462.52099719187,20.98,73690.78436141787,32.57
Rudgea ciliata,Magnoliopsida,LC,0,0,0,NA,0,NA
Rudgea colombiana,Magnoliopsida,LC,154313.54852609962,13.49,21774.386152754167,14.11,31220.88244816008,20.23
Rudgea cornifolia,Magnoliopsida,LC,812441.7613881157,71.04,136670.09275368805,16.82,232794.39303452952,28.65
Rudgea crassiloba,Magnoliopsida,LC,358478.60310639074,31.34,57112.896423616214,15.93,98300.39673979102,27.42
Rudgea hostmanniana,Magnoliopsida,LC,452067.83100658504,39.53,83367.60796527301,18.44,152099.52413951812,33.65
Rudgea lanceifolia,Magnoliopsida,LC,640234.5180915529,55.98,132268.10746308256,20.66,205059.1559040322,32.03
Rudgea loretensis,Magnoliopsida,LC,274807.1758554998,24.03,69682.04228434217,25.36,97775.69321226452,35.58
Rudgea panurensis,Magnoliopsida,LC,351671.199703937,30.75,94335.04877918457,26.82,135570.389439583,38.55
Rudgea pittieri,Magnoliopsida,LC,10426.027145524147,0.91,1925.2915598671875,18.47,2739.1445643007814,26.27
Rudgea poeppigii,Magnoliopsida,NA,45405.89772279391,3.97,4393.025355917969,9.68,4775.817368566406,10.52
Rudgea sclerocalyx,Magnoliopsida,LC,817309.3731850623,71.46,147495.24177354487,18.05,223974.84406936952,27.4
Rudgea skutchii,Magnoliopsida,LC,641394.0359491736,56.08,148822.91000122728,23.2,222154.1155430604,34.64
Rudgea stipulacea,Magnoliopsida,LC,481715.3876240433,42.12,105411.1923526826,21.88,150974.9359709502,31.34
Rudgea verticillata,Magnoliopsida,LC,326247.94542603125,28.53,67971.1001689076,20.83,98941.00699859676,30.33
Ruellia biolleyi,Magnoliopsida,NA,2180.1518898428476,0.19,1064.4184638671877,48.82,1312.3585678007812,60.2
Ruellia blechum,Magnoliopsida,NA,747330.6916731047,65.34,128125.94436430567,17.14,223134.87783260207,29.86
Ruellia chartacea,Magnoliopsida,LC,7469.235238192653,0.65,640.2251791757812,8.57,643.3919586679688,8.61
Ruellia geminiflora,Magnoliopsida,NA,260630.61869280925,22.79,16996.96181660997,6.52,35596.280272719094,13.66
Ruellia humboldtiana,Magnoliopsida,NA,450865.16545112134,39.42,81272.8635584602,18.03,145750.48856572242,32.33
Ruellia macrophylla,Magnoliopsida,NA,138981.28610903348,12.15,15306.936700241424,11.01,50460.82454645682,36.31
Ruellia panamensis,Magnoliopsida,NA,0,0,0,NA,0,NA
Ruellia terminalis,Magnoliopsida,NA,675583.2420604031,59.07,126960.34995782068,18.79,197525.30568448827,29.24
Ruellia tuberosa,Magnoliopsida,NA,193717.0714682631,16.94,19333.531938852266,9.98,56932.06071631818,29.39
Ruellia tubiflora,Magnoliopsida,NA,599425.149818158,52.41,116107.2755184176,19.37,192499.8314048863,32.11
Ruizodendron ovale,Magnoliopsida,LC,312010.75061533315,27.28,90952.99331013965,29.15,133951.0611835537,42.93
Rumex acetosella,Magnoliopsida,NA,68964.52298620554,6.03,20623.999206330016,29.91,27024.17149154651,39.19
Rumex crispus,Magnoliopsida,NA,133691.8444622258,11.69,34329.56970344366,25.68,49070.21164906628,36.7
Rumex obtusifolius,Magnoliopsida,NA,119617.27921469531,10.46,30242.49513784021,25.28,42911.5163827937,35.87
Ruprechtia ramiflora,Magnoliopsida,LC,90143.32891619546,7.88,7773.48280871408,8.62,33344.26748416385,36.99
Ruprechtia tenuiflora,Magnoliopsida,LC,384100.1596908044,33.58,27315.887403393768,7.11,80130.14903871072,20.86
Ruptiliocarpon caracolito,Magnoliopsida,LC,412073.962732674,36.03,90236.83268349706,21.9,131247.8056745088,31.85
Russelia sarmentosa,Magnoliopsida,NA,27478.3794924798,2.4,3633.814041967987,13.22,3865.4402562341616,14.07
Rustia occidentalis,Magnoliopsida,LC,402313.4942906481,35.18,69321.7533735266,17.23,125370.11281459818,31.16
Rustia thibaudioides,Magnoliopsida,DD,748135.5002724892,65.41,151769.7715708075,20.29,229220.0519321195,30.64
Ruta chalepensis,Magnoliopsida,NA,258831.5949745182,22.63,48693.57471488678,18.81,80496.6255621966,31.1
Ruta graveolens,Magnoliopsida,NA,268674.8855344546,23.49,55376.57325073874,20.61,92057.15214559317,34.26
Ryania angustifolia,Magnoliopsida,LC,203030.65117197565,17.75,37965.17523425,18.7,45998.34896225,22.66
Ryania speciosa,Magnoliopsida,LC,912644.5851858248,79.8,153844.8750356261,16.86,253805.4620259836,27.81
Ryania spruceana,Magnoliopsida,LC,699306.9553243823,61.14,124466.76046152393,17.8,198527.65622798097,28.39
Sabicea amazonensis,Magnoliopsida,NA,617023.1598451035,53.95,118149.63937434377,19.15,181314.0497535889,29.39
Sabicea cana,Magnoliopsida,NA,369985.6797556733,32.35,57573.14718422455,15.56,92183.24594024134,24.92
Sabicea panamensis,Magnoliopsida,NA,862872.3353164349,75.45,172742.0903427583,20.02,265786.41800199926,30.8
Sabicea villosa,Magnoliopsida,NA,1022664.9879393016,89.42,181673.1206941169,17.76,296770.032526079,29.02
Sacoglottis amazonica,Magnoliopsida,LC,578328.243641463,50.57,110915.78278507812,19.18,157161.4671298125,27.18
Sacoglottis ceratocarpa,Magnoliopsida,LC,184465.56495082824,16.13,35525.79193825,19.26,42561.67363425,23.07
Sacoglottis guianensis,Magnoliopsida,LC,606517.7054217742,53.03,106620.90352088452,17.58,166073.15998084497,27.38
Sacoglottis mattogrossensis,Magnoliopsida,LC,603683.7957559552,52.78,114394.48062760643,18.95,168240.52153636425,27.87
Sacoglottis ovicarpa,Magnoliopsida,LC,57387.42676569041,5.02,5254.777457382813,9.16,7621.040662824219,13.28
Sagotia brachysepala,Magnoliopsida,LC,523816.7896717635,45.8,108803.77752113991,20.77,169820.23839903448,32.42
Sagotia racemosa,Magnoliopsida,LC,444115.82533895335,38.83,72909.79466288867,16.42,107682.7630876289,24.25
Salacia cordata,Magnoliopsida,LC,634407.5790504065,55.47,138571.427150727,21.84,211184.07156174295,33.29
Salacia elliptica,Magnoliopsida,LC,902644.8480101648,78.92,143284.64166694332,15.87,250550.7789599145,27.76
Salacia gigantea,Magnoliopsida,LC,926767.1641491664,81.03,174958.27979087716,18.88,269183.05336406315,29.05
Salacia impressifolia,Magnoliopsida,LC,630549.4073340897,55.13,114376.6457063362,18.14,169365.00697920265,26.86
Salacia insignis,Magnoliopsida,LC,349640.3026419896,30.57,71747.88188450488,20.52,95922.7977923174,27.43
Salacia juruana,Magnoliopsida,LC,657248.0530479915,57.47,127036.686973878,19.33,196992.17329414337,29.97
Salacia macrantha,Magnoliopsida,LC,317268.02899571776,27.74,81692.31693126855,25.75,117594.09858612792,37.06
Salacia multiflora,Magnoliopsida,LC,696989.271913993,60.94,135207.2858397261,19.4,206639.83591793352,29.65
Salacia opacifolia,Magnoliopsida,LC,22872.710479443536,2,325.45233194628906,1.42,19.53031618847656,0.09
Salix humboldtiana,Magnoliopsida,LC,514420.2241405399,44.98,112812.70512710496,21.93,186212.7801286228,36.2
Salpichroa tristis,Magnoliopsida,NA,54590.594553982475,4.77,16460.68625900467,30.15,21281.54235066867,38.98
Salpinga secunda,Magnoliopsida,NA,372684.8815898613,32.59,89405.09006058886,23.99,132576.67999593262,35.57
Salvia alvajaca,Magnoliopsida,NA,0,0,0,NA,0,NA
Salvia amethystina,Magnoliopsida,NA,46995.72661251952,4.11,12648.90907288971,26.92,16171.42326390747,34.41
Salvia bogotensis,Magnoliopsida,NA,58886.090728524614,5.15,12891.52674656488,21.89,18874.099992951466,32.05
Salvia carnea,Magnoliopsida,NA,51230.224198948294,4.48,16988.245763853698,33.16,19380.067476554872,37.83
Salvia corrugata,Magnoliopsida,NA,8536.333897641336,0.75,2561.9799337805175,30.01,4008.855859811767,46.96
Salvia leucantha,Magnoliopsida,NA,95291.1182187861,8.33,16335.471048043331,17.14,26634.913006434097,27.95
Salvia macrophylla,Magnoliopsida,NA,7983.931422678361,0.7,152.47389096972657,1.91,2633.9700829697267,32.99
Salvia occidentalis,Magnoliopsida,NA,536523.3997182534,46.91,75938.72912943934,14.15,135190.03461751918,25.2
Salvia pauciserrata,Magnoliopsida,NA,199702.52952532197,17.46,46852.348273637326,23.46,70577.84204673157,35.34
Salvia rubescens,Magnoliopsida,NA,35814.728250187625,3.13,9103.382284732666,25.42,11033.943286875488,30.81
Salvia rufula,Magnoliopsida,NA,145046.87178180137,12.68,33280.57689312298,22.94,48995.335670491,33.78
Salvia sagittata,Magnoliopsida,NA,6022.673230152799,0.53,397.87165957958985,6.61,2245.1372275170897,37.28
Salvia scutellarioides,Magnoliopsida,NA,255714.30837680155,22.36,52290.24901877722,20.45,80904.05897907849,31.64
Salvia tiliifolia,Magnoliopsida,NA,104089.04668545816,9.1,17089.227524106023,16.42,27483.48008864368,26.4
Salvia tortuosa,Magnoliopsida,NA,42815.67746111293,3.74,8724.636812004333,20.38,14479.08406510144,33.82
Samanea saman,Magnoliopsida,LC,640583.5821817277,56.01,83245.2563016452,13,175241.59832186054,27.36
Sambucus nigra,Magnoliopsida,LC,429958.2010021449,37.59,73005.2615165081,16.98,140841.61601435472,32.76
Sampera coriacea,Magnoliopsida,NA,48106.84617951899,4.21,13040.759868435116,27.11,19583.370247456784,40.71
Sanchezia macrocnemis,Magnoliopsida,NA,365733.4860048974,31.98,62606.8024766095,17.12,98942.75176691115,27.05
Sanchezia oblonga,Magnoliopsida,NA,343584.5258729304,30.04,53257.74327713678,15.5,75308.24427691345,21.92
Sandwithia heterocalyx,Magnoliopsida,LC,513806.0348897911,44.93,97952.0379623672,19.06,142858.0455069219,27.8
Sanicula liberta,Magnoliopsida,NA,160325.1526341363,14.02,36291.29292410583,22.64,53745.933158209285,33.52
Sapindus saponaria,Magnoliopsida,LC,435283.48457686626,38.06,67899.51934332737,15.6,142500.13935565663,32.74
Sapium glandulosum,Magnoliopsida,LC,1000185.2932668698,87.45,175014.42936625512,17.5,302192.8046895655,30.21
Sapium laurifolium,Magnoliopsida,LC,771237.0538491785,67.43,152676.98552404516,19.8,236976.80991731325,30.73
Sapium marmieri,Magnoliopsida,NA,279778.71701746504,24.46,64595.302939828274,23.09,99581.80331445512,35.59
Sapium stylare,Magnoliopsida,LC,214055.34520271877,18.72,47336.07696963581,22.11,72097.10333839258,33.68
Saracha punctata,Magnoliopsida,LC,72058.20297164288,6.3,20876.894083990846,28.97,26817.684737856813,37.22
Saracha quitensis,Magnoliopsida,LC,53248.74066685753,4.66,17169.133014341704,32.24,22096.631578868622,41.5
Sarcaulus brasiliensis,Magnoliopsida,LC,748470.5089486882,65.44,133594.40384196016,17.85,206841.52567487108,27.64
Sarcopera anomala,Magnoliopsida,NA,479219.70158722106,41.9,91404.81631579968,19.07,151212.3916417472,31.55
Satyria arborea,Magnoliopsida,NA,106889.13552074604,9.35,20254.727749243957,18.95,32884.21288605566,30.76
Satyria panurensis,Magnoliopsida,NA,592055.0542567461,51.77,107245.36130056246,18.11,159112.26151882214,26.87
Satyria warszewiczii,Magnoliopsida,NA,371586.67458703485,32.49,65371.36209169144,17.59,103609.88967562884,27.88
Saurauia brachybotrys,Magnoliopsida,LC,178605.7551999021,15.62,39478.45809298297,22.1,62586.318656984375,35.04
Saurauia bullosa,Magnoliopsida,LC,47799.03052241957,4.18,12944.16730070697,27.08,18595.448356799927,38.9
Saurauia chiliantha,Magnoliopsida,LC,55604.055137036885,4.86,12655.839432825638,22.76,18419.486537441207,33.13
Saurauia omichlophila,Magnoliopsida,NA,50977.08568780844,4.46,14849.946942083709,29.13,20720.095288050565,40.65
Saurauia parviflora,Magnoliopsida,LC,184320.848046858,16.12,31537.984138239808,17.11,49918.70885299072,27.08
Saurauia prainiana,Magnoliopsida,LC,259850.60993593896,22.72,43036.84601776736,16.56,69902.32525208539,26.9
Saurauia scabra,Magnoliopsida,LC,157882.6226515871,13.8,39711.62353978488,25.15,55252.10527266715,35
Saurauia stapfiana,Magnoliopsida,LC,41002.356186176,3.59,11176.674165527646,27.26,14240.304182109372,34.73
Saurauia strigillosa,Magnoliopsida,NT,108131.69760965972,9.45,18432.257581473328,17.05,31120.26841989673,28.78
Saurauia tomentosa,Magnoliopsida,NA,75244.36194236366,6.58,20605.094333986268,27.38,29859.112195253296,39.68
Saurauia ursina,Magnoliopsida,NA,79746.61908918193,6.97,18699.68586840473,23.45,27665.357603789675,34.69
Saurauia yasicae,Magnoliopsida,LC,191789.9746120332,16.77,33683.79234015479,17.56,63920.95609106592,33.33
Sauvagesia erecta,Magnoliopsida,LC,1037182.366291024,90.69,191225.9772194235,18.44,306260.60089221277,29.53
Sauvagesia fruticosa,Magnoliopsida,NA,408536.8226772504,35.72,97601.44701905566,23.89,142343.17218354883,34.84
Sauvagesia guianensis,Magnoliopsida,NA,126026.0047654342,11.02,22946.124544,18.21,26056.263936,20.68
Sauvagesia linearifolia,Magnoliopsida,NA,30478.657492124392,2.66,3302.73273825,10.84,5791.06400225,19
Sauvagesia ramosa,Magnoliopsida,NA,112886.92193932243,9.87,7371.322532015625,6.53,11622.775707015626,10.3
Sauvagesia ramosissima,Magnoliopsida,NA,475504.0962752595,41.58,83928.84212452246,17.65,142324.84181818945,29.93
Schefflera archeri,Magnoliopsida,NA,39052.04033637259,3.41,2778.124904,7.11,3800.788056,9.73
Schefflera blepharidophylla,Magnoliopsida,NA,117065.27701410952,10.24,16604.419765733368,14.18,25965.45914427536,22.18
Schefflera bogotensis,Magnoliopsida,NA,49773.65978647437,4.35,18926.364408126465,38.02,21659.005426931457,43.51
Schefflera diplodactyla,Magnoliopsida,NA,111377.97215926676,9.74,13702.96779627515,12.3,22609.23244442362,20.3
Schefflera epiphytica,Magnoliopsida,NA,31734.111877146686,2.77,6996.343885946533,22.05,8845.577579513183,27.87
Schefflera japurensis,Magnoliopsida,NA,221388.64125031503,19.36,40665.41189025,18.37,53851.08331425,24.32
Schefflera lasiogyne,Magnoliopsida,NA,33816.13770688431,2.96,3838.912596734619,11.35,8064.146198648682,23.85
Schefflera minutiflora,Magnoliopsida,NA,119276.24919461254,10.43,23033.847312836853,19.31,36836.693421872194,30.88
Schefflera morototoni,Magnoliopsida,NA,912949.84746639,79.82,141182.83986661545,15.46,267777.07272531715,29.33
Schefflera quinduensis,Magnoliopsida,NA,128000.06445670518,11.19,31720.851763715204,24.78,47772.02415432159,37.32
Schefflera ramosissima,Magnoliopsida,NA,33689.266223688595,2.95,11927.58139162646,35.4,14260.876743201106,42.33
Schefflera sphaerocoma,Magnoliopsida,NA,80970.2920438092,7.08,13261.067184218262,16.38,18573.391176854155,22.94
Schefflera spruceana,Magnoliopsida,NA,206969.81167589175,18.1,26177.771811738283,12.65,30498.676567742183,14.74
Schefflera sprucei,Magnoliopsida,NA,149385.9597286387,13.06,15358.61556894838,10.28,25004.628262184113,16.74
Schefflera systyla,Magnoliopsida,NA,0,0,0,NA,0,NA
Schefflera trianae,Magnoliopsida,NA,93012.98758007152,8.13,25523.393155754085,27.44,33310.68158704919,35.81
Schistocarpha eupatorioides,Magnoliopsida,NA,398150.69047827896,34.81,85454.55695760083,21.46,150257.8772157633,37.74
Schistostemon macrophyllum,Magnoliopsida,NA,7588.160436440851,0.66,2971.929104,39.17,2971.929104,39.17
Schistostemon oblongifolium,Magnoliopsida,NA,275173.1991804272,24.06,33918.521233390624,12.33,49997.84009328125,18.17
Schizocalyx bracteosa,Magnoliopsida,LC,452456.21280124754,39.56,88219.88085348073,19.5,145008.36542418355,32.05
Schizocalyx peruvianus,Magnoliopsida,LC,16932.11801007984,1.48,1182.826316850685,6.99,2087.994873506935,12.33
Schizolobium parahyba,Magnoliopsida,LC,902561.8839450668,78.92,145896.94722147123,16.16,274968.71330752294,30.47
Schkuhria pinnata,Magnoliopsida,NA,20424.430605841066,1.79,3197.5587064185793,15.66,5101.865335993531,24.98
Schlegelia cauliflora,Magnoliopsida,NA,261765.94721713575,22.89,70610.9502436875,26.97,96690.31713775,36.94
Schlegelia dressleri,Magnoliopsida,NA,98384.15387731252,8.6,12201.421424730326,12.4,15698.739422983408,15.96
Schlegelia fastigiata,Magnoliopsida,LC,40966.26947116459,3.58,8450.051141195312,20.63,11668.328756472656,28.48
Schlegelia fuscata,Magnoliopsida,LC,201495.08528805576,17.62,41724.77018504689,20.71,66161.26091719246,32.84
Schlegelia parviflora,Magnoliopsida,LC,621085.9272250513,54.31,119437.20398654304,19.23,178489.6580043479,28.74
Schlegelia spruceana,Magnoliopsida,NA,81039.47183030256,7.09,18691.899348015624,23.07,18711.12091879687,23.09
Schnella glabra,Magnoliopsida,NA,562486.8291855615,49.18,114515.72718104464,20.36,203409.0477610897,36.16
Schnella guianensis,Magnoliopsida,NA,937457.4065411002,81.97,160500.32256523866,17.12,266237.5117070481,28.4
Schoenobiblus daphnoides,Magnoliopsida,LC,394784.79024741,34.52,62460.25676713413,15.82,88071.98771880685,22.31
Schoenobiblus panamensis,Magnoliopsida,LC,239773.39486110117,20.96,50720.890429616666,21.15,74006.56697518508,30.87
Schoenobiblus peruvianus,Magnoliopsida,LC,471098.5800463166,41.19,112407.41516807071,23.86,178161.525433016,37.82
Schradera acuminata,Magnoliopsida,NA,137828.30246509123,12.05,22315.85292046732,16.19,36790.1404856152,26.69
Schradera andina,Magnoliopsida,NA,251965.96054723,22.03,44240.46966381494,17.56,66661.72060559699,26.46
Schradera lehmannii,Magnoliopsida,NA,59879.68309720467,5.24,5445.389106707642,9.09,8051.869207782349,13.45
Schradera marginalis,Magnoliopsida,NA,250799.4656140181,21.93,44380.80088982996,17.7,63177.60212359827,25.19
Schradera stellata,Magnoliopsida,NA,58599.58613014629,5.12,10755.58360639894,18.35,15695.704524101608,26.78
Schultesia brachyptera,Magnoliopsida,NA,455883.8821859716,39.86,65406.50756980029,14.35,136966.075418874,30.04
Schultesia guianensis,Magnoliopsida,NA,619352.2881065211,54.15,98250.38746891312,15.86,187482.3015073472,30.27
Schultesianthus coriaceus,Magnoliopsida,LC,31244.657508021177,2.73,8018.521047376767,25.66,12062.50791925146,38.61
Schultesianthus leucanthus,Magnoliopsida,NA,223012.49709755255,19.5,42256.26472373642,18.95,67992.39074616156,30.49
Schultesianthus megalandrus,Magnoliopsida,NA,168907.8252407806,14.77,32060.211683022673,18.98,51811.42419896939,30.67
Schwenckia americana,Magnoliopsida,NA,728529.7180330111,63.7,113448.25931747192,15.57,207351.4311289614,28.46
Schwenckia grandiflora,Magnoliopsida,NA,437461.0842310952,38.25,100999.7256571377,23.09,141346.9121262705,32.31
Sciadotenia toxifera,Magnoliopsida,NA,603448.4542390577,52.76,112825.37603387012,18.7,175586.99250983007,29.1
Scleronema micranthum,Magnoliopsida,LC,286694.31035463524,25.07,80107.782590125,27.94,111497.216190125,38.89
Scleronema praecox,Magnoliopsida,LC,201416.65019848628,17.61,56538.7906666875,28.07,77596.7075376875,38.53
Scoparia dulcis,Magnoliopsida,NA,1084205.97690454,94.8,190569.0444536348,17.58,315080.4484123252,29.06
Scrobicaria ilicifolia,Magnoliopsida,LC,14705.921427118958,1.29,5204.430884432373,35.39,5972.868902343018,40.62
Scutellaria coccinea,Magnoliopsida,NA,242020.69878517927,21.16,40474.997123142304,16.72,70158.03099650602,28.99
Scutellaria incarnata,Magnoliopsida,NA,283209.4680380385,24.76,54569.14741839966,19.27,88291.03790578076,31.18
Scutellaria tenuipetiolata,Magnoliopsida,NA,2527.2736886463495,0.22,1043.8044711171874,41.3,1407.2344550507812,55.68
Securidaca coriacea,Magnoliopsida,NA,471109.5281374692,41.19,42585.18046488424,9.04,103369.51100341896,21.94
Securidaca diversifolia,Magnoliopsida,LC,798297.2731962405,69.8,146074.24613369774,18.3,268002.7294564842,33.57
Securidaca longifolia,Magnoliopsida,NA,35677.34287089954,3.12,8111.23488,22.73,11367.267904,31.86
Securidaca paniculata,Magnoliopsida,NA,546831.2368526052,47.81,116778.1448100346,21.36,193398.5473614723,35.37
Securidaca pendula,Magnoliopsida,NA,247985.60712090993,21.68,17920.81294690625,7.23,33895.449082734376,13.67
Securidaca retusa,Magnoliopsida,NA,406664.5722928835,35.56,97700.7986631875,24.02,139254.5866951875,34.24
Securidaca scandens,Magnoliopsida,NA,60004.432941086634,5.25,3232.2729524757997,5.39,19397.4204103494,32.33
Securidaca warmingiana,Magnoliopsida,NA,202137.0927597132,17.67,41580.851837,20.57,51152.00598925,25.31
Seguieria aculeata,Magnoliopsida,NA,411343.4555194371,35.97,90658.78374719634,22.04,173045.8585094559,42.07
Seguieria macrophylla,Magnoliopsida,NA,480339.5493596837,42,77964.51701848752,16.23,149157.4242319114,31.05
Semiramisia speciosa,Magnoliopsida,NA,76466.40538636535,6.69,17706.854080608155,23.16,25895.802385217165,33.87
Senecio formosus,Magnoliopsida,NA,61718.24410605297,5.4,21870.46500256036,35.44,26963.42828951453,43.69
Senecio rufescens,Magnoliopsida,NA,0,0,0,NA,0,NA
Senecio tephrosioides,Magnoliopsida,NA,10298.624524119232,0.9,1819.9185902531735,17.67,4296.063758167236,41.71
Senefelderopsis chiribiquetensis,Magnoliopsida,LC,362840.95487842,31.73,73400.27160853906,20.23,129667.05616753027,35.74
Senegalia polyphylla,Magnoliopsida,LC,615656.0524868425,53.83,93219.37480115866,15.14,196086.03331393583,31.85
Senegalia tamarindifolia,Magnoliopsida,NA,54961.940347112526,4.81,3677.847983643768,6.69,11187.57434008963,20.36
Senna alata,Magnoliopsida,LC,875312.732733604,76.53,120663.19153079316,13.79,207124.6668000945,23.66
Senna atomaria,Magnoliopsida,LC,79919.5410412402,6.99,5313.831339702362,6.65,28282.73847866775,35.39
Senna bacillaris,Magnoliopsida,LC,964318.1803375256,84.32,165366.7792387118,17.15,273524.76166520565,28.36
Senna dariensis,Magnoliopsida,LC,157549.45096770162,13.78,21229.599013290223,13.47,37616.59099219089,23.88
Senna fruticosa,Magnoliopsida,LC,862877.468869903,75.45,148353.10311547786,17.19,274552.78003888676,31.82
Senna hayesiana,Magnoliopsida,LC,464300.55337394954,40.6,52421.068886504334,11.29,111586.14619552912,24.03
Senna hirsuta,Magnoliopsida,NA,408509.7612043152,35.72,63780.14867236145,15.61,128440.95393353504,31.44
Senna latifolia,Magnoliopsida,LC,344837.000713047,30.15,98285.9545082002,28.5,137242.218993333,39.8
Senna macrophylla,Magnoliopsida,LC,747977.2778964019,65.4,148252.5577683457,19.82,233330.04686487137,31.19
Senna multiglandulosa,Magnoliopsida,LC,6521.437098300243,0.57,373.5681224090576,5.73,1435.2441099610596,22.01
Senna multijuga,Magnoliopsida,LC,281831.4567297245,24.64,63317.28165698242,22.47,91188.15165596192,32.36
Senna mutisiana,Magnoliopsida,LC,370575.5895213894,32.4,59475.02772282135,16.05,113803.2427043252,30.71
Senna obtusifolia,Magnoliopsida,LC,786469.6674380098,68.77,119994.53333888097,15.26,232398.194464824,29.55
Senna occidentalis,Magnoliopsida,LC,874193.1586003818,76.44,148277.16874935944,16.96,277081.5974383244,31.7
Senna oxyphylla,Magnoliopsida,LC,67997.37644803847,5.95,5961.517367079102,8.77,18041.8701059541,26.53
Senna papillosa,Magnoliopsida,LC,470027.39623596234,41.1,92617.78237880269,19.7,158963.53174533686,33.82
Senna pendula,Magnoliopsida,LC,861923.3797423424,75.36,168547.9800167898,19.55,261585.87035538416,30.35
Senna pistaciifolia,Magnoliopsida,LC,157750.97305415026,13.79,35642.60399306909,22.59,52138.61752552919,33.05
Senna quinquangulata,Magnoliopsida,LC,990330.4109451846,86.59,162515.5485370238,16.41,279658.1459409121,28.24
Senna reticulata,Magnoliopsida,LC,990652.1895798488,86.62,166324.73812807773,16.79,287507.79094257485,29.02
Senna robiniifolia,Magnoliopsida,LC,63426.037260501595,5.55,7135.790704717987,11.25,21695.00679922635,34.21
Senna ruiziana,Magnoliopsida,LC,238258.2584070091,20.83,24099.832668689545,10.12,46226.90989664285,19.4
Senna siamea,Magnoliopsida,LC,624237.3073237307,54.58,73580.68734909379,11.79,145901.40871967695,23.37
Senna silvestris,Magnoliopsida,LC,526612.8052273209,46.04,87758.43548579328,16.66,149387.62056546417,28.37
Senna spectabilis,Magnoliopsida,LC,218346.44371659408,19.09,34626.51065942962,15.86,66510.36637921318,30.46
Senna spinescens,Magnoliopsida,LC,572353.0857626436,50.04,112823.1774724502,19.71,166017.89378366113,29.01
Senna undulata,Magnoliopsida,LC,677602.3576175842,59.25,127786.5646996601,18.86,236279.754067067,34.87
Serjania atrolineata,Magnoliopsida,NA,718940.6349725135,62.86,121712.28084433754,16.93,229101.89979411737,31.87
Serjania clematidea,Magnoliopsida,NA,547768.1708582903,47.89,72226.90373136569,13.19,152242.4671951079,27.79
Serjania communis,Magnoliopsida,NA,884225.3963127477,77.31,168322.9704359121,19.04,264637.035960164,29.93
Serjania glabrata,Magnoliopsida,NA,23894.1560522354,2.09,3048.6598107958985,12.76,8747.198623834962,36.61
Serjania grandifolia,Magnoliopsida,NA,803439.5018388936,70.25,153660.31269250994,19.13,257821.66566440204,32.09
Serjania grandis,Magnoliopsida,NA,213131.5194111219,18.64,34186.99508393497,16.04,58559.86122602139,27.48
Serjania membranacea,Magnoliopsida,NA,1102868.0353264094,96.43,190660.69273065432,17.29,321239.6817753579,29.13
Serjania mexicana,Magnoliopsida,NA,288479.3205266796,25.22,32660.257081912063,11.32,80652.03697973315,27.96
Serjania paucidentata,Magnoliopsida,NA,582952.7248826968,50.97,114566.59922944813,19.65,202108.431789836,34.67
Serjania pyramidata,Magnoliopsida,NA,823026.1979848521,71.96,130549.18943930288,15.86,255548.2306327907,31.05
Serjania rhombea,Magnoliopsida,NA,593800.8859538882,51.92,82288.25588587589,13.86,162026.20560193484,27.29
Serjania rubicaulis,Magnoliopsida,NA,144156.42415289648,12.6,14904.430813809022,10.34,32795.93496016455,22.75
Serjania trachygona,Magnoliopsida,NA,140723.003413468,12.3,32398.945922392577,23.02,37933.60027489795,26.96
Sesbania exasperata,Magnoliopsida,NA,363050.8198391245,31.74,47872.83070431613,13.19,95419.37472554618,26.28
Sesbania herbacea,Magnoliopsida,NA,764263.0301588916,66.82,127121.49232020829,16.63,245033.76707443476,32.06
Sessea corymbiflora,Magnoliopsida,LC,83634.94099390002,7.31,21365.36663248455,25.55,30808.11341016125,36.84
Sessea crassivenosa,Magnoliopsida,LC,58680.21214763316,5.13,18883.070336659697,32.18,23340.427340774808,39.78
Sessea vestita,Magnoliopsida,LC,24732.91350238271,2.16,5794.436671669372,23.43,8610.622489464966,34.81
Sesuvium portulacastrum,Magnoliopsida,LC,307882.39551279607,26.92,64398.680952149305,20.92,114067.38449480991,37.05
Sibthorpia repens,Magnoliopsida,NA,65214.9960188038,5.7,20542.953290628328,31.5,26195.47019431467,40.17
Sicydium diffusum,Magnoliopsida,NA,132248.1538112738,11.56,22674.54107616504,17.15,24994.424893360352,18.9
Sicydium tamnifolium,Magnoliopsida,NA,691529.8557377481,60.46,127315.19210580108,18.41,207347.41048117797,29.98
Sida ciliaris,Magnoliopsida,NA,141369.57080900786,12.36,17393.29243005295,12.3,48359.636335757845,34.21
Sida cordifolia,Magnoliopsida,NA,287002.28005715495,25.09,33945.539239847516,11.83,88854.56204423415,30.96
Sida glomerata,Magnoliopsida,NA,979789.0364033624,85.67,164344.6132001764,16.77,295980.89648267545,30.21
Sida hirsutissima,Magnoliopsida,NA,67231.34051504245,5.88,11513.9449895813,17.13,16438.17755178003,24.45
Sida linifolia,Magnoliopsida,NA,556451.6695241815,48.65,80024.22362555814,14.38,155036.56303487805,27.86
Sida poeppigiana,Magnoliopsida,NA,394439.894180365,34.49,66764.42149874494,16.93,119361.16803241771,30.26
Sida rhombifolia,Magnoliopsida,NA,923697.5526755536,80.76,153403.5929120296,16.61,279874.03175647964,30.3
Sida setosa,Magnoliopsida,NA,1014509.2726600888,88.7,182473.65448502867,17.99,294132.63068751135,28.99
Sida spinosa,Magnoliopsida,NA,351903.11228457943,30.77,57171.4618787621,16.25,120278.593474985,34.18
Sidastrum paniculatum,Magnoliopsida,NA,169847.58995063195,14.85,28317.944063165593,16.67,66427.84712973831,39.11
Sida urens,Magnoliopsida,NA,793517.1650055463,69.38,132195.52853238967,16.66,248699.32935696488,31.34
Sideroxylon obtusifolium,Magnoliopsida,LC,60338.2325452383,5.28,3567.301770040253,5.91,16002.871442242951,26.52
Sigesbeckia jorullensis,Magnoliopsida,NA,139341.31553384304,12.18,37371.09039278558,26.82,50871.323158078616,36.51
Silene gallica,Magnoliopsida,NA,134942.94464925295,11.8,32440.983877240356,24.04,46365.99077482208,34.36
Simaba guianensis,Magnoliopsida,LC,607454.028828208,53.11,110059.3287325928,18.12,163808.11455829735,26.97
Simaba obovata,Magnoliopsida,NA,228643.1676592491,19.99,44334.11584844336,19.39,50552.90873644336,22.11
Simaba orinocensis,Magnoliopsida,LC,616993.7823695136,53.95,116096.48817805469,18.82,177244.2840504336,28.73
Simaba polyphylla,Magnoliopsida,LC,449945.5889222822,39.34,104203.69725817283,23.16,147210.84581061036,32.72
Simarouba amara,Magnoliopsida,LC,951141.0609270252,83.16,167875.24714703442,17.65,270301.6379753481,28.42
Simira cordifolia,Magnoliopsida,LC,538927.7464033585,47.12,89190.98034386575,16.55,169682.09660668566,31.49
Simira rubescens,Magnoliopsida,LC,733038.5561592212,64.09,122058.11491877658,16.65,209084.36938132695,28.52
Simsia fruticulosa,Magnoliopsida,NA,116918.03501664192,10.22,14527.862987388791,12.43,27874.656412375916,23.84
Sinningia elatior,Magnoliopsida,NA,436687.3864048937,38.18,77681.73066171289,17.79,137544.3240982793,31.5
Sinningia incarnata,Magnoliopsida,NA,745385.4005141337,65.17,139232.81175316346,18.68,233684.20513488448,31.35
Sipanea glomerata,Magnoliopsida,NA,442419.4229684492,38.68,83070.77627046435,18.78,145747.80247258203,32.94
Sipanea hispida,Magnoliopsida,NA,634416.449289055,55.47,116440.21837588868,18.35,180718.6358489463,28.49
Sipanea pratensis,Magnoliopsida,NA,485571.0973253336,42.46,78117.40060526453,16.09,130943.81132382434,26.97
Sipanea veris,Magnoliopsida,NA,308041.0254127067,26.93,31992.64975220398,10.39,55095.18168854993,17.89
Sipaneopsis maguirei,Magnoliopsida,NA,136644.5119863355,11.95,10859.665881796876,7.95,15057.835889796876,11.02
Siparuna aspera,Magnoliopsida,LC,236279.1555934296,20.66,43749.352029295376,18.52,70554.0096746464,29.86
Siparuna cervicornis,Magnoliopsida,LC,482782.0704104554,42.21,102753.90927392874,21.28,165091.24680407852,34.2
Siparuna conica,Magnoliopsida,LC,245768.33883312697,21.49,37506.52149224231,15.26,60495.64258824396,24.61
Siparuna cristata,Magnoliopsida,LC,344891.22218372236,30.16,97007.37462298144,28.13,140219.15492137987,40.66
Siparuna cuspidata,Magnoliopsida,LC,897743.6755514938,78.5,162900.87895829158,18.15,255179.0544152129,28.42
Siparuna decipiens,Magnoliopsida,LC,615336.4783745512,53.8,119552.6526006792,19.43,185557.49004156937,30.16
Siparuna echinata,Magnoliopsida,LC,68217.3710930029,5.96,19471.890243164915,28.54,27121.43198717303,39.76
Siparuna gentryana,Magnoliopsida,LC,73834.16159095016,6.46,6168.460518554688,8.35,7772.998068553711,10.53
Siparuna gesnerioides,Magnoliopsida,LC,388764.75429523573,33.99,69726.82793178399,17.94,113335.00227714234,29.15
Siparuna gigantotepala,Magnoliopsida,LC,106395.12586895646,9.3,16698.76862329065,15.7,23472.254051089232,22.06
Siparuna grandiflora,Magnoliopsida,LC,571480.3020648608,49.97,98256.42803050757,17.19,172685.341402641,30.22
Siparuna guianensis,Magnoliopsida,LC,908236.7905135718,79.41,150006.93901180942,16.52,246704.26874345992,27.16
Siparuna harlingii,Magnoliopsida,LC,337771.4776738745,29.53,68217.26000430988,20.2,94265.73996949708,27.91
Siparuna laurifolia,Magnoliopsida,LC,325029.45668433356,28.42,53700.6963667586,16.52,89019.13539462109,27.39
Siparuna lepidota,Magnoliopsida,LC,229627.97460633417,20.08,43113.21950551477,18.78,68630.18256110827,29.89
Siparuna macrotepala,Magnoliopsida,LC,132840.61896512212,11.62,29534.649484605223,22.23,30823.56840684741,23.2
Siparuna obstipa,Magnoliopsida,LC,143014.01072621526,12.5,37254.681088,26.05,49041.32912,34.29
Siparuna pauciflora,Magnoliopsida,LC,18609.09403565516,1.63,4805.562948941772,25.82,5620.853844626953,30.2
Siparuna pilosolepidota,Magnoliopsida,LC,5335.2728779014815,0.47,966.3505389031984,18.11,1769.9392424045411,33.17
Siparuna reginae,Magnoliopsida,NA,659313.2847709566,57.65,113751.0940644297,17.25,174968.01248133986,26.54
Siparuna schimpffii,Magnoliopsida,LC,15729.964766155375,1.38,2859.904866615967,18.18,3206.3328468581544,20.38
Siparuna sessiliflora,Magnoliopsida,LC,844930.8939769701,73.88,157621.5870646793,18.65,247185.03231957203,29.26
Siparuna stellulata,Magnoliopsida,LC,200895.20417886536,17.57,38363.16319435211,19.1,61184.03351943384,30.46
Siparuna thecaphora,Magnoliopsida,LC,716561.3070424238,62.65,150716.62282840972,21.03,227710.60828697495,31.78
Siphanthera cordifolia,Magnoliopsida,NA,124124.71173435588,10.85,47653.3579908125,38.39,83384.6495108125,67.18
Siphanthera fasciculata,Magnoliopsida,NA,318426.261874505,27.84,73490.71868651563,23.08,101648.75931051564,31.92
Siphanthera hostmannii,Magnoliopsida,NA,324462.7863516829,28.37,76240.37431337597,23.5,133679.94143691895,41.2
Siphanthera subtilis,Magnoliopsida,NA,247579.0993622147,21.65,62512.1356931875,25.25,101921.1340771875,41.17
Siphocampylus columnae,Magnoliopsida,NA,51458.00612434245,4.5,12333.524925796142,23.97,17274.63320573779,33.57
Siphocampylus giganteus,Magnoliopsida,NA,32335.7799961075,2.83,8759.613410498718,27.09,12462.026634656617,38.54
Siphocampylus retrorsus,Magnoliopsida,NA,95608.0292372982,8.36,29301.41772343573,30.65,38785.17882952478,40.57
Siphocampylus scandens,Magnoliopsida,LC,28480.409973564612,2.49,5156.861342013244,18.11,8830.79541224701,31.01
Sloanea brevipes,Magnoliopsida,NA,52571.59358011982,4.6,3823.117990071289,7.27,8190.296855260743,15.58
Sloanea brevispina,Magnoliopsida,LC,224528.46616793983,19.63,49024.21676877925,21.83,76257.66164193343,33.96
Sloanea durissima,Magnoliopsida,LC,408190.23219734494,35.69,82442.28022927478,20.2,113275.26433818675,27.75
Sloanea eichleri,Magnoliopsida,LC,654655.067477229,57.24,115842.44718939648,17.7,178398.88825471193,27.25
Sloanea floribunda,Magnoliopsida,LC,779492.2989119862,68.16,140412.00325024166,18.01,215508.1683939791,27.65
Sloanea fragrans,Magnoliopsida,LC,664213.4896348325,58.08,107270.844094466,16.15,182886.4541548297,27.53
Sloanea guianensis,Magnoliopsida,LC,880763.9238043026,77.01,148465.04194669277,16.86,238424.87677716024,27.07
Sloanea laurifolia,Magnoliopsida,LC,444718.4324758929,38.88,108380.39433102251,24.37,166716.95144489311,37.49
Sloanea macrophylla,Magnoliopsida,LC,796640.158537814,69.66,162639.43980639288,20.42,249831.8898323147,31.36
Sloanea medusula,Magnoliopsida,LC,57259.26056511009,5.01,4243.348363,7.41,5463.307627,9.54
Sloanea rufa,Magnoliopsida,LC,664640.2693581148,58.11,127025.74723275234,19.11,201481.7630480408,30.31
Sloanea sinemariensis,Magnoliopsida,LC,113323.08930259444,9.91,18043.0134832666,15.92,19391.4635472666,17.11
Sloanea synandra,Magnoliopsida,LC,369721.15426204674,32.33,73803.1030785127,19.96,101359.1611156455,27.42
Sloanea terniflora,Magnoliopsida,LC,1049019.135841844,91.72,190004.1736748304,18.11,315464.98000016296,30.07
Sloanea tuerckheimii,Magnoliopsida,LC,869265.8978371322,76.01,163168.65352475506,18.77,270272.3591732079,31.09
Sloanea zuliaensis,Magnoliopsida,LC,460580.7438585423,40.27,71555.08279973557,15.54,141416.13661714402,30.7
Smallanthus fruticosus,Magnoliopsida,NA,11015.180140569755,0.96,991.3290954768066,9,4237.060935390869,38.47
Smallanthus pyramidalis,Magnoliopsida,NA,117788.95104890452,10.3,27817.957481554564,23.62,39286.97686611212,33.35
Smallanthus riparius,Magnoliopsida,NA,145347.01739695595,12.71,23899.26574694684,16.44,43262.62505764746,29.77
Solanum abitaguense,Magnoliopsida,LC,28594.346260975915,2.5,5059.658436446289,17.69,9041.188584255127,31.62
Solanum acerifolium,Magnoliopsida,NA,181511.1322177875,15.87,37953.16784146246,20.91,59549.70318870605,32.81
Solanum albidum,Magnoliopsida,LC,0,0,0,NA,0,NA
Solanum americanum,Magnoliopsida,NA,889252.8674328568,77.75,168685.59684513696,18.97,288849.325168329,32.48
Solanum anceps,Magnoliopsida,NA,260797.76950097329,22.8,41840.48221407355,16.04,72698.19330550317,27.88
Solanum andreanum,Magnoliopsida,NA,9713.982608359254,0.85,1676.4093562023925,17.26,4226.524188116455,43.51
Solanum anisophyllum,Magnoliopsida,LC,405372.49027356575,35.44,82035.51722374023,20.24,115624.57634525056,28.52
Solanum aphyodendron,Magnoliopsida,LC,173501.09614817848,15.17,35165.37593214197,20.27,55512.02190231274,32
Solanum appressum,Magnoliopsida,NA,214217.8760821556,18.73,40568.286465596866,18.94,46967.039688029174,21.92
Solanum arboreum,Magnoliopsida,LC,663563.4436347676,58.02,142906.96954256744,21.54,208414.56909818188,31.41
Solanum asperolanatum,Magnoliopsida,LC,144936.08804777093,12.67,36515.42637956723,25.19,51228.16774420413,35.35
Solanum asperum,Magnoliopsida,NA,764529.5007841713,66.85,137065.3918005313,17.93,244944.7520096065,32.04
Solanum aturense,Magnoliopsida,LC,352734.49174272263,30.84,63579.63343227269,18.02,99319.81954508836,28.16
Solanum aureum,Magnoliopsida,NA,34737.77713201285,3.04,9744.742031087402,28.05,13701.505674270693,39.44
Solanum barbeyanum,Magnoliopsida,LC,226341.21688756524,19.79,50647.68487767004,22.38,71186.70048666192,31.45
Solanum barbulatum,Magnoliopsida,LC,38464.64824108448,3.36,9495.76172944519,24.69,14042.777915603088,36.51
Solanum betaceum,Magnoliopsida,DD,235163.82722514312,20.56,49290.781707201066,20.96,77326.36080566225,32.88
Solanum bicolor,Magnoliopsida,LC,679980.0821240896,59.45,105610.15658629822,15.53,210618.9169944604,30.97
Solanum brevifolium,Magnoliopsida,NA,104327.76735176417,9.12,28761.589222785584,27.57,40210.526904008664,38.54
Solanum calidum,Magnoliopsida,NA,213221.3371824849,18.64,41442.34667700281,19.44,50306.687977043825,23.59
Solanum callianthum,Magnoliopsida,NA,68363.82352453102,5.98,20144.058809375732,29.47,26411.54367733832,38.63
Solanum candidum,Magnoliopsida,NA,114174.50607219618,9.98,19630.188126086425,17.19,26719.684580120116,23.4
Solanum canense,Magnoliopsida,NA,16424.06327113863,1.44,2653.0170714765627,16.15,4164.080185285156,25.35
Solanum caripense,Magnoliopsida,NA,144509.8582350105,12.64,37103.57924881036,25.68,52293.343963819825,36.19
Solanum colombianum,Magnoliopsida,NA,80406.88027081337,7.03,23589.192158186703,29.34,31355.989493963985,39
Solanum confine,Magnoliopsida,LC,194265.42391484583,16.99,42970.74968252481,22.12,58437.98716451993,30.08
Solanum cordovense,Magnoliopsida,LC,386249.4336049856,33.77,88762.73047726581,22.98,147978.8743894111,38.31
Solanum cornifolium,Magnoliopsida,LC,38803.885092126395,3.39,9086.11861852063,23.42,12558.53376512317,32.36
Solanum crinitipes,Magnoliopsida,NA,3900.4437533844857,0.34,297.26437317163084,7.62,601.7155461960449,15.43
Solanum crinitum,Magnoliopsida,LC,778538.5563465273,68.07,122765.43962592822,15.77,234603.5298592507,30.13
Solanum crotonifolium,Magnoliopsida,LC,157295.74987371327,13.75,17327.16024548993,11.02,37718.29988805875,23.98
Solanum cyathophorum,Magnoliopsida,LC,941978.5174879174,82.36,172924.5802184685,18.36,283612.5624296741,30.11
Solanum cyclophyllum,Magnoliopsida,VU,68854.79419411065,6.02,10554.147521449437,15.33,16216.628271287083,23.55
Solanum deflexiflorum,Magnoliopsida,LC,120724.36278968932,10.56,22000.710959523985,18.22,36770.775415525146,30.46
Solanum diversifolium,Magnoliopsida,LC,263779.0472269086,23.06,47200.08931018591,17.89,85447.26976542622,32.39
Solanum dolichosepalum,Magnoliopsida,LC,176402.8999843344,15.42,31735.518310333853,17.99,53877.83028297373,30.54
Solanum dolosum,Magnoliopsida,VU,110300.5510689069,9.64,18755.830565621156,17,32343.74867289331,29.32
Solanum endopogon,Magnoliopsida,LC,27229.150189414555,2.38,503.2313138408203,1.85,665.1407540830078,2.44
Solanum evolvulifolium,Magnoliopsida,NA,183326.71846171745,16.03,35358.05383830231,19.29,56182.68209753979,30.65
Solanum glutinosum,Magnoliopsida,NA,0,0,0,NA,0,NA
Solanum grandiflorum,Magnoliopsida,LC,727543.3971567666,63.61,137447.47009839708,18.89,212044.8468393467,29.15
Solanum hayesii,Magnoliopsida,LC,103128.08297183816,9.02,15186.931497581789,14.73,19869.66425637915,19.27
Solanum hazenii,Magnoliopsida,LC,236416.69040370156,20.67,49404.540374471646,20.9,92600.38571885203,39.17
Solanum hirtum,Magnoliopsida,LC,292550.6141328328,25.58,42142.655318844394,14.41,94848.59113518032,32.42
Solanum hypaleurotrichum,Magnoliopsida,LC,101908.68482942872,8.91,27100.17943802118,26.59,39293.85051099219,38.56
Solanum imberbe,Magnoliopsida,NA,785310.678781346,68.66,161948.71742284746,20.62,258703.6825575298,32.94
Solanum jamaicense,Magnoliopsida,LC,897686.6690080726,78.49,160958.00054701368,17.93,263631.0856524971,29.37
Solanum juglandifolium,Magnoliopsida,LC,114816.62199536548,10.04,28030.08090991259,24.41,41635.90824496397,36.26
Solanum kioniotrichum,Magnoliopsida,NA,410556.8081127512,35.9,103569.01449182276,25.23,155711.50458700635,37.93
Solanum laevigatum,Magnoliopsida,LC,223607.0567851424,19.55,49050.316850578245,21.94,75200.0625399249,33.63
Solanum lanceifolium,Magnoliopsida,NA,663589.2078999789,58.02,127269.4591251262,19.18,233395.40281614492,35.17
Solanum lepidotum,Magnoliopsida,LC,614067.7645256262,53.69,115843.7064593663,18.86,172996.41078239537,28.17
Solanum leptopodum,Magnoliopsida,NA,253160.58352256965,22.14,54654.30295373828,21.59,78270.24224813574,30.92
Solanum leptorhachis,Magnoliopsida,LC,8831.914557307417,0.77,1102.9129434888916,12.49,2228.69460748938,25.23
Solanum leucocarpon,Magnoliopsida,LC,604486.9607265558,52.85,121576.8189912784,20.11,235647.84613263348,38.98
Solanum leucopogon,Magnoliopsida,NA,296865.0791550336,25.96,53846.84256254434,18.14,75680.63086003452,25.49
Solanum luculentum,Magnoliopsida,NA,131171.85118373026,11.47,36183.51490170557,27.58,50386.10330376508,38.41
Solanum lycopersicum,Magnoliopsida,NA,640990.7388785284,56.05,116825.64604464184,18.23,195608.21338841552,30.52
Solanum mammosum,Magnoliopsida,NA,901521.8364921536,78.83,160517.1739534373,17.81,258746.79813002443,28.7
Solanum microleprodes,Magnoliopsida,LC,112570.61813539988,9.84,15435.685396601562,13.71,39149.69017717188,34.78
Solanum mite,Magnoliopsida,NA,66000.39739390893,5.77,6933.380674906006,10.51,8070.305236093506,12.23
Solanum monachophyllum,Magnoliopsida,NA,456284.34868681926,39.9,66692.07423152686,14.62,133118.67059440282,29.17
Solanum monarchostemon,Magnoliopsida,NA,132825.61008225175,11.61,25243.886861062256,19.01,26958.654382499757,20.3
Solanum nemorense,Magnoliopsida,NA,138092.8123502491,12.07,20402.383235625,14.77,25630.895895166992,18.56
Solanum nigrescens,Magnoliopsida,NA,231912.35473696227,20.28,52968.38391751696,22.84,77669.61144746946,33.49
Solanum nudum,Magnoliopsida,LC,908621.3043192276,79.45,179859.20926841957,19.79,280510.0857970853,30.87
Solanum nutans,Magnoliopsida,LC,151394.64186321473,13.24,34832.595390687246,23.01,50358.12130551214,33.26
Solanum obliquum,Magnoliopsida,LC,102256.13106375012,8.94,20663.578172913814,20.21,21566.821170656007,21.09
Solanum oblongifolium,Magnoliopsida,LC,76831.30122166222,6.72,21254.708802046935,27.66,28255.20967931665,36.78
Solanum occultum,Magnoliopsida,LC,635351.4322459231,55.55,136623.86105330207,21.5,208520.68454989477,32.82
Solanum ochranthum,Magnoliopsida,LC,32775.85954344441,2.87,7184.196503637024,21.92,11467.7603656344,34.99
Solanum oppositifolium,Magnoliopsida,LC,603898.7744054613,52.8,126825.23133054424,21,196845.85526345737,32.6
Solanum ovalifolium,Magnoliopsida,LC,314583.8600910905,27.51,56545.91882929394,17.97,89294.07036738581,28.38
Solanum oxyphyllum,Magnoliopsida,LC,248542.67121390492,21.73,50509.97137285131,20.32,67185.08241789429,27.03
Solanum pedemontanum,Magnoliopsida,NA,141674.27884417152,12.39,23790.86562885547,16.79,25469.703183292968,17.98
Solanum pentaphyllum,Magnoliopsida,NA,235621.19848100268,20.6,45872.44757188498,19.47,73755.58105237906,31.3
Solanum pseudocapsicum,Magnoliopsida,NA,320850.63020923064,28.05,64875.01846466363,20.22,109460.55927659736,34.12
Solanum pseudolulo,Magnoliopsida,LC,418033.9110226311,36.55,63188.17462927069,15.12,117718.77545499682,28.16
Solanum psychotrioides,Magnoliopsida,LC,86424.4688968982,7.56,26670.260503406953,30.86,35319.0042258447,40.87
Solanum quitoense,Magnoliopsida,NA,199299.8542264291,17.43,40216.58754235877,20.18,64459.58837152338,32.34
Solanum rovirosanum,Magnoliopsida,LC,0,0,0,NA,0,NA
Solanum rugosum,Magnoliopsida,LC,919610.7887623796,80.41,162039.49407852095,17.62,262577.2397359585,28.55
Solanum schlechtendalianum,Magnoliopsida,LC,868036.5109558175,75.9,146499.24318775634,16.88,237824.58675743063,27.4
Solanum seaforthianum,Magnoliopsida,NA,216824.40822567875,18.96,39870.77274459766,18.39,68057.84950724116,31.39
Solanum sessile,Magnoliopsida,LC,251719.17800148067,22.01,25462.705262709533,10.12,39174.56863222076,15.56
Solanum sessiliflorum,Magnoliopsida,NA,644964.4490607947,56.39,126035.4251177874,19.54,193541.8624498952,30.01
Solanum sisymbriifolium,Magnoliopsida,NA,284721.11918366456,24.89,52557.55774855743,18.46,101332.27493955837,35.59
Solanum stellatiglandulosum,Magnoliopsida,LC,171326.64218327284,14.98,40608.89584179015,23.7,59466.860040496395,34.71
Solanum stenophyllum,Magnoliopsida,LC,45143.346363839366,3.95,14346.69976640573,31.78,18838.590136657374,41.73
Solanum suaveolens,Magnoliopsida,NA,261945.6209182474,22.9,55973.17990836447,21.37,85954.37517477555,32.81
Solanum subinerme,Magnoliopsida,LC,892682.8433038257,78.05,137934.03452842252,15.45,265100.4324511786,29.7
Solanum sycophanta,Magnoliopsida,LC,386794.4674868059,33.82,69068.8735939693,17.86,111402.05124066652,28.8
Solanum ternatum,Magnoliopsida,NA,105160.10001426854,9.19,22567.29128435974,21.46,34669.67173235797,32.97
Solanum thelopodium,Magnoliopsida,LC,573392.9330630559,50.14,135936.1236308856,23.71,199993.3503013985,34.88
Solanum torvum,Magnoliopsida,NA,598116.0912822437,52.3,90761.6319617387,15.17,155053.90839745154,25.92
Solanum trachycyphum,Magnoliopsida,LC,166162.58851005835,14.53,32038.711451731568,19.28,50141.064025897824,30.18
Solanum tuberosum,Magnoliopsida,NA,142399.8100368196,12.45,36931.741386515976,25.94,50999.75384396373,35.81
Solanum uleanum,Magnoliopsida,NA,20581.580515102152,1.8,2144.9036583632815,10.42,3754.8693169179687,18.24
Solanum umbellatum,Magnoliopsida,LC,327421.0717021548,28.63,57056.37996768324,17.43,97111.7312048213,29.66
Solanum uncinellum,Magnoliopsida,NA,586229.8527859058,51.26,120276.40726444071,20.52,179281.6854799021,30.58
Solanum vacciniiflorum,Magnoliopsida,LC,130372.26318049277,11.4,31199.561828670776,23.93,46532.648388863585,35.69
Solanum velutinum,Magnoliopsida,NA,936989.8571473368,81.93,163900.1765188917,17.49,260288.645388303,27.78
Solanum venosum,Magnoliopsida,LC,52557.04799958228,4.6,13947.027316599791,26.54,21158.59301912756,40.26
Solanum vestissimum,Magnoliopsida,LC,178964.95948371143,15.65,41753.66223428351,23.33,63778.9664362439,35.64
Solanum viarum,Magnoliopsida,LC,284989.72603518586,24.92,49260.56765932794,17.29,102426.1767035537,35.94
Solanum volubile,Magnoliopsida,NA,518403.9106477422,45.33,100843.62116002884,19.45,191647.81063466123,36.97
Solanum wendlandii,Magnoliopsida,NA,169322.36391865453,14.8,36199.057561255424,21.38,55371.30189504467,32.7
Sommera sabiceoides,Magnoliopsida,NA,167003.05562037387,14.6,47798.32393946875,28.62,67033.29401946875,40.14
Sonchus asper,Magnoliopsida,NA,238164.76945496103,20.82,44217.88616287596,18.57,86820.51106544372,36.45
Sonchus oleraceus,Magnoliopsida,NA,175657.31308998205,15.36,44098.06376148217,25.1,63564.22871374988,36.19
Sorocea affinis,Magnoliopsida,LC,65744.63554157024,5.75,9591.861470497315,14.59,15710.416574837158,23.9
Sorocea guilleminiana,Magnoliopsida,LC,400743.1319371725,35.04,94781.75548982524,23.65,134822.90030820805,33.64
Sorocea muriculata,Magnoliopsida,LC,810453.4184562784,70.86,137636.280088389,16.98,231283.45712836084,28.54
Sorocea pubivena,Magnoliopsida,LC,692239.8197880497,60.53,129995.31900969733,18.78,204075.2029470202,29.48
Sorocea sprucei,Magnoliopsida,LC,451915.2844080357,39.51,55482.44301551596,12.28,122720.47086802628,27.16
Sorocea steinbachii,Magnoliopsida,LC,610390.09047723,53.37,116700.8602803899,19.12,182654.6234053943,29.92
Sorocea trophoides,Magnoliopsida,LC,286679.785633752,25.07,48147.68935148294,16.79,86610.57870430588,30.21
Souroubea bicolor,Magnoliopsida,NA,306757.73549824266,26.82,52355.06102254132,17.07,83082.6521788133,27.08
Souroubea corallina,Magnoliopsida,NA,699809.946899138,61.19,147348.80906688617,21.06,228262.79418776775,32.62
Souroubea guianensis,Magnoliopsida,NA,879938.2082597462,76.94,151319.44883028002,17.2,241064.13373107303,27.4
Souroubea sympetala,Magnoliopsida,NA,1038302.4473422184,90.79,188123.69689443833,18.12,307753.00148720754,29.64
Spachea tricarpa,Magnoliopsida,LC,54572.35330999999,4.77,13828.99296,25.34,15445.002528,28.3
Spananthe paniculata,Magnoliopsida,NA,207188.22407171575,18.12,35833.11264451866,17.29,61179.393754678815,29.53
Sparattanthelium amazonum,Magnoliopsida,NA,790243.6021797131,69.1,130967.13388888523,16.57,222609.44973340284,28.17
Spartium junceum,Magnoliopsida,NA,27019.679430624463,2.36,6053.841328951538,22.41,8541.953683479125,31.61
Spathodea campanulata,Magnoliopsida,LC,757045.4910164619,66.19,139156.62086798516,18.38,239120.77152205343,31.59
Spergula arvensis,Magnoliopsida,NA,135526.3046513235,11.85,32870.22906908551,24.25,48071.03014860498,35.47
Spermacoce alata,Magnoliopsida,NA,993984.4271900988,86.91,169230.82173589454,17.03,276241.2530705041,27.79
Spermacoce capitata,Magnoliopsida,NA,772072.8904934382,67.51,129103.3886278372,16.72,230181.14138446475,29.81
Spermacoce confusa,Magnoliopsida,NA,297302.96055708895,26,52569.757375847796,17.68,100746.99607533502,33.89
Spermacoce densiflora,Magnoliopsida,NA,415114.77082207106,36.3,66577.03239560915,16.04,123740.2431773959,29.81
Spermacoce exilis,Magnoliopsida,NA,681554.3546997174,59.59,135816.65647817534,19.93,207755.97666093128,30.48
Spermacoce ocymifolia,Magnoliopsida,NA,661645.4914850434,57.85,130133.61417530334,19.67,198066.1430415127,29.94
Spermacoce prostrata,Magnoliopsida,NA,976642.7700961096,85.39,185640.5305607276,19.01,289952.12364424195,29.69
Spermacoce remota,Magnoliopsida,LC,796557.3216919932,69.65,139368.52594426187,17.5,247240.86062150187,31.04
Spermacoce suaveolens,Magnoliopsida,NA,694206.763155346,60.7,126992.59678936188,18.29,219829.11245425855,31.67
Spermacoce tenuior,Magnoliopsida,NA,815001.1934790396,71.26,170659.46917737933,20.94,265823.02899526106,32.62
Spermacoce verticillata,Magnoliopsida,NA,557356.2020157907,48.73,78009.59479823658,14,145169.85994259675,26.05
Sphagneticola trilobata,Magnoliopsida,NA,917275.778090076,80.2,161155.31267360022,17.57,270208.4181443533,29.46
Sphenoclea zeylanica,Magnoliopsida,LC,869444.5620712847,76.02,139845.221395227,16.08,243636.72477982132,28.02
Sphinctanthus maculatus,Magnoliopsida,LC,235040.3625844987,20.55,49063.70889251294,20.87,61699.21753881079,26.25
Sphyrospermum buxifolium,Magnoliopsida,NA,316877.8092091135,27.71,62426.94231346869,19.7,94179.54813823034,29.72
Sphyrospermum cordifolium,Magnoliopsida,NA,278794.4052218976,24.38,57958.18895466293,20.79,86417.28314636013,31
Sphyrospermum dissimile,Magnoliopsida,NA,101636.40269460093,8.89,20081.458673401183,19.76,28530.19704750708,28.07
Sphyrospermum grandifolium,Magnoliopsida,LC,3802.9986679761287,0.33,87.20503733691406,2.29,660.5025413369141,17.37
Spigelia anthelmia,Magnoliopsida,NA,669595.5307723581,58.55,130363.97579738304,19.47,235096.93978128364,35.11
Spigelia hamelioides,Magnoliopsida,NA,656065.6758100862,57.36,135069.03470481126,20.59,203318.75325383423,30.99
Spigelia pedunculata,Magnoliopsida,NA,133588.434570285,11.68,31874.24594220658,23.86,46438.65990693375,34.76
Spiranthera parviflora,Magnoliopsida,LC,382302.7803943383,33.43,101885.40372770678,26.65,143231.03549208178,37.47
Spirotheca rosea,Magnoliopsida,LC,172900.48769858977,15.12,33680.69462453856,19.48,55909.88373781752,32.34
Spondias mombin,Magnoliopsida,LC,658654.6624792789,57.59,74793.92579663846,11.36,157949.46614049244,23.98
Spondias purpurea,Magnoliopsida,LC,1010557.110234839,88.36,168100.92964863597,16.63,297149.9064077663,29.4
Spondias radlkoferi,Magnoliopsida,LC,339577.4685403108,29.69,58456.51817423135,17.21,106478.95365932882,31.36
Trema micrantha,Magnoliopsida,NA,919296.283831186,80.38,154548.6972933932,16.81,275766.4440889283,30
Stachyarrhena penduliflora,Magnoliopsida,LC,522387.7061567322,45.68,90443.46777527928,17.31,129916.02908085742,24.87
Stachyarrhena spicata,Magnoliopsida,LC,641700.6309275259,56.11,117981.12161338671,18.39,181598.9489689209,28.3
Stachys bogotensis,Magnoliopsida,NA,63202.543952509826,5.53,15153.255013027589,23.98,23608.35994442456,37.35
Stachys elliptica,Magnoliopsida,NA,11182.977245971011,0.98,4231.416745469238,37.84,5114.053006061524,45.73
Stachys lamioides,Magnoliopsida,NA,80404.64310867795,7.03,22193.677396324216,27.6,32005.83898182094,39.81
Stachytarpheta cayennensis,Magnoliopsida,NA,1087113.9365437196,95.05,191963.98714536385,17.66,318322.8548610369,29.28
Stachytarpheta jamaicensis,Magnoliopsida,LC,107860.91207256792,9.43,20024.899152260125,18.57,31581.464564440314,29.28
Stachytarpheta mutabilis,Magnoliopsida,NA,592724.7635841528,51.83,87319.81977473813,14.73,170602.31667785655,28.78
Steiractinia klattii,Magnoliopsida,LC,119533.90465141546,10.45,20220.94577992905,16.92,34749.89603560876,29.07
Steiractinia sodiroi,Magnoliopsida,NA,53084.13778199079,4.64,7982.866031728695,15.04,15284.514443419186,28.79
Stellaria cuspidata,Magnoliopsida,NA,137958.67202684566,12.06,37051.937063097655,26.86,51650.28488691211,37.44
Stellaria media,Magnoliopsida,NA,118782.6132609698,10.39,31271.120813588317,26.33,44419.56928893445,37.4
Stellaria ovata,Magnoliopsida,NA,226762.7164240258,19.83,49908.72459580931,22.01,68597.85326246273,30.25
Stellaria recurvata,Magnoliopsida,LC,71371.03931779013,6.24,20379.069464988832,28.55,27659.97212245764,38.76
Stemodia durantifolia,Magnoliopsida,NA,208770.77508539925,18.25,23849.985685882464,11.42,67938.84177716462,32.54
Stemodia suffruticosa,Magnoliopsida,NA,235278.8129872939,20.57,50015.35511233478,21.26,71512.59342935083,30.39
Stenosepala hirsuta,Magnoliopsida,LC,97376.72929695086,8.51,11092.23833500586,11.39,38048.04887949414,39.07
Stenostephanus hispidulus,Magnoliopsida,NA,119697.30350599172,10.47,26012.558817216188,21.73,40725.358395538635,34.02
Stenostephanus sanguineus,Magnoliopsida,NA,173154.61108898473,15.14,42086.65205745575,24.31,60943.452453746475,35.2
Stenostomum acreanum,Magnoliopsida,LC,528232.8154472592,46.19,114675.44974232056,21.71,182721.4534521687,34.59
Stephanopodium peruvianum,Magnoliopsida,LC,324271.5508297869,28.35,92103.43235268455,28.4,130381.35227005956,40.21
Sterculia apeibophylla,Magnoliopsida,NA,329647.73138687323,28.82,94712.45187978027,28.73,139312.21556358496,42.26
Sterculia apetala,Magnoliopsida,LC,564744.003287689,49.38,84089.8639522011,14.89,173894.34145012888,30.79
Sterculia colombiana,Magnoliopsida,LC,398002.9246122382,34.8,81220.88336319833,20.41,118184.99331074218,29.69
Sterculia frondosa,Magnoliopsida,LC,374816.8518231814,32.77,104918.87986638476,27.99,150450.70330536232,40.14
Sterculia kayae,Magnoliopsida,LC,651776.1413081976,56.99,122820.28277417675,18.84,189789.30745324417,29.12
Sterculia peruviana,Magnoliopsida,LC,556306.5138444502,48.64,120560.1620831472,21.67,185836.50302775463,33.41
Sterculia pruriens,Magnoliopsida,LC,610530.3892806617,53.38,114221.53805482433,18.71,172838.3258139669,28.31
Sterculia tessmannii,Magnoliopsida,LC,273333.5702707338,23.9,66959.16750422755,24.5,94726.19018403222,34.66
Sterigmapetalum guianense,Magnoliopsida,LC,435897.97653123114,38.11,98527.65093357812,22.6,144959.249258375,33.26
Sterigmapetalum obovatum,Magnoliopsida,LC,265479.4038320203,23.21,77594.57707058593,29.23,119879.78169580468,45.16
Stevia lucida,Magnoliopsida,NA,31790.532871083917,2.78,8218.089306218018,25.85,9761.50861680127,30.71
Stevia ovata,Magnoliopsida,NA,88312.45734272376,7.72,25044.581365481965,28.36,32994.1176015195,37.36
Stigmaphyllon adenodon,Magnoliopsida,NA,163354.66781043552,14.28,30784.22356174823,18.85,32956.39747799042,20.17
Stigmaphyllon bogotense,Magnoliopsida,NA,179333.42687633177,15.68,34265.790585370974,19.11,54327.78483461541,30.29
Stigmaphyllon cardiophyllum,Magnoliopsida,NA,77624.35061013783,6.79,4510.121006237305,5.81,4916.964202791992,6.33
Stigmaphyllon columbicum,Magnoliopsida,NA,239972.37140567365,20.98,25464.280059285735,10.61,71197.01152043948,29.67
Stigmaphyllon dichotomum,Magnoliopsida,NA,242070.35472431785,21.17,25784.09370928952,10.65,74429.63350471877,30.75
Stigmaphyllon echitoides,Magnoliopsida,NA,72398.24909329627,6.33,5938.009463636475,8.2,11874.07064603888,16.4
Stigmaphyllon ellipticum,Magnoliopsida,NA,130957.2857662847,11.45,20985.331144285643,16.02,37848.61407226758,28.9
Stigmaphyllon florosum,Magnoliopsida,NA,92579.51927387106,8.09,9629.284974000975,10.4,10631.69374179004,11.48
Stigmaphyllon herbaceum,Magnoliopsida,NA,113607.28077007143,9.93,11375.430443548585,10.01,26438.162584421385,23.27
Stigmaphyllon lindenianum,Magnoliopsida,NA,561820.0231777285,49.12,106969.2368268081,19.04,166328.9822859746,29.61
Stigmaphyllon maynense,Magnoliopsida,NA,0,0,0,NA,0,NA
Stigmaphyllon sinuatum,Magnoliopsida,NA,808380.1814853745,70.68,138568.21945552467,17.14,241606.6784577988,29.89
Stizophyllum inaequilaterum,Magnoliopsida,NA,695914.2602309276,60.85,111839.46502758109,16.07,219638.37615512343,31.56
Stizophyllum riparium,Magnoliopsida,NA,719279.582004839,62.89,131684.42104075113,18.31,227484.15822230768,31.63
Streptosolen jamesonii,Magnoliopsida,NA,113260.03037205825,9.9,23273.891461066407,20.55,36480.04482668012,32.21
Struchium sparganophorum,Magnoliopsida,NA,635329.5090928338,55.55,129722.6452702246,20.42,192782.84369699057,30.34
Struthanthus orbicularis,Magnoliopsida,NA,917726.4442950354,80.24,164144.1943442522,17.89,265850.47017258254,28.97
Strychnos amazonica,Magnoliopsida,NA,316395.3476601792,27.66,91523.54474678222,28.93,130767.01489615724,41.33
Strychnos bredemeyeri,Magnoliopsida,NA,747306.8567410312,65.34,126958.25292319384,16.99,218775.1062300073,29.28
Strychnos darienensis,Magnoliopsida,NA,518794.2205061517,45.36,114078.78637200544,21.99,169587.63348290412,32.69
Strychnos erichsonii,Magnoliopsida,NA,363784.9693508245,31.81,71486.51705200342,19.65,97976.74317753664,26.93
Strychnos guianensis,Magnoliopsida,NA,674838.8683010185,59.01,118542.84929789344,17.57,178666.18971951478,26.48
Strychnos jobertiana,Magnoliopsida,LC,639133.242014149,55.88,116818.36615995412,18.28,175280.72908188673,27.42
Strychnos mattogrossensis,Magnoliopsida,LC,384735.14146264095,33.64,95165.94131991504,24.74,143527.74094273048,37.31
Strychnos mitscherlichii,Magnoliopsida,NA,762378.13496103,66.66,137641.84181794492,18.05,215791.5525617522,28.31
Strychnos panamensis,Magnoliopsida,NA,1016380.9415548526,88.87,179914.74696155425,17.7,301517.073900889,29.67
Strychnos peckii,Magnoliopsida,NA,863660.625798689,75.52,152614.97264095282,17.67,243454.30620033137,28.19
Strychnos poeppigii,Magnoliopsida,NA,458323.6218373355,40.07,87683.12197143995,19.13,138597.12791090723,30.24
Strychnos rondeletioides,Magnoliopsida,LC,490363.1075580108,42.88,110121.51077123974,22.46,168007.28503696754,34.26
Strychnos tarapotensis,Magnoliopsida,LC,101297.3003404957,8.86,9577.97863592578,9.46,11841.048331925782,11.69
Strychnos toxifera,Magnoliopsida,NA,861444.2635250996,75.32,138696.8675068092,16.1,256822.1293323096,29.81
Stryphnodendron guianense,Magnoliopsida,LC,466315.9985489727,40.77,68895.677398677,14.77,134340.76621116677,28.81
Stryphnodendron microstachyum,Magnoliopsida,LC,724835.8639702784,63.38,123317.40159875464,17.01,213637.90709478187,29.47
Stryphnodendron pulcherrimum,Magnoliopsida,LC,591853.5946818216,51.75,113638.97309325024,19.2,171658.47722130883,29
Styloceras laurifolium,Magnoliopsida,LC,194467.1638710925,17,40677.160835713075,20.92,64479.36856820668,33.16
Stylogyne laxiflora,Magnoliopsida,LC,165204.5498561091,14.44,32089.76946886817,19.42,34711.91106886816,21.01
Stylogyne longifolia,Magnoliopsida,LC,863564.651429952,75.51,154992.56746014213,17.95,247336.85636475717,28.64
Stylogyne micrantha,Magnoliopsida,LC,719012.4128136508,62.87,109978.22552868813,15.3,220376.805014471,30.65
Stylogyne turbacensis,Magnoliopsida,LC,610560.7323921759,53.39,92393.26687668436,15.13,178243.93554229627,29.19
Stylosanthes guianensis,Magnoliopsida,NA,879540.9054769956,76.9,156082.9081507937,17.75,269734.15377544845,30.67
Styrax rigidifolius,Magnoliopsida,NA,195667.25677014896,17.11,59565.81112825,30.44,94280.34197625,48.18
Swartzia amplifolia,Magnoliopsida,LC,237971.6007446836,20.81,29979.086512564696,12.6,64861.831192402344,27.26
Swartzia arborescens,Magnoliopsida,LC,626070.1084111028,54.74,119388.41409572534,19.07,187462.81976459376,29.94
Swartzia argentea,Magnoliopsida,LC,125883.73516113398,11.01,17401.26138625,13.82,21458.07311425,17.05
Swartzia auriculata,Magnoliopsida,LC,182018.08319040632,15.91,54548.425433214965,29.97,76994.98964121497,42.3
Swartzia cardiosperma,Magnoliopsida,LC,183887.59177340657,16.08,39717.800192,21.6,56277.483808,30.6
Swartzia conferta,Magnoliopsida,LC,327886.48722833174,28.67,83184.778773375,25.37,119772.983133375,36.53
Swartzia gracilis,Magnoliopsida,LC,161485.42228633314,14.12,41978.623584,26,55056.030784,34.09
Swartzia grandifolia,Magnoliopsida,LC,195308.6832419289,17.08,49129.180389328125,25.15,78422.17766932813,40.15
Swartzia haughtii,Magnoliopsida,LC,15102.218389058717,1.32,3938.594145429688,26.08,5060.464541863281,33.51
Swartzia klugii,Magnoliopsida,NA,124095.99425382292,10.85,32364.028928,26.08,40341.683168,32.51
Swartzia laevicarpa,Magnoliopsida,LC,286619.73731605615,25.06,73886.623744,25.78,98846.277387125,34.49
Swartzia leptopetala,Magnoliopsida,LC,690246.3342249816,60.35,120622.53782513137,17.48,198916.57659485057,28.82
Swartzia macrophylla,Magnoliopsida,LC,75315.52226654439,6.59,10662.22859729248,14.16,19156.251588441773,25.43
Swartzia myrtifolia,Magnoliopsida,LC,304157.1605171107,26.59,53321.37019954117,17.53,100795.90750845592,33.14
Swartzia oraria,Magnoliopsida,LC,800356.4486848927,69.98,139588.42245832653,17.44,230138.40430308203,28.75
Swartzia pendula,Magnoliopsida,LC,146413.95082679813,12.8,33929.822208,23.17,39620.902368,27.06
Swartzia pittieri,Magnoliopsida,LC,215189.90140323373,18.82,21562.2890540697,10.02,47000.11151989783,21.84
Swartzia polyphylla,Magnoliopsida,LC,307005.68546591344,26.84,80207.90384346973,26.13,109601.02454809472,35.7
Swartzia rosea,Magnoliopsida,LC,97794.75468063868,8.55,12901.829984,13.19,14301.438016,14.62
Swartzia schomburgkii,Magnoliopsida,LC,328082.0894637173,28.69,57825.25841215747,17.63,78450.6450312876,23.91
Swartzia schultesii,Magnoliopsida,LC,534046.0219030649,46.69,114149.80964601404,21.37,182941.6937327345,34.26
Swartzia sericea,Magnoliopsida,LC,67675.74413365923,5.92,5695.188345375,8.42,10904.3320719375,16.11
Swartzia simplex,Magnoliopsida,LC,852035.0038245865,74.5,150571.03785964215,17.67,252951.95776740936,29.69
Swartzia tessmannii,Magnoliopsida,LC,331175.94240851037,28.96,66748.59706813404,20.16,93481.51765904736,28.23
Swartzia trianae,Magnoliopsida,LC,360948.243273204,31.56,63305.00128968503,17.54,112778.4141599868,31.25
Swartzia vaupesiana,Magnoliopsida,LC,239098.889466373,20.91,69462.473728,29.05,96747.788868,40.46
Swietenia macrophylla,Magnoliopsida,EN,1023042.7354146108,89.45,162760.75627998638,15.91,282817.33843533724,27.64
Symbolanthus pterocalyx,Magnoliopsida,NA,38020.26712460221,3.32,8286.867305600343,21.8,12797.319539948488,33.66
Symmeria paniculata,Magnoliopsida,LC,584829.2329099292,51.14,84416.35023143982,14.43,152699.0715450989,26.11
Symphonia globulifera,Magnoliopsida,LC,848789.7127682212,74.21,159256.1866962767,18.76,238905.29879711344,28.15
Symplocos quitensis,Magnoliopsida,LC,31520.357026620353,2.76,9307.52937181256,29.53,12965.252298495116,41.13
Symplocos rigidissima,Magnoliopsida,LC,89318.18079423456,7.81,28370.086708174375,31.76,37769.19669265552,42.29
Symplocos serrulata,Magnoliopsida,LC,171272.27070061283,14.98,33315.936737488955,19.45,46976.65794958643,27.43
Symplocos theiformis,Magnoliopsida,LC,18241.67237474715,1.59,6308.644845089111,34.58,7479.713111718262,41
Synedrella nodiflora,Magnoliopsida,NA,986250.7703717342,86.23,185321.7201747129,18.79,304262.80207250145,30.85
Syzygium cumini,Magnoliopsida,LC,811867.7134789051,70.99,137637.19047094235,16.95,239639.551070481,29.52
Syzygium jambos,Magnoliopsida,LC,370409.4054511543,32.39,62296.734888861145,16.82,104718.24559974144,28.27
Syzygium malaccense,Magnoliopsida,LC,884010.3838952297,77.29,167423.87344434485,18.94,261104.60018632555,29.54
Tabebuia insignis,Magnoliopsida,NT,544690.5930010165,47.63,113730.15550958076,20.88,166651.18555844147,30.6
Tabebuia ochracea,Magnoliopsida,NA,293985.6020030046,25.7,25941.483968713837,8.82,71294.53670609707,24.25
Tabebuia orinocensis,Magnoliopsida,NT,14123.728658175976,1.23,3052.57446475,21.61,6439.429129,45.59
Tabebuia rosea,Magnoliopsida,LC,489268.5059801791,42.78,77331.52778348952,15.81,158245.20718046813,32.34
Tabernaemontana amplifolia,Magnoliopsida,LC,91923.40450176757,8.04,13602.37175035669,14.8,24614.036998436768,26.78
Tabernaemontana amygdalifolia,Magnoliopsida,LC,255826.3542778449,22.37,35357.20415443219,13.82,77087.0195571765,30.13
Tabernaemontana arborea,Magnoliopsida,LC,137211.49403797684,12,17944.495476252992,13.08,42639.243991525604,31.08
Tabernaemontana columbiensis,Magnoliopsida,LC,106773.94609961042,9.34,16287.168075809876,15.25,30180.72612625397,28.27
Tabernaemontana cymosa,Magnoliopsida,LC,406989.21909842687,35.59,63421.19531720996,15.58,143523.63243379735,35.26
Tabernaemontana divaricata,Magnoliopsida,LC,599835.1119498127,52.45,113100.30668755207,18.86,197487.45914313587,32.92
Tabernaemontana grandiflora,Magnoliopsida,LC,353234.54869851965,30.89,37939.13484575886,10.74,88795.20208937365,25.14
Tabernaemontana heterophylla,Magnoliopsida,LC,1017879.7342162172,89,167239.97300942754,16.43,293046.98967376,28.79
Tabernaemontana longipes,Magnoliopsida,LC,77953.58963695307,6.82,14101.508680057615,18.09,22511.183886432435,28.88
Tabernaemontana macrocalyx,Magnoliopsida,LC,623393.2776131313,54.51,121144.686261996,19.43,187902.08885154527,30.14
Tabernaemontana markgrafiana,Magnoliopsida,LC,713595.0986085834,62.39,130316.86787122067,18.26,220278.82263827548,30.87
Tabernaemontana maxima,Magnoliopsida,LC,294715.21760216344,25.77,52730.60857959375,17.89,62481.58572771094,21.2
Tabernaemontana palustris,Magnoliopsida,LC,52809.75881171533,4.62,865.23545825,1.64,3353.83219425,6.35
Tabernaemontana panamensis,Magnoliopsida,LC,92014.38423336118,8.05,13372.310490351809,14.53,17488.302592242675,19.01
Tabernaemontana rupicola,Magnoliopsida,LC,1698.8673866969652,0.15,380.3336355,22.39,380.3336355,22.39
Tabernaemontana sananho,Magnoliopsida,LC,818921.7334887444,71.6,147054.53084934648,17.96,227796.00730222155,27.82
Tabernaemontana siphilitica,Magnoliopsida,LC,778206.3007155842,68.04,127834.01075308103,16.43,223397.96649258968,28.71
Tabernaemontana undulata,Magnoliopsida,LC,561020.6627355749,49.05,95602.96984990424,17.04,176637.2565906767,31.48
Tabernaemontana vanheurckii,Magnoliopsida,LC,290662.0705823193,25.41,51994.212770511265,17.89,95903.54514945814,32.99
Tachia occidentalis,Magnoliopsida,LC,618356.0456500277,54.07,120941.7269396316,19.56,186550.8953041377,30.17
Tachia parviflora,Magnoliopsida,LC,529149.1750028863,46.27,97884.33741624064,18.5,161650.92753465392,30.55
Tachigali cavipes,Magnoliopsida,LC,563034.5581402279,49.23,105155.233453083,18.68,150840.91294206737,26.79
Tachigali chrysophylla,Magnoliopsida,LC,382001.0256192307,33.4,63945.0337631416,16.74,80502.3142469541,21.07
Tachigali formicarum,Magnoliopsida,NA,299336.4949760461,26.17,77566.98422523144,25.91,114338.64894379396,38.2
Tachigali guianensis,Magnoliopsida,NA,600513.8603645442,52.51,97566.15158793236,16.25,166576.4552034275,27.74
Tachigali odoratissima,Magnoliopsida,LC,101424.23244290764,8.87,7065.104958832031,6.97,17256.40378308203,17.01
Tachigali paniculata,Magnoliopsida,LC,504166.45913785737,44.08,108088.74257442504,21.44,161445.98525391016,32.02
Tachigali physophora,Magnoliopsida,LC,28572.75737728472,2.5,4399.67494625,15.4,6421.76758625,22.48
Tachigali poeppigiana,Magnoliopsida,NA,442312.4739020764,38.67,101996.70986265333,23.06,144506.74215578614,32.67
Tachigali rigida,Magnoliopsida,LC,319433.12622225145,27.93,49346.34633974109,15.45,65644.30738128796,20.55
Tachigali tinctoria,Magnoliopsida,NA,246978.49814750167,21.59,25935.66860932617,10.5,44894.3194847168,18.18
Tagetes erecta,Magnoliopsida,NA,762519.3101155565,66.67,166829.55891454735,21.88,251363.36385142748,32.96
Tagetes filifolia,Magnoliopsida,NA,162605.2018002522,14.22,39065.67824823791,24.02,57716.52251344519,35.49
Tagetes verticillata,Magnoliopsida,NA,180467.6285025342,15.78,33089.658700833344,18.34,55257.036371864066,30.62
Tagetes zypaquirensis,Magnoliopsida,NA,29363.441461449096,2.57,7004.540847191162,23.85,9649.168365567382,32.86
Talinum fruticosum,Magnoliopsida,NA,347092.59047737374,30.35,50070.99963777722,14.43,117631.62290304212,33.89
Talinum paniculatum,Magnoliopsida,NA,349930.47381358716,30.6,52285.59416021268,14.94,112331.29484549844,32.1
Talisia cerasina,Magnoliopsida,LC,693829.2373022924,60.67,135737.1326867998,19.56,222355.48281013477,32.05
Talisia clathrata,Magnoliopsida,LC,378269.9486387643,33.07,104301.60252581522,27.57,161844.3991026602,42.79
Talisia firma,Magnoliopsida,LC,148255.01537099291,12.96,26771.327064125,18.06,34642.296957875,23.37
Talisia hexaphylla,Magnoliopsida,LC,313787.19514675386,27.44,84302.23833919532,26.87,123321.52797103516,39.3
Talisia macrophylla,Magnoliopsida,LC,582159.9679227244,50.9,95468.254120276,16.4,149697.63679333264,25.71
Talisia nervosa,Magnoliopsida,LC,669215.8441509614,58.51,123432.4772960664,18.44,183924.03965370127,27.48
Tamarindus indica,Magnoliopsida,LC,780951.8597798205,68.28,139912.70283601686,17.92,259458.4380072882,33.22
Tanacetum parthenium,Magnoliopsida,NA,137495.8085477756,12.02,30446.202712116577,22.14,46966.203000002824,34.16
Tanaecium affine,Magnoliopsida,NA,249491.7445379348,21.81,56805.61976280762,22.77,80093.63341555762,32.1
Tanaecium bilabiatum,Magnoliopsida,NA,598686.3629937841,52.35,111115.77691581368,18.56,163005.90658397283,27.23
Tanaecium jaroba,Magnoliopsida,NA,430459.63916436856,37.64,48157.07823077902,11.19,102778.81378929008,23.88
Tanaecium pyramidatum,Magnoliopsida,NA,604008.7751922153,52.81,130611.3914068337,21.62,195610.51826601676,32.39
Tanaecium tetragonolobum,Magnoliopsida,NA,563722.3099030702,49.29,94704.03244655785,16.8,183552.92858525272,32.56
Tanaecium xanthophyllum,Magnoliopsida,NA,241132.8708931447,21.08,66113.40913513378,27.42,89153.95973313379,36.97
Tapeinostemon spenneroides,Magnoliopsida,NA,407852.0433368504,35.66,97754.34035732812,23.97,140298.27405332812,34.4
Tapirira guianensis,Magnoliopsida,LC,951579.0114166148,83.2,158031.1771470206,16.61,262338.45543663204,27.57
Tapirira obtusa,Magnoliopsida,LC,387862.4345789585,33.91,102143.90270088744,26.34,152203.35309218528,39.24
Tapirira retusa,Magnoliopsida,LC,360985.82225427486,31.56,96726.79368444116,26.8,140835.44654437085,39.01
Tapura amazonica,Magnoliopsida,LC,427632.1867714757,37.39,96519.32375622923,22.57,146074.2622245349,34.16
Tapura coriacea,Magnoliopsida,LC,152021.38906966196,13.29,32617.6487902666,21.46,36163.0608542666,23.79
Tapura guianensis,Magnoliopsida,LC,969858.675661974,84.8,159314.56928889212,16.43,274917.7516659696,28.35
Tapura juruana,Magnoliopsida,LC,518914.92562917224,45.37,107927.29756710352,20.8,162326.60328435083,31.28
Tapura peruviana,Magnoliopsida,LC,236419.84658635603,20.67,55541.08523927569,23.49,79465.55727196319,33.61
Taralea oppositifolia,Magnoliopsida,LC,407830.9170185684,35.66,90676.41053133692,22.23,126010.58767785254,30.9
Taraxacum officinale,Magnoliopsida,NA,149005.02769003258,13.03,33656.33495913462,22.59,48444.19026709295,32.51
Tassadia obovata,Magnoliopsida,NA,815719.1250427498,71.32,164708.93575197717,20.19,246692.31093540028,30.24
Tassadia ovalifolia,Magnoliopsida,NA,154886.47663477864,13.54,29209.16530475,18.86,37948.07190475,24.5
Tecoma stans,Magnoliopsida,LC,225853.98042955072,19.75,40952.83105189745,18.13,71646.89035048167,31.72
Tectona grandis,Magnoliopsida,EN,735657.2543731884,64.32,111211.4213537334,15.12,208564.1421100036,28.35
Telitoxicum krukovii,Magnoliopsida,NA,388733.028567152,33.99,94392.00550705078,24.28,130429.43639729492,33.55
Tephrosia cinerea,Magnoliopsida,NA,200972.7531330924,17.57,24040.417333536177,11.96,63169.46003746132,31.43
Tephrosia sessiliflora,Magnoliopsida,NA,364987.7638306091,31.91,61568.792976737306,16.87,108737.02375417968,29.79
Tephrosia sinapou,Magnoliopsida,NA,998302.4414389088,87.29,185238.7265379684,18.56,287131.6459762332,28.76
Tephrosia vogelii,Magnoliopsida,LC,66227.89034748559,5.79,10489.975604987732,15.84,15133.153582954956,22.85
Tepuianthus savannensis,Magnoliopsida,LC,256996.53514241832,22.47,63225.93561442188,24.6,99439.46238242189,38.69
Teramnus uncinatus,Magnoliopsida,NA,549217.6826416579,48.02,87581.51788976636,15.95,154576.14521151924,28.14
Terminalia amazonia,Magnoliopsida,LC,900395.8144455777,78.73,153429.8451139591,17.04,250356.87221378737,27.81
Terminalia catappa,Magnoliopsida,LC,869834.1327203023,76.05,152307.81468512502,17.51,280191.92725884827,32.21
Terminalia crispialata,Magnoliopsida,NA,33153.42388211076,2.9,0.76845025,0,2489.36518625,7.51
Terminalia dichotoma,Magnoliopsida,LC,329038.20600414526,28.77,92528.44615333898,28.12,132757.76178812806,40.35
Terminalia oblonga,Magnoliopsida,LC,742553.3228951783,64.93,120561.42158241864,16.24,213821.95867454732,28.8
Terminalia virens,Magnoliopsida,LC,45841.06232743799,4.01,813.48723425,1.77,3302.08397025,7.2
Ternstroemia campinicola,Magnoliopsida,LC,380028.271627098,33.23,93841.45682132812,24.69,134948.41388832813,35.51
Ternstroemia macrocarpa,Magnoliopsida,LC,157453.32576117475,13.77,40506.78825030554,25.73,57203.76408840289,36.33
Ternstroemia meridionalis,Magnoliopsida,LC,70791.8585517346,6.19,22455.987619026597,31.72,28520.373317525315,40.29
Ternstroemia pungens,Magnoliopsida,NA,101458.70312744717,8.87,15582.885376,15.36,18944.5158,18.67
Tessaria integrifolia,Magnoliopsida,LC,968604.0613831496,84.69,163160.09835117287,16.84,294587.20846789406,30.41
Tetracera volubilis,Magnoliopsida,NA,670457.5522671072,58.62,114584.21701297189,17.09,204977.0627287459,30.57
Tetracera willdenowiana,Magnoliopsida,NA,771808.6849875593,67.48,134570.86236214393,17.44,232023.33185759155,30.06
Tetrameranthus duckei,Magnoliopsida,LC,145618.72025640376,12.73,35201.78233825,24.17,38770.19101025,26.62
Tetramerium nervosum,Magnoliopsida,NA,122180.06758360442,10.68,14566.925376656953,11.92,48962.747470124785,40.07
Tetrapterys crispa,Magnoliopsida,NA,635432.1154947074,55.56,114464.8699510616,18.01,187688.80351880525,29.54
Tetrapterys discolor,Magnoliopsida,NA,774469.7368765427,67.72,121547.92521396068,15.69,213246.6105667665,27.53
Tetrapterys goudotiana,Magnoliopsida,NA,127340.81995139449,11.13,14706.22458022754,11.55,47102.68612475684,36.99
Tetrapterys mucronata,Magnoliopsida,NA,575967.7858584736,50.36,97519.92293886036,16.93,148761.90086865332,25.83
Tetrapterys tinifolia,Magnoliopsida,NA,604575.6439174826,52.86,100844.13094043884,16.68,171895.76364329894,28.43
Tetrastylidium peruvianum,Magnoliopsida,LC,129544.2934666938,11.33,31813.350656,24.56,35395.828704,27.32
Tetrathylacium johansenii,Magnoliopsida,LC,100973.09523231335,8.83,10811.76458790271,10.71,40812.55662952344,40.42
Tetrathylacium macrophyllum,Magnoliopsida,LC,621833.2506302613,54.37,110653.3840135798,17.79,169353.09501125582,27.23
Tetrorchidium andinum,Magnoliopsida,LC,182385.01996252147,15.95,32809.19013385285,17.99,50562.6791664873,27.72
Tetrorchidium euryphyllum,Magnoliopsida,LC,199367.90607309953,17.43,30656.821874575868,15.38,47636.83672979529,23.89
Tetrorchidium macrophyllum,Magnoliopsida,LC,429175.7325364903,37.53,75937.55175757148,17.69,107142.5345891662,24.96
Tetrorchidium ochroleucum,Magnoliopsida,LC,194869.6986377426,17.04,28665.122257457788,14.71,46594.46822504077,23.91
Tetrorchidium robledoanum,Magnoliopsida,LC,208015.82984390823,18.19,32096.488713696595,15.43,51238.36904178223,24.63
Tetrorchidium rubrivenium,Magnoliopsida,LC,393907.9957788474,34.44,73615.23819643588,18.69,135059.52480390837,34.29
Thalictrum podocarpum,Magnoliopsida,NA,111993.8544373672,9.79,31902.57622022418,28.49,42012.18956692432,37.51
Themistoclesia dependens,Magnoliopsida,NA,37602.88803647282,3.29,11566.875572491945,30.76,15103.013758518491,40.16
Themistoclesia epiphytica,Magnoliopsida,NA,60223.185786699745,5.27,21658.671431350907,35.96,27999.507057220933,46.49
Theobroma bicolor,Magnoliopsida,LC,533447.3355986737,46.64,126259.18095107329,23.67,182785.9374565853,34.27
Theobroma cacao,Magnoliopsida,NA,611848.7332571027,53.5,138356.86194034485,22.61,211234.78829850323,34.52
Theobroma glaucum,Magnoliopsida,LC,632627.9507264565,55.31,127383.35928769596,20.14,188783.3057889051,29.84
Theobroma grandiflorum,Magnoliopsida,LC,516991.69474563166,45.2,113974.2639122625,22.05,172137.5339125639,33.3
Theobroma microcarpum,Magnoliopsida,LC,160948.87021780515,14.07,41088.524288,25.53,53410.6850155,33.18
Theobroma obovatum,Magnoliopsida,LC,382633.75986380933,33.46,101447.53876636233,26.51,141826.3519574248,37.07
Thevetia ahouai,Magnoliopsida,LC,478960.1085316125,41.88,82560.05381687619,17.24,150715.6207267349,31.47
Thibaudia cupatensis,Magnoliopsida,NA,99652.78638040762,8.71,14883.38252,14.94,14964.26008,15.02
Thibaudia floribunda,Magnoliopsida,LC,195750.89644918335,17.12,46135.78417742677,23.57,66911.95527347065,34.18
Thibaudia nutans,Magnoliopsida,NA,52200.91509202531,4.56,9008.749367,17.26,9008.749367,17.26
Thinouia myriantha,Magnoliopsida,NA,160760.96437004744,14.06,20059.606181628875,12.48,53453.24854882962,33.25
Thunbergia alata,Magnoliopsida,NA,347337.41687869775,30.37,58779.31265430544,16.92,104258.66700912234,30.02
Thunbergia fragrans,Magnoliopsida,NA,1047945.418928858,91.63,179599.68356219924,17.14,304683.41508504393,29.07
Thymus vulgaris,Magnoliopsida,LC,83869.85201566936,7.33,16538.26935831738,19.72,27740.601475611264,33.08
Thyrsodium spruceanum,Magnoliopsida,LC,779794.828841453,68.18,140824.48087742805,18.06,247930.86910778595,31.79
Tibouchina lindeniana,Magnoliopsida,NA,88546.16547849512,7.74,16876.616038483065,19.06,25758.25668244968,29.09
Tibouchina longifolia,Magnoliopsida,LC,334642.716999236,29.26,73464.45681405823,21.95,124520.35117538214,37.21
Tibouchina spruceana,Magnoliopsida,NA,546726.4555153532,47.8,108967.08782234376,19.93,160498.09747796875,29.36
Tilesia baccata,Magnoliopsida,NA,923762.6843234528,80.77,162188.17037215474,17.56,253256.14994729467,27.42
Tithonia diversifolia,Magnoliopsida,NA,872608.8870249345,76.3,175330.8646532713,20.09,265081.0089194607,30.38
Tocoyena williamsii,Magnoliopsida,LC,119578.4515422453,10.46,13441.882294061925,11.24,25522.47482470892,21.34
Tontelea attenuata,Magnoliopsida,LC,334604.2864694513,29.26,63472.334658618165,18.97,86787.05987136035,25.94
Tontelea laxiflora,Magnoliopsida,NA,495161.3787893891,43.29,74099.67256592658,14.96,124363.0253507344,25.12
Tontelea mauritioides,Magnoliopsida,LC,650279.537944124,56.86,124965.05059741714,19.22,198181.0708275894,30.48
Torenia crustacea,Magnoliopsida,LC,914328.4787363944,79.95,154374.87806546237,16.88,257389.62657968345,28.15
Torenia thouarsii,Magnoliopsida,LC,868742.5274209079,75.96,151228.30027764672,17.41,235328.592088729,27.09
Toulicia guianensis,Magnoliopsida,LC,449183.85787141026,39.27,73927.69039303125,16.46,102878.46721673438,22.9
Tournefortia bicolor,Magnoliopsida,LC,804129.9604961008,70.31,167346.69267092622,20.81,252607.2362090094,31.41
Tournefortia cuspidata,Magnoliopsida,LC,1011614.2547761848,88.45,161961.14105319302,16.01,284045.1004440675,28.08
Tournefortia fuliginosa,Magnoliopsida,NA,124878.8905449528,10.92,35036.823291776425,28.06,47121.02880775391,37.73
Tournefortia gigantifolia,Magnoliopsida,LC,160865.59233551167,14.07,20218.187678698185,12.57,34160.91139496412,21.24
Tournefortia glabra,Magnoliopsida,LC,723672.815115936,63.28,132074.4453147729,18.25,223079.76578394175,30.83
Tournefortia polystachya,Magnoliopsida,LC,161735.18487414342,14.14,41807.89779700934,25.85,55461.48988072656,34.29
Tournefortia scabrida,Magnoliopsida,LC,224665.2258613363,19.64,49245.16503321832,21.92,74850.54499760205,33.32
Myriopus volubilis,Magnoliopsida,NA,245859.19734952357,21.5,36595.29180758449,14.88,82518.66574373176,33.56
Tourrettia lappacea,Magnoliopsida,NA,212960.6881485036,18.62,47112.720343544985,22.12,71353.33943770215,33.51
Tovaria pendula,Magnoliopsida,NA,160982.07573615533,14.08,32109.259582229355,19.95,51167.30984561241,31.78
Tovomita brevistaminea,Magnoliopsida,LC,611700.7200447882,53.48,114741.47739171094,18.76,173075.26603163575,28.29
Tovomita choisyana,Magnoliopsida,LC,466609.027339032,40.8,82381.67587385101,17.66,120750.90590470449,25.88
Tovomita krukovii,Magnoliopsida,NA,285866.8818216946,25,78118.24323123999,27.33,108674.21046245874,38.02
Tovomita laurina,Magnoliopsida,LC,145923.74368529432,12.76,31854.062592,21.83,35468.522976,24.31
Tovomita longifolia,Magnoliopsida,LC,979901.68833141285,85.68,173493.0923401717,17.71,291562.87674224307,29.75
Tovomita macrophylla,Magnoliopsida,LC,132242.86793260524,11.56,33275.048704,25.16,40358.446816,30.52
Tovomita parviflora,Magnoliopsida,NA,172558.01745316334,15.09,35340.424101292054,20.48,56752.710109268555,32.89
Tovomita schomburgkii,Magnoliopsida,LC,474321.6920831756,41.47,109149.54202220948,23.01,159538.29362319777,33.64
Tovomita speciosa,Magnoliopsida,LC,317607.07496495824,27.77,82395.24788477414,25.94,117459.4138255444,36.98
Tovomita spruceana,Magnoliopsida,LC,551601.353471079,48.23,65398.89010904004,11.86,112642.09612331836,20.42
Tovomita stylosa,Magnoliopsida,LC,219584.7169716636,19.2,30545.893524445797,13.91,51919.72852147119,23.64
Tovomita trojitana,Magnoliopsida,DD,111241.23784271296,9.73,11225.705359301865,10.09,20074.505318367646,18.05
Tovomita umbellata,Magnoliopsida,LC,694534.1227198582,60.73,119307.91776499122,17.18,181471.15522765528,26.13
Toxicodendron striatum,Magnoliopsida,LC,175329.85757391917,15.33,33950.4384986151,19.36,55221.145767033064,31.5
Trattinnickia aspera,Magnoliopsida,LC,514987.50682562013,45.03,102420.103391159,19.89,143070.87504930262,27.78
Trattinnickia boliviana,Magnoliopsida,LC,623691.7312860233,54.53,114278.78257782813,18.32,172937.59820222753,27.73
Trattinnickia burserifolia,Magnoliopsida,LC,456005.6622048549,39.87,99886.54178579396,21.9,144405.0365158252,31.67
Trattinnickia glaziovii,Magnoliopsida,LC,641434.5945551035,56.08,123010.2806527124,19.18,190590.52317738137,29.71
Trattinnickia lancifolia,Magnoliopsida,LC,621357.5273712715,54.33,116465.3949093242,18.74,181258.42696876463,29.17
Trattinnickia lawrancei,Magnoliopsida,NA,749793.7142745617,65.56,140895.74727510838,18.79,220899.33158346737,29.46
Trattinnickia peruviana,Magnoliopsida,LC,571668.4239844201,49.98,113411.94826678126,19.84,170112.27882608105,29.76
Trattinnickia rhoifolia,Magnoliopsida,LC,665136.9803724238,58.16,113302.73673744072,17.03,175194.69136109503,26.34
Trianaea nobilis,Magnoliopsida,NA,59630.079869409885,5.21,12185.403219296386,20.43,17309.98163594336,29.03
Trianthema portulacastrum,Magnoliopsida,NA,277570.225301747,24.27,43303.58871604884,15.6,102025.93093982188,36.76
Trichanthera gigantea,Magnoliopsida,LC,594784.0208645139,52.01,122238.71959313896,20.55,201861.4200056438,33.94
Trichilia cipo,Magnoliopsida,LC,397222.1300159392,34.73,83071.50573868521,20.91,130317.38770664224,32.81
Trichilia elegans,Magnoliopsida,LC,524112.7795825236,45.83,97494.20879259672,18.6,157728.15274386675,30.09
Trichilia havanensis,Magnoliopsida,LC,641051.3104764958,56.05,113082.9791224456,17.64,180442.77425200125,28.15
Trichilia hirta,Magnoliopsida,LC,576936.8665199802,50.45,85301.77457187546,14.79,160499.5525266105,27.82
Trichilia inaequilatera,Magnoliopsida,LC,263369.08771120117,23.03,81891.45329467187,31.09,123292.03079273438,46.81
Trichilia laxipaniculata,Magnoliopsida,LC,94944.87517593682,8.3,18221.575109770507,19.19,18583.420926012695,19.57
Trichilia martiana,Magnoliopsida,LC,804029.130868158,70.3,129044.27426650906,16.05,230688.25104683853,28.69
Trichilia maynasiana,Magnoliopsida,NA,467743.4319423054,40.9,106700.47525499316,22.81,160768.02357359472,34.37
Trichilia mazanensis,Magnoliopsida,LC,643460.3786146718,56.26,117795.2935945703,18.31,182628.1129609248,28.38
Trichilia micrantha,Magnoliopsida,LC,400068.586536869,34.98,92478.6700773628,23.12,139419.2829913115,34.85
Trichilia pallida,Magnoliopsida,LC,855405.287283625,74.79,152639.23694453834,17.84,240913.8799175056,28.16
Trichilia pleeana,Magnoliopsida,LC,777114.5952872413,67.95,139366.21771935068,17.93,231566.79217043056,29.8
Trichilia poeppigii,Magnoliopsida,LC,539817.8038928518,47.2,122439.65618842334,22.68,180968.95327662255,33.52
Trichilia quadrijuga,Magnoliopsida,LC,656954.3965562314,57.44,138274.47527899317,21.05,217485.21079195704,33.11
Trichilia rubra,Magnoliopsida,LC,516104.94240449206,45.13,109465.92592145732,21.21,168828.60208285766,32.71
Trichilia schomburgkii,Magnoliopsida,LC,738680.799285261,64.59,135224.5706439405,18.31,213528.17230419177,28.91
Trichilia septentrionalis,Magnoliopsida,LC,656157.7102732589,57.37,137786.18067934125,21,210752.52623102357,32.12
Trichilia singularis,Magnoliopsida,LC,201249.8328415971,17.6,45007.93474918774,22.36,61970.19446142261,30.79
Trichilia solitudinis,Magnoliopsida,VU,324896.7748696636,28.41,93988.27404161304,28.93,133358.00912498805,41.05
Trichilia stipitata,Magnoliopsida,LC,164886.1464572004,14.42,42210.504944,25.6,55712.819659,33.79
Trichilia tuberculata,Magnoliopsida,LC,777191.0672612961,67.95,138955.66342100635,17.88,236294.259909058,30.4
Trichospermum galeottii,Magnoliopsida,LC,322782.42972654075,28.22,47884.50021215932,14.83,91807.14637337676,28.44
Trichospermum mexicanum,Magnoliopsida,LC,330685.5795979481,28.91,49652.0276094154,15.01,90741.3210899635,27.44
Trichostigma octandrum,Magnoliopsida,LC,739749.4895840228,64.68,134054.18106917766,18.12,238944.03077751867,32.3
Trichostigma peruvianum,Magnoliopsida,NA,75151.38229963635,6.57,13971.014060442383,18.59,14217.977852684571,18.92
Tridax procumbens,Magnoliopsida,NA,510807.3007676876,44.66,75769.07445986141,14.83,150218.35974424743,29.41
Trifolium amabile,Magnoliopsida,LC,2900.733537968259,0.25,174.4954763125,6.02,1087.5751563125,37.49
Trifolium dubium,Magnoliopsida,NA,124578.13120912456,10.89,31128.71103827533,24.99,44490.00808529712,35.71
Trifolium pratense,Magnoliopsida,LC,62990.91868256791,5.51,15184.48678347556,24.11,19847.020899139257,31.51
Trifolium repens,Magnoliopsida,NA,147691.49264358767,12.91,37205.70593402472,25.19,53018.53741117309,35.9
Trigonia laevis,Magnoliopsida,NA,504739.0152395722,44.13,73580.67712176319,14.58,147006.15458288745,29.13
Trigonia sericea,Magnoliopsida,LC,727527.7390319711,63.61,156526.97382863527,21.51,253154.81371863745,34.8
Trigonia spruceana,Magnoliopsida,NA,26772.600846253656,2.34,10.97744775,0.04,2326.42423175,8.69
Trigonia virens,Magnoliopsida,NA,124174.738924391,10.86,23392.084455628905,18.84,51071.93553330469,41.13
Triolena amazonica,Magnoliopsida,NA,130416.99285890564,11.4,22613.78666644629,17.34,24196.5040316416,18.55
Triolena barbeyana,Magnoliopsida,NA,105403.7609733161,9.22,17161.46537055626,16.28,22261.07711252501,21.12
Triolena hirsuta,Magnoliopsida,NA,230468.28564250923,20.15,44376.129930454954,19.25,69773.62479065012,30.27
Triolena obliqua,Magnoliopsida,NA,145602.31786271103,12.73,14673.978622874924,10.08,24067.971239987488,16.53
Triolena pluvialis,Magnoliopsida,NA,79327.9798383804,6.94,26798.052993786132,33.78,27127.47855302832,34.2
Triolena spicata,Magnoliopsida,NA,68057.52269999331,5.95,4971.779000417969,7.31,6262.471856941406,9.2
Triplaris americana,Magnoliopsida,LC,961059.1930122994,84.03,156564.4596469408,16.29,275259.6963745008,28.64
Triplaris cumingiana,Magnoliopsida,LC,132709.94085347123,11.6,18518.188496430877,13.95,46160.66435210916,34.78
Triplaris weigeltiana,Magnoliopsida,LC,519957.3960851304,45.46,116208.33749913868,22.35,178153.081838146,34.26
Triumfetta althaeoides,Magnoliopsida,NA,267009.73151520925,23.35,50871.21282400391,19.05,61760.97904572754,23.13
Triumfetta bogotensis,Magnoliopsida,LC,244638.52166192653,21.39,44398.69669692755,18.15,73263.09584652002,29.95
Triumfetta grandiflora,Magnoliopsida,LC,316615.63454271987,27.68,51960.03335300072,16.41,93424.78194532813,29.51
Triumfetta lappula,Magnoliopsida,LC,867253.2882437652,75.83,145309.41521303722,16.76,273718.9477243922,31.56
Triumfetta mollissima,Magnoliopsida,NA,759578.3326209786,66.41,148607.36917647315,19.56,239145.9352181716,31.48
Triumfetta semitriloba,Magnoliopsida,LC,365726.0232523023,31.98,64826.241015881424,17.73,121056.23913251722,33.1
Trixis divaricata,Magnoliopsida,NA,750301.2514571664,65.6,135657.82686642744,18.08,254705.7572490377,33.95
Trixis inula,Magnoliopsida,LC,247883.7650399465,21.67,29374.964850735152,11.85,75338.57384788374,30.39
Tropaeolum adpressum,Magnoliopsida,NA,191533.11588819683,16.75,42533.09761564972,22.21,64052.99117488403,33.44
Tropaeolum deckerianum,Magnoliopsida,NA,207012.89668839905,18.1,44009.269565980285,21.26,67337.69865502417,32.53
Tropaeolum emarginatum,Magnoliopsida,NA,0,0,0,NA,0,NA
Tropaeolum majus,Magnoliopsida,NA,139294.32729375,12.18,30799.02636754144,22.11,46701.63735464734,33.53
Tropaeolum pubescens,Magnoliopsida,NA,140622.9702792554,12.3,36210.613437638,25.75,50212.05134957373,35.71
Tropaeolum tuberosum,Magnoliopsida,NA,79432.70664954543,6.95,21456.312950598327,27.01,29765.277492043824,37.47
Trophis racemosa,Magnoliopsida,LC,815605.7932195931,71.31,143399.88850586707,17.58,248918.21007063708,30.52
Trymatococcus amazonicus,Magnoliopsida,LC,465948.31858298223,40.74,108235.3381236748,23.23,164295.74400294237,35.26
Turnera acuta,Magnoliopsida,NA,326087.9181196455,28.51,47792.55928725,14.66,64166.970166960935,19.68
Turnera lineata,Magnoliopsida,NA,506069.7455255064,44.25,74951.9735078047,14.81,143742.37526284257,28.4
Turnera scabra,Magnoliopsida,NA,461956.80115823,40.39,60693.873824933806,13.14,118906.58147924196,25.74
Turnera subulata,Magnoliopsida,NA,630905.9282618843,55.16,123531.5320994386,19.58,227236.07721274783,36.02
Turnera ulmifolia,Magnoliopsida,LC,372893.76191991486,32.6,58438.02249790199,15.67,124110.24190857096,33.28
Tynanthus panurensis,Magnoliopsida,NA,420299.225440533,36.75,105873.4338183972,25.19,160373.895371333,38.16
Tynanthus polyanthus,Magnoliopsida,NA,352797.7922413964,30.85,76505.7648767373,21.69,124391.81803237792,35.26
Ugni myricoides,Magnoliopsida,LC,107625.79807592423,9.41,32008.1826187171,29.74,42301.05754194287,39.3
Ulex europaeus,Magnoliopsida,LC,203630.8963636677,17.8,43788.167699909,21.5,66187.31988360621,32.5
Ullucus tuberosus,Magnoliopsida,NA,20364.210537789833,1.78,2531.3732126721193,12.43,6890.728396586182,33.84
Uncaria guianensis,Magnoliopsida,NA,863390.0469961786,75.49,140486.71435543054,16.27,234469.7930202184,27.16
Uncaria tomentosa,Magnoliopsida,NA,824362.3770644722,72.08,138928.15992841485,16.85,225009.08730112793,27.29
Unonopsis aviceps,Magnoliopsida,LC,43145.12947305071,3.77,6345.044711400635,14.71,12457.629052286133,28.87
Unonopsis elegantissima,Magnoliopsida,LC,334097.2595808614,29.21,88492.28887887402,26.49,119529.32019118652,35.78
Unonopsis floribunda,Magnoliopsida,LC,494784.44485528825,43.26,110530.62060640966,22.34,163961.58858950928,33.14
Unonopsis guatterioides,Magnoliopsida,LC,320550.74956468906,28.03,85313.84901889063,26.61,123604.68600114062,38.56
Unonopsis pacifica,Magnoliopsida,LC,137865.06650272987,12.05,16770.028579048827,12.16,33183.07157338086,24.07
Unonopsis spectabilis,Magnoliopsida,LC,580493.0106369052,50.76,119474.91625437143,20.58,184780.06623149896,31.83
Unonopsis stipitata,Magnoliopsida,LC,467569.8396745653,40.88,98264.25381010109,21.02,144672.4993126665,30.94
Unonopsis veneficiorum,Magnoliopsida,LC,216133.98608501247,18.9,46750.57673857129,21.63,61344.17721512598,28.38
Unxia camphorata,Magnoliopsida,NA,622746.0066845751,54.45,112685.9487095586,18.1,184145.1455402871,29.57
Urena lobata,Magnoliopsida,LC,1060193.3467239602,92.7,188538.55945477865,17.78,315257.7242108937,29.74
Urera baccifera,Magnoliopsida,LC,722279.6589414398,63.15,141988.2698605213,19.66,222863.00874044295,30.86
Urera caracasana,Magnoliopsida,LC,895441.8160403271,78.29,173188.86274595608,19.34,262382.7425397462,29.3
Urera laciniata,Magnoliopsida,LC,354785.26951670647,31.02,70780.06079004468,19.95,112695.52000330748,31.76
Urera simplex,Magnoliopsida,LC,866900.9010984147,75.8,164847.72192603687,19.02,253585.9966533389,29.25
Urera verrucosa,Magnoliopsida,LC,615404.2567399932,53.81,119230.94941216016,19.37,174548.99540407545,28.36
Urtica echinata,Magnoliopsida,NA,2491.3905857363407,0.22,345.63848322314453,13.87,1317.1747271606446,52.87
Urtica leptophylla,Magnoliopsida,NA,103623.11119199124,9.06,28018.910729277613,27.04,37029.86437686075,35.74
Urtica urens,Magnoliopsida,NA,36064.469217392456,3.15,6958.24854012793,19.29,11508.621601446534,31.91
Urvillea ulmacea,Magnoliopsida,NA,549072.2450988995,48.01,66136.02849435677,12.05,148314.6521297555,27.01
Utricularia alpina,Magnoliopsida,LC,293452.7277744851,25.66,61943.29562593683,21.11,93521.40831202077,31.87
Utricularia amethystina,Magnoliopsida,LC,837587.8271499368,73.24,119679.17258611464,14.29,190019.1311557057,22.69
Utricularia foliosa,Magnoliopsida,LC,608712.6193455918,53.22,90212.78651951806,14.82,164293.71219858056,26.99
Utricularia gibba,Magnoliopsida,LC,662836.0446496897,57.96,102841.93171463945,15.52,202707.9129038776,30.58
Utricularia hispida,Magnoliopsida,LC,335484.98022971477,29.33,44558.85439734375,13.28,67524.96189709374,20.13
Utricularia jamesoniana,Magnoliopsida,LC,324594.73577728914,28.38,56477.59489534085,17.4,88503.58826723565,27.27
Utricularia neottioides,Magnoliopsida,LC,502986.4040248304,43.98,87134.9849007041,17.32,151331.69474513867,30.09
Utricularia pubescens,Magnoliopsida,LC,416972.68917627033,36.46,71570.99949548011,17.16,121502.52653777137,29.14
Utricularia pusilla,Magnoliopsida,LC,941992.3596497872,82.36,175533.6813156565,18.63,273402.1076042319,29.02
Utricularia simulans,Magnoliopsida,NA,234180.13941575392,20.48,12512.94766590625,5.34,25245.98469853125,10.78
Utricularia subulata,Magnoliopsida,LC,884229.6972985005,77.31,134745.85541162555,15.24,232182.22728548804,26.26
Utricularia triloba,Magnoliopsida,NA,767435.199387898,67.1,146725.7809742182,19.12,236001.34021485265,30.75
Utricularia unifolia,Magnoliopsida,LC,192794.53392267396,16.86,42442.24832906036,22.01,65130.9159080564,33.78
Vaccinium corymbodendron,Magnoliopsida,NA,88226.90137511794,7.71,26884.201201702326,30.47,35780.47111802209,40.56
Vaccinium floribundum,Magnoliopsida,LC,92183.15302083436,8.06,30089.62035839807,32.64,38934.54796090552,42.24
Vaccinium meridionale,Magnoliopsida,LC,54367.83632083158,4.75,16990.895595880313,31.25,20217.1840800846,37.19
Vachellia farnesiana,Magnoliopsida,LC,345989.44548062707,30.25,49142.58534692319,14.2,109506.3560464212,31.65
Vachellia macracantha,Magnoliopsida,LC,77089.26496953044,6.74,7095.595528215302,9.2,15985.238314169465,20.74
Valeriana bracteata,Magnoliopsida,NA,22638.375140577333,1.98,8754.852195289062,38.67,11126.297784541017,49.15
Valeriana chaerophylloides,Magnoliopsida,NA,210496.9511829865,18.41,47893.20811349731,22.75,72054.36740791259,34.23
Valeriana clematitis,Magnoliopsida,NA,128580.1520974006,11.24,35660.40739339517,27.73,47702.4137669545,37.1
Valeriana crassifolia,Magnoliopsida,NA,119193.4339957309,10.42,32388.404351048157,27.17,44650.06180615503,37.46
Valeriana decussata,Magnoliopsida,NA,5116.084309822411,0.45,844.4326725578613,16.51,2403.6648004953613,46.98
Valeriana microphylla,Magnoliopsida,NA,14631.648850430882,1.28,5026.327421170166,34.35,6579.128588335205,44.97
Valeriana pilosa,Magnoliopsida,NA,54891.23421830037,4.8,17892.616293960327,32.6,23089.575314802612,42.06
Valeriana rigida,Magnoliopsida,NA,12002.40919600516,1.05,3550.8359960966795,29.58,4328.75525715625,36.07
Valeriana scandens,Magnoliopsida,NA,192989.27726277185,16.87,43457.750771179446,22.52,65792.20650595313,34.09
Valeriana urticifolia,Magnoliopsida,NA,9694.081838962427,0.85,100.55171049951171,1.04,2163.1507889086915,22.31
Vallea stipularis,Magnoliopsida,LC,94480.50858570474,8.26,29071.21455705573,30.77,37584.26603387134,39.78
Vallesia glabra,Magnoliopsida,LC,20961.2276218839,1.83,1967.0011826741943,9.38,5409.175287456207,25.81
Vandellia diffusa,Magnoliopsida,LC,993052.169907577,86.83,172293.7560887791,17.35,278908.5688401324,28.09
Vantanea parviflora,Magnoliopsida,LC,332284.3959002856,29.05,99787.4438806836,30.03,137444.2271498164,41.36
Varronia acuta,Magnoliopsida,EN,164215.9519077196,14.36,43957.416057237395,26.77,61711.75611410989,37.58
Varronia curassavica,Magnoliopsida,NA,685517.1576906805,59.94,114213.9917466216,16.66,211747.32130375612,30.89
Varronia cylindrostachya,Magnoliopsida,NA,273151.3103984967,23.88,56425.578542878386,20.66,88338.35731542911,32.34
Varronia dichotoma,Magnoliopsida,NA,822518.4977503706,71.92,138631.81157873626,16.85,260901.28494192057,31.72
Varronia linnaei,Magnoliopsida,NA,235154.38948488788,20.56,34288.64136482789,14.58,69543.12173104967,29.57
Varronia macrocephala,Magnoliopsida,NA,964.5939768868648,0.08,58.47337503125,6.06,86.15742503125,8.93
Varronia polycephala,Magnoliopsida,LC,616856.4476186351,53.94,109858.53933252954,17.81,212420.7851296566,34.44
Varronia spinescens,Magnoliopsida,LC,809759.7412465133,70.8,145350.90836796357,17.95,212649.8378403053,26.26
Vasconcellea cauliflora,Magnoliopsida,NA,372292.0550930254,32.55,53111.5837150063,14.27,118104.97295987532,31.72
Vasconcellea goudotiana,Magnoliopsida,NA,392993.1245149478,34.36,63608.08396422223,16.19,121499.30287677296,30.92
Vasconcellea microcarpa,Magnoliopsida,LC,844998.8065557255,73.88,172522.75299027874,20.42,281875.4481912622,33.36
Vasconcellea pubescens,Magnoliopsida,NA,177084.377816929,15.48,41400.09185021447,23.38,62075.345418676814,35.05
Vatairea erythrocarpa,Magnoliopsida,LC,360091.36130325164,31.48,96986.6276723916,26.93,137400.28650812834,38.16
Vatairea guianensis,Magnoliopsida,LC,342602.38127551647,29.96,73033.98859491895,21.32,101282.78332598144,29.56
Verbena litoralis,Magnoliopsida,NA,291085.9780060367,25.45,59879.66916430993,20.57,95212.6510809596,32.71
Verbesina arborea,Magnoliopsida,LC,111725.07058886068,9.77,32090.77663627136,28.72,42567.87936195343,38.1
Verbesina nudipes,Magnoliopsida,LC,115500.6590479206,10.1,28383.295865473443,24.57,41111.5625015769,35.59
Verbesina turbacensis,Magnoliopsida,LC,223369.05777950308,19.53,26376.630885054565,11.81,42519.69278483411,19.04
Vernonanthura brasiliana,Magnoliopsida,NA,753852.1617205758,65.91,114661.8149386719,15.21,233113.4317044588,30.92
Vernonanthura patens,Magnoliopsida,LC,1039247.20917724,90.87,180398.7025330043,17.36,297729.6302491674,28.65
Veronica arvensis,Magnoliopsida,NA,139869.00260181507,12.23,37448.21322166945,26.77,51748.500020628024,37
Veronica persica,Magnoliopsida,NA,73222.40410521795,6.4,19492.902736630986,26.62,27082.447476101624,36.99
Veronica serpyllifolia,Magnoliopsida,LC,100243.57047605568,8.76,31927.667526059504,31.85,41322.962835924125,41.22
Viburnum hallii,Magnoliopsida,LC,124819.22588634944,10.91,32210.934458011532,25.81,44852.12450800195,35.93
Viburnum pichinchense,Magnoliopsida,LC,40744.10693161776,3.56,11481.511030180054,28.18,16439.006430133973,40.35
Viburnum tinoides,Magnoliopsida,LC,195961.48446076075,17.13,47003.4196396402,23.99,66738.85587706786,34.06
Viburnum toronis,Magnoliopsida,LC,163112.74771761414,14.26,33534.004124887324,20.56,53791.72115108355,32.98
Viburnum triphyllum,Magnoliopsida,LC,56981.34723975325,4.98,15389.337653773864,27.01,21235.46017191907,37.27
Viburnum undulatum,Magnoliopsida,LC,43769.1892103583,3.83,13916.618501064266,31.8,17215.286639775022,39.33
Vicia andicola,Magnoliopsida,NA,66918.77502982641,5.85,20592.39152517932,30.77,26218.952281023743,39.18
Vicia faba,Magnoliopsida,NA,142295.12492001688,12.44,37285.85951732771,26.2,51581.65514217143,36.25
Vigna lasiocarpa,Magnoliopsida,NA,695528.5936811756,60.81,110764.48052676172,15.93,215269.3597478291,30.95
Vigna luteola,Magnoliopsida,LC,896612.936129023,78.4,173358.76666283113,19.33,275142.1633869513,30.69
Vigna vexillata,Magnoliopsida,NA,1029452.1690609824,90.01,186881.47543959337,18.15,319304.69721806777,31.02
Villanova oppositifolia,Magnoliopsida,NA,36788.057563480754,3.22,9808.979090968262,26.66,13115.053654726562,35.65
Vinca major,Magnoliopsida,NA,172989.03149972693,15.13,40876.7059672508,23.63,59048.00065388922,34.13
Viola arguta,Magnoliopsida,NA,9004.705809587816,0.79,749.1917378662109,8.32,2179.039987604492,24.2
Viola dombeyana,Magnoliopsida,NA,43576.78921363306,3.81,11690.853899128968,26.83,17352.094084812255,39.82
Viola odorata,Magnoliopsida,NA,199799.08581121327,17.47,42909.022093136045,21.48,64807.055922017826,32.44
Viola scandens,Magnoliopsida,NA,98613.2201745175,8.62,25908.473556633115,26.27,36694.94172125488,37.21
Viola stipularis,Magnoliopsida,NA,165822.48442285418,14.5,39832.585006458365,24.02,59333.37068361773,35.78
Virola calophylla,Magnoliopsida,LC,541782.7020472621,47.37,108327.88314573633,19.99,164343.81285543067,30.33
Virola calophylloidea,Magnoliopsida,NA,99525.02614960691,8.7,28998.136128,29.14,30136.045664,30.28
Virola carinata,Magnoliopsida,LC,932149.853101844,81.5,158721.7716269351,17.03,270298.927171228,29
Virola decorticans,Magnoliopsida,LC,347016.2599105265,30.34,98579.04012267527,28.41,144882.29156366113,41.75
Virola divergens,Magnoliopsida,NA,199149.4977859399,17.41,43163.52579921973,21.67,53879.59410269629,27.05
Virola dixonii,Magnoliopsida,LC,92589.55661537698,8.1,10961.341393333983,11.84,18861.93323033789,20.37
Virola duckei,Magnoliopsida,LC,392825.3038088567,34.35,95407.57558654908,24.29,147260.0445872202,37.49
Virola elongata,Magnoliopsida,LC,844941.5147937423,73.88,145050.99162140943,17.17,231369.59513921023,27.38
Virola flexuosa,Magnoliopsida,LC,744990.8510589261,65.14,137181.29411671156,18.41,213903.4581344465,28.71
Virola loretensis,Magnoliopsida,LC,356920.72127477237,31.21,88148.824622516,24.7,125755.37874791442,35.23
Virola macrocarpa,Magnoliopsida,LC,258498.01754183497,22.6,45751.54208545019,17.7,72213.94521132171,27.94
Virola mollissima,Magnoliopsida,LC,433450.0914716642,37.9,99558.52070703222,22.97,138735.78597743847,32.01
Virola multinervia,Magnoliopsida,LC,464120.66848319146,40.58,116209.3985963139,25.04,178208.78155352228,38.4
Virola obovata,Magnoliopsida,LC,413783.0206972096,36.18,95479.62597997558,23.07,137234.11392869666,33.17
Virola pavonis,Magnoliopsida,LC,412936.07710564847,36.11,90921.67728956592,22.02,131699.44728074266,31.89
Virola peruviana,Magnoliopsida,LC,522493.36719306983,45.68,112620.36174833147,21.55,171820.73843996855,32.88
Virola sebifera,Magnoliopsida,LC,887696.1524685641,77.62,154497.48620551027,17.4,242904.49290898745,27.36
Virola surinamensis,Magnoliopsida,LC,864922.4726019992,75.63,137918.8900266182,15.95,241028.62558716268,27.87
Virola theiodora,Magnoliopsida,LC,274524.40695716947,24,55637.976461344726,20.27,71691.53016214941,26.11
Vismia billbergiana,Magnoliopsida,LC,146993.34740786115,12.85,22379.82131375212,15.23,32737.196104293685,22.27
Vismia cayennensis,Magnoliopsida,LC,892832.9237343759,78.07,149922.5769984005,16.79,256281.5442074892,28.7
Vismia ferruginea,Magnoliopsida,NA,903562.2015894582,79,170148.14523670965,18.83,264422.47758927516,29.26
Vismia floribunda,Magnoliopsida,LC,372369.0177016315,32.56,84010.65984271876,22.56,130367.02904249256,35.01
Vismia gracilis,Magnoliopsida,LC,621047.129249937,54.3,116980.69328791065,18.84,180146.5780351367,29.01
Vismia guianensis,Magnoliopsida,LC,968386.0719121986,84.67,160916.48357508986,16.62,290726.63579912356,30.02
Vismia japurensis,Magnoliopsida,LC,636880.2463639916,55.69,115936.63341051564,18.2,177988.84156705372,27.95
Vismia laevis,Magnoliopsida,LC,195587.43176289916,17.1,31397.354385197326,16.05,50571.302972102814,25.86
Vismia lauriformis,Magnoliopsida,LC,376791.1517929303,32.95,64846.894144786434,17.21,109171.15319466578,28.97
Vismia macrophylla,Magnoliopsida,LC,891889.9957916451,77.98,151333.71059448938,16.97,245527.71246545741,27.53
Vismia mandurr,Magnoliopsida,LC,330503.11030047975,28.9,59551.193166811434,18.02,90162.74646546958,27.28
Vismia minutiflora,Magnoliopsida,LC,410128.577081721,35.86,91529.23932239087,22.32,141407.57682913868,34.48
Vismia sandwithii,Magnoliopsida,LC,66263.09768508363,5.79,15232.446848,22.99,16708.128608,25.21
Vismia sprucei,Magnoliopsida,LC,518526.6877752308,45.34,102251.5427460517,19.72,158044.66756772753,30.48
Vismia tenuinervia,Magnoliopsida,LC,657338.1276551379,57.48,121768.69870255078,18.52,188460.57253820996,28.67
Vitex capitata,Magnoliopsida,LC,249965.7404028024,21.86,18146.26674719226,7.26,51298.05469424744,20.52
Vitex compressa,Magnoliopsida,LC,284815.465860947,24.9,28445.05062629749,9.99,77739.33635755528,27.29
Vitex cymosa,Magnoliopsida,LC,876507.3364367752,76.64,143721.18006307542,16.4,256460.200495084,29.26
Vitex klugii,Magnoliopsida,LC,597618.3941434259,52.25,113371.2184560091,18.97,175171.32502687725,29.31
Vitex orinocensis,Magnoliopsida,LC,947577.5588292552,82.85,161512.5659144173,17.04,276358.19464983995,29.16
Vitex triflora,Magnoliopsida,LC,524697.4930860855,45.88,108388.13681935548,20.66,167604.9965641206,31.94
Vitis tiliifolia,Magnoliopsida,NA,419923.74753722973,36.72,68160.71122406305,16.23,123759.53552897953,29.47
Vochysia braceliniae,Magnoliopsida,LC,580365.4436625295,50.74,124728.69286190186,21.49,193442.63199759528,33.33
Vochysia ferruginea,Magnoliopsida,LC,1038801.7566370374,90.83,178558.09660948982,17.19,304214.43377599865,29.29
Vochysia grandis,Magnoliopsida,NA,315974.07321044983,27.63,70827.00101206616,22.42,97760.10847944116,30.94
Vochysia lehmannii,Magnoliopsida,LC,529849.8734657937,46.33,76444.28876029467,14.43,147782.387000643,27.89
Vochysia lomatophylla,Magnoliopsida,LC,291260.4027580796,25.47,71913.87766268066,24.69,98826.2940986494,33.93
Vochysia obscura,Magnoliopsida,LC,647637.6510785589,56.63,119674.59689385156,18.48,185488.03820989357,28.64
Vochysia splendens,Magnoliopsida,NA,406933.5149178938,35.58,97625.03364610935,23.99,139679.6622221094,34.32
Vochysia venezuelana,Magnoliopsida,LC,188294.20012268663,16.46,14344.212908164063,7.62,28922.424918085937,15.36
Vochysia vismiifolia,Magnoliopsida,LC,631143.3319823442,55.18,108886.65147104296,17.25,162795.5443934414,25.79
Voyria aphylla,Magnoliopsida,NA,957256.8103161148,83.7,171960.9971494192,17.96,274013.31893022486,28.62
Voyria flavescens,Magnoliopsida,NA,610253.4361905446,53.36,137620.57177582086,22.55,209679.89631924604,34.36
Voyria spruceana,Magnoliopsida,NA,417254.777589208,36.48,92918.6239662041,22.27,132927.8213407002,31.86
Voyria tenella,Magnoliopsida,NA,979936.0295756932,85.68,166610.92074656885,17,284433.23894805444,29.03
Voyria truncata,Magnoliopsida,NA,101828.05705720584,8.9,15219.77133380664,14.95,34732.786422097415,34.11
Wallacea insignis,Magnoliopsida,LC,448412.7919185538,39.21,94218.80919451122,21.01,136710.51374372558,30.49
Waltheria glomerata,Magnoliopsida,NA,319415.9811320459,27.93,41659.75519593555,13.04,65204.13160416699,20.41
Waltheria indica,Magnoliopsida,LC,746300.6100565504,65.25,116651.01548388136,15.63,226723.49080532312,30.38
Waltheria involucrata,Magnoliopsida,NA,168518.62806427447,14.73,12260.360500570312,7.28,25113.419579078123,14.9
Warszewiczia coccinea,Magnoliopsida,LC,1022272.415630334,89.38,173563.3988243819,16.98,290582.3522528811,28.43
Warszewiczia cordata,Magnoliopsida,LC,283953.87968699815,24.83,31633.39939095433,11.14,68101.74802788551,23.98
Warszewiczia schwackei,Magnoliopsida,LC,386831.6820720029,33.82,92297.48901879688,23.86,133595.25217010936,34.54
Wedelia calycina,Magnoliopsida,NA,686174.0151136421,60,115423.73830544438,16.82,213158.59657100012,31.06
Weinmannia auriculata,Magnoliopsida,LC,68380.21707757926,5.98,19944.145287107815,29.17,25471.36237707849,37.25
Weinmannia cochensis,Magnoliopsida,LC,116102.05276682702,10.15,28813.12264328497,24.82,42646.00527279419,36.73
Weinmannia elliptica,Magnoliopsida,LC,161472.77192710715,14.12,39513.529154305485,24.47,57841.93974659766,35.82
Weinmannia fagaroides,Magnoliopsida,LC,156683.86747388172,13.7,43068.34592142934,27.49,60147.91431389305,38.39
Weinmannia latifolia,Magnoliopsida,LC,157084.62654895874,13.73,36733.05317601445,23.38,53564.68033647194,34.1
Weinmannia macrophylla,Magnoliopsida,LC,40007.78568390094,3.5,12206.721284606445,30.51,15277.713425067384,38.19
Weinmannia mariquitae,Magnoliopsida,LC,43617.37155905789,3.81,15454.4218158338,35.43,19845.19855318213,45.5
Weinmannia multijuga,Magnoliopsida,LC,347137.3046391957,30.35,67199.61243969366,19.36,103097.03128490064,29.7
Weinmannia ovata,Magnoliopsida,LC,7733.262512082251,0.68,1576.5112248391113,20.39,3254.791914231201,42.09
Weinmannia pinnata,Magnoliopsida,LC,198382.95003229435,17.35,50414.49100954779,25.41,71728.08881063489,36.16
Weinmannia polyphylla,Magnoliopsida,LC,4332.0022043904755,0.38,126.44217433691406,2.92,1012.557406336914,23.37
Weinmannia pubescens,Magnoliopsida,LC,125075.1413171398,10.94,29433.25858972397,23.53,42929.176456532376,34.32
Weinmannia reticulata,Magnoliopsida,LC,106654.88366464929,9.33,28934.0267631177,27.13,39720.92019056137,37.24
Weinmannia rollottii,Magnoliopsida,LC,70209.47863333765,6.14,24160.759371686647,34.41,31325.07970479132,44.62
Weinmannia sorbifolia,Magnoliopsida,LC,146488.35827070265,12.81,35094.39440148253,23.96,52489.459598556445,35.83
Weinmannia tomentosa,Magnoliopsida,LC,30738.74637718835,2.69,7925.459860553467,25.78,10078.733684040038,32.79
Wercklea ferox,Magnoliopsida,LC,262700.2996339489,22.97,54696.39343841283,20.82,83751.7957967704,31.88
Werneria pumila,Magnoliopsida,LC,2086.2693979315723,0.18,227.121592,10.89,1052.118904,50.43
Werneria pygmaea,Magnoliopsida,NA,36948.88976219145,3.23,15415.420686274889,41.72,18194.159347343277,49.24
Wigandia urens,Magnoliopsida,LC,349354.91184662987,30.55,56809.45032406738,16.26,111767.00468779993,31.99
Wissadula excelsior,Magnoliopsida,NA,847511.6653227088,74.1,141237.28312071672,16.66,234256.74321390715,27.64
Witheringia asterotricha,Magnoliopsida,NA,212.4298282896895,0.02,159.727174,75.19,176.110209,82.9
Witheringia coccoloboides,Magnoliopsida,LC,146250.1148418217,12.79,29857.306120854828,20.42,40531.2896398204,27.71
Witheringia hunzikeri,Magnoliopsida,NA,409.6720124835936,0.04,267.32528,65.25,267.32528,65.25
Witheringia solanacea,Magnoliopsida,LC,619484.1121297198,54.17,128060.22574347469,20.67,190545.84333934425,30.76
Wittmackanthus stanleyanus,Magnoliopsida,LC,458957.4229500759,40.13,67918.64247484757,14.8,137768.63126438175,30.02
Xenophyllum crassum,Magnoliopsida,NA,34210.42843914223,2.99,10825.055777328858,31.64,13930.412490433044,40.72
Xenophyllum humile,Magnoliopsida,LC,8005.325226343833,0.7,2749.2778046221315,34.34,4568.969644128601,57.07
Xylophragma pratense,Magnoliopsida,NA,273099.18058227975,23.88,74709.3708204668,27.36,112980.68121293555,41.37
Xylophragma seemanniana,Magnoliopsida,NA,452852.4568406361,39.6,65238.07025833652,14.41,125085.51404063364,27.62
Xylopia amazonica,Magnoliopsida,LC,787297.7652773268,68.84,134953.89689522606,17.14,236416.95768365185,30.03
Xylopia aromatica,Magnoliopsida,LC,768507.2524445696,67.2,121649.2687378207,15.83,235125.38649433275,30.6
Xylopia benthamii,Magnoliopsida,LC,464438.09250108263,40.61,96669.4185652229,20.81,149729.13252126612,32.24
Xylopia calophylla,Magnoliopsida,LC,530264.6386089859,46.36,108418.90107556136,20.45,168907.76045526587,31.85
Xylopia cuspidata,Magnoliopsida,LC,345187.0478768621,30.18,95730.98143015624,27.73,134624.760498125,39
Xylopia discreta,Magnoliopsida,LC,437207.5361305449,38.23,43485.704607146,9.95,89031.23410932715,20.36
Xylopia emarginata,Magnoliopsida,LC,716797.2573803175,62.67,126584.46148124928,17.66,206564.46430122192,28.82
Xylopia excellens,Magnoliopsida,LC,180643.35774830577,15.79,49736.565664,27.53,69403.97725875,38.42
Xylopia frutescens,Magnoliopsida,LC,828961.3435246602,72.48,127863.06455633751,15.42,248844.4246834833,30.02
Xylopia ligustrifolia,Magnoliopsida,LC,420515.9346034917,36.77,88356.47093238244,21.01,137863.87516762587,32.78
Xylopia micans,Magnoliopsida,LC,455682.7670850895,39.84,103325.9873950244,22.67,146780.65269639943,32.21
Xylopia multiflora,Magnoliopsida,LC,282319.96827945206,24.68,88353.42650278125,31.3,123690.55563815623,43.81
Xylopia nitida,Magnoliopsida,LC,449496.6621543768,39.3,102260.94483026463,22.75,145432.11760340526,32.35
Xylopia polyantha,Magnoliopsida,LC,683128.678586296,59.73,106228.25022535773,15.55,196638.37931299783,28.78
Xylopia sericea,Magnoliopsida,LC,897878.7684800134,78.51,149103.60499708314,16.61,253470.8658319187,28.23
Xylopia spruceana,Magnoliopsida,LC,379372.7915074273,33.17,85470.23311807812,22.53,120145.62369407812,31.67
Xylosma benthamii,Magnoliopsida,LC,624533.2254725249,54.61,146393.4131155506,23.44,232775.0831076609,37.27
Xylosma tessmannii,Magnoliopsida,LC,698317.0899029939,61.06,139403.30558565754,19.96,231598.67235185544,33.17
Youngia japonica,Magnoliopsida,NA,349156.90095986734,30.53,54842.95719165203,15.71,108238.56515998834,31
Zanthoxylum acuminatum,Magnoliopsida,LC,816957.5347160099,71.43,142760.35853869445,17.47,265082.843074173,32.45
Zanthoxylum caribaeum,Magnoliopsida,LC,450129.8175631402,39.36,74620.40957653741,16.58,161515.78866330968,35.88
Zanthoxylum compactum,Magnoliopsida,LC,308579.5297081848,26.98,89348.39560173242,28.95,138760.67664104493,44.97
Zanthoxylum eliasii,Magnoliopsida,NA,529591.5619243127,46.31,100726.96114852357,19.02,156055.9646416969,29.47
Zanthoxylum fagara,Magnoliopsida,LC,347814.4772539264,30.41,47740.70272421979,13.73,108347.62716210424,31.15
Zanthoxylum lenticulare,Magnoliopsida,LC,141916.29560603778,12.41,18171.11411722235,12.8,37422.691377162475,26.37
Zanthoxylum martinicense,Magnoliopsida,LC,759307.0044037501,66.39,141520.4869667259,18.64,234774.0396383645,30.92
Zanthoxylum melanostictum,Magnoliopsida,LC,133945.34428939427,11.71,27662.202032852416,20.65,44444.67932800751,33.18
Zanthoxylum quinduense,Magnoliopsida,NA,147987.8987646152,12.94,34065.878947036195,23.02,49480.18135159912,33.44
Zanthoxylum rhoifolium,Magnoliopsida,LC,870037.5709566479,76.07,144899.95600845804,16.65,272317.5839836978,31.3
Zanthoxylum riedelianum,Magnoliopsida,LC,594955.8259136342,52.02,109802.3131674956,18.46,168886.25914235247,28.39
Zanthoxylum rigidum,Magnoliopsida,LC,147855.8070036942,12.93,21108.117939407683,14.28,46375.92328803332,31.37
Zanthoxylum schreberi,Magnoliopsida,LC,281550.30825198494,24.62,39075.35942439818,13.88,89953.60513358586,31.95
Zanthoxylum setulosum,Magnoliopsida,LC,439086.32164918527,38.39,60192.53630886227,13.71,116515.1320616016,26.54
Zanthoxylum verrucosum,Magnoliopsida,NA,49517.929031373154,4.33,9652.163208269283,19.49,16295.07263411401,32.91
Zapoteca caracasana,Magnoliopsida,NA,97209.56405080104,8.5,14391.79488426146,14.8,26739.86839562422,27.51
Zapoteca formosa,Magnoliopsida,LC,108699.2140923505,9.5,9604.761324301971,8.84,39872.36863483572,36.68
Zapoteca tetragona,Magnoliopsida,LC,404851.3595875148,35.4,74153.73678308396,18.32,137813.4871734577,34.04
Zeltnera quitensis,Magnoliopsida,NA,35298.865155629006,3.09,8871.37701795758,25.13,13087.188578779786,37.08
Zinnia peruviana,Magnoliopsida,NA,376956.4580413696,32.96,45609.5703815148,12.1,105948.13445772622,28.11
Zornia diphylla,Magnoliopsida,NA,655827.2313250521,57.34,101886.62865323808,15.54,193329.1195235642,29.48
Zornia latifolia,Magnoliopsida,NA,816001.5578379382,71.35,134235.12927898022,16.45,246985.68763165723,30.27
Zornia reticulata,Magnoliopsida,NA,887002.3100462955,77.56,151830.8250514669,17.12,275971.8514779072,31.11
Zygia basijuga,Magnoliopsida,NA,616621.1450735887,53.91,115367.35113348876,18.71,173295.93280838165,28.1
Zygia cataractae,Magnoliopsida,LC,748034.247919765,65.41,126172.32268877978,16.87,222144.78789936024,29.7
Zygia claviflora,Magnoliopsida,LC,396428.439902911,34.66,55325.124669031495,13.96,90588.95321470263,22.85
Zygia coccinea,Magnoliopsida,LC,300950.34873115725,26.31,42276.15785193036,14.05,60615.60726290601,20.14
Zygia inaequalis,Magnoliopsida,LC,857270.0992795667,74.96,136442.73958462974,15.92,238533.03424993152,27.82
Zygia juruana,Magnoliopsida,LC,297843.7891183459,26.04,76636.11879818847,25.73,109723.81243816894,36.84
Zygia latifolia,Magnoliopsida,LC,900341.4485285204,78.72,144867.832704265,16.09,252743.15733727592,28.07
Zygia longifolia,Magnoliopsida,LC,885597.4749426061,77.43,155235.77603586632,17.53,261492.49774057145,29.53
Zygia racemosa,Magnoliopsida,LC,476042.7424829383,41.62,107103.8194147627,22.5,150502.68395372364,31.62
Zygia unifoliolata,Magnoliopsida,LC,457711.08454919024,40.02,68587.11184032031,14.98,102240.02259060155,22.34
Craugastor crassidigitus,Amphibia,LC,0,0,0,NA,0,NA
Craugastor fitzingeri,Amphibia,LC,39108.4391949897,3.42,9665.778734685791,24.72,13051.053676421874,33.37
Craugastor longirostris,Amphibia,LC,176663.50097557547,15.45,24847.657150650142,14.06,46847.82548306372,26.52
Craugastor opimus,Amphibia,LC,176.8462757560422,0.02,148.307472,83.86,148.307472,83.86
Craugastor raniformis,Amphibia,LC,116474.15823379163,10.18,13640.23098932386,11.71,42103.53649471448,36.15
Diasporus vocator,Amphibia,LC,860.7956578621383,0.08,539.320448,62.65,704.91472,81.89
Eleutherodactylus johnstonei,Amphibia,LC,28720.073140191183,2.51,7035.41501403125,24.5,11178.887149570312,38.92
Noblella myrmecoides,Amphibia,LC,0,0,0,NA,0,NA
Oreobates quixensis,Amphibia,LC,144112.6911871282,12.6,23322.11676230444,16.18,25283.147570046633,17.54
Pristimantis achatinus,Amphibia,LC,28166.183036251543,2.46,3785.003404079529,13.44,5729.674886157043,20.34
Pristimantis affinis,Amphibia,EN,1129.0760221904302,0.1,868.02445028125,76.88,868.0244509414063,76.88
Pristimantis altamazonicus,Amphibia,LC,44088.257562715175,3.85,3008.8918681660157,6.82,3022.0066774160155,6.85
Pristimantis anolirex,Amphibia,VU,175.5760494994316,0.02,71.3268841796875,40.62,71.326884203125,40.62
Pristimantis bogotensis,Amphibia,LC,18058.50582185088,1.58,3989.9027823692472,22.09,3999.723271704971,22.15
Pristimantis carvalhoi,Amphibia,LC,26178.78663652741,2.29,2433.687808,9.3,2433.687808,9.3
Pristimantis conspicillatus,Amphibia,LC,15545.028537631157,1.36,631.1584639023438,4.06,631.1091811884766,4.06
Pristimantis cruentus,Amphibia,LC,731.8413943249456,0.06,482.21289421875,65.89,484.4895724375,66.2
Pristimantis curtipes,Amphibia,LC,400.0056533701251,0.03,0,0,12.709819,3.18
Pristimantis elegans,Amphibia,VU,4116.241550420883,0.36,2480.3747202861327,60.26,2570.609004272461,62.45
Pristimantis eriphus,Amphibia,VU,90.6051470224233,0.01,0,0,0,0
Pristimantis frater,Amphibia,LC,22825.395712759884,2,3019.0626289677734,13.23,3017.693118515625,13.22
Pristimantis gaigei,Amphibia,LC,78923.4897228338,6.9,12364.768526535643,15.67,27186.87644527149,34.45
Pristimantis labiosus,Amphibia,LC,0,0,0,NA,0,NA
Pristimantis lacrimosus,Amphibia,LC,440.1944634048522,0.04,0,0,6.830227,1.55
Pristimantis lanthanites,Amphibia,LC,12315.992210657538,1.08,1558.3823325583496,12.65,1585.3706325583496,12.87
Pristimantis latidiscus,Amphibia,LC,32155.670862014515,2.81,3247.144794415039,10.1,7452.872412821289,23.18
Pristimantis malkini,Amphibia,LC,10.257264770699612,0,0,0,0,0
Pristimantis martiae,Amphibia,LC,20.514507737466623,0,0,0,0,0
Pristimantis medemi,Amphibia,LC,13311.525364907862,1.16,1312.9294802346192,9.86,1313.9398845517578,9.87
Pristimantis miyatai,Amphibia,LC,34968.31685958086,3.06,4889.556220189941,13.98,5167.347166951172,14.78
Pristimantis palmeri,Amphibia,LC,688.3920073882244,0.06,298.0825043466797,43.3,435.00743234570314,63.19
Pristimantis peruvianus,Amphibia,LC,441.0492278711373,0.04,0,0,6.830227,1.55
Pristimantis petersi,Amphibia,NT,11116.837204143549,0.97,3167.488784307862,28.49,3683.3813251726074,33.13
Pristimantis racemus,Amphibia,VU,185.81650482399547,0.02,65.280558,35.13,76.940169,41.41
Pristimantis ridens,Amphibia,LC,8406.32654743205,0.74,989.4241791962892,11.77,1384.530523237793,16.47
Pristimantis savagei,Amphibia,NT,13425.137604249228,1.17,1955.5645273583984,14.57,1950.2669647714845,14.53
Pristimantis subsigillatus,Amphibia,LC,0,0,0,NA,0,NA
Pristimantis taeniatus,Amphibia,LC,37667.28178078169,3.29,7739.993979237488,20.55,11878.856381170532,31.54
Pristimantis uranobates,Amphibia,LC,1620.237365240216,0.14,583.454839609375,36.01,993.8663082304688,61.34
Pristimantis variabilis,Amphibia,LC,53173.54573192889,4.65,4275.58385580835,8.04,4293.72583730835,8.07
Strabomantis bufoniformis,Amphibia,EN,826.7972180472312,0.07,499.04692871875,60.36,502.1009616875,60.73
Strabomantis sulcatus,Amphibia,LC,27551.879654646506,2.41,2482.336572196289,9.01,2482.336572196289,9.01
Amazophrynella minuta,Amphibia,LC,139345.15508686018,12.18,29188.63201457129,20.95,29959.96455857129,21.5
Atelopus ignescens,Amphibia,CR,18959.340907966387,1.66,1189.1459785734862,6.27,4644.27386644458,24.5
Atelopus spumarius,Amphibia,EN,0,0,0,NA,0,NA
Osornophryne guacamayo,Amphibia,VU,503.4447642550454,0.04,0,0,6.863522,1.36
Osornophryne percrassa,Amphibia,VU,781.6132377235664,0.07,251.99900749023436,32.24,383.60523877734374,49.08
Rhaebo ecuadorensis,Amphibia,LC,0,0,0,NA,0,NA
Rhaebo guttatus,Amphibia,LC,142816.1644413038,12.49,42684.321824,29.89,53700.185568,37.6
Rhaebo haematiticus,Amphibia,LC,84119.4521107504,7.36,13766.123186100342,16.36,20204.199226171753,24.02
Rhinella alata,Amphibia,LC,217320.75280977628,19,25494.85163716928,11.73,43434.59424043271,19.99
Rhinella beebei,Amphibia,LC,17392.01549043257,1.52,486.00392676855466,2.79,554.0119998535156,3.19
Rhinella dapsilis,Amphibia,LC,90233.76372918786,7.89,15928.68565643335,17.65,15960.61312193335,17.69
Rhinella humboldti,Amphibia,LC,373534.246451028,32.66,30852.303993188965,8.26,88750.02167502588,23.76
Rhinella margaritifera,Amphibia,LC,733626.7432297211,64.15,158050.36131705335,21.54,238711.45173245104,32.54
Rhinella marina,Amphibia,LC,882622.6020955072,77.17,160583.39518085928,18.19,264119.7734024469,29.92
Centrolene buckleyi,Amphibia,CR,323.0907915481102,0.03,0,0,6.21437,1.92
Cochranella euknemos,Amphibia,LC,7306.863978286208,0.64,2249.910134873291,30.79,2239.518955161133,30.65
Cochranella granulosa,Amphibia,LC,0,0,0,NA,0,NA
Espadarana prosoblepon,Amphibia,LC,7396.4186402355635,0.65,620.5774565644531,8.39,1163.2248167216796,15.73
Nymphargus grandisonae,Amphibia,LC,37864.098260524384,3.31,7783.638783675476,20.56,11729.139214877749,30.98
Nymphargus siren,Amphibia,EN,38.46459906609971,0,0,0,0,0
Rulyrana flavopunctata,Amphibia,LC,95737.84173802848,8.37,12985.158137343506,13.56,20252.48346497827,21.15
Sachatamia albomaculata,Amphibia,LC,1202.1280810404064,0.11,590.94845511718745,49.16,590.9484550507813,49.16
Sachatamia ilex,Amphibia,LC,37605.51463056366,3.29,5586.496757683838,14.86,7472.780026136718,19.87
Teratohyla midas,Amphibia,LC,0,0,0,NA,0,NA
Teratohyla spinosa,Amphibia,LC,1339.2382779190054,0.12,70.669405,5.28,70.669405,5.28
Hyalinobatrachium colymbiphyllum,Amphibia,LC,8484.087767930581,0.74,1727.879456428955,20.37,1757.5133918671877,20.72
Hyalinobatrachium munozorum,Amphibia,LC,327912.7355433103,28.67,76390.71734119604,23.3,119635.13207289502,36.48
Ceratophrys cornuta,Amphibia,LC,0,0,0,NA,0,NA
Allobates femoralis,Amphibia,LC,253276.07549997885,22.15,72254.9160462666,28.53,102705.5217342666,40.55
Allobates insperatus,Amphibia,LC,294.0348713411312,0.03,0,0,0,0
Allobates paleovarzensis,Amphibia,LC,0,0,0,NA,0,NA
Allobates talamancae,Amphibia,LC,24614.384550155435,2.15,3671.30239278833,14.92,4571.86057625,18.57
Allobates trilineatus,Amphibia,LC,51872.22237727468,4.54,5226.309704,10.08,5670.343208,10.93
Rheobates palmatus,Amphibia,LC,83315.82813889394,7.28,11192.065930082395,13.43,22604.721322884277,27.13
Ameerega bilinguis,Amphibia,LC,5985.813170007466,0.52,34.147337696289064,0.57,34.147337696289064,0.57
Ameerega hahneli,Amphibia,LC,58908.9667206274,5.15,5283.614671790039,8.97,5727.648175790039,9.72
Ameerega picta,Amphibia,LC,58320.889109882584,5.1,5253.570241641602,9.01,5697.603745641602,9.77
Ameerega trivittata,Amphibia,LC,3396.504530915482,0.3,488.575456,14.38,932.60896,27.46
Colostethus inguinalis,Amphibia,LC,59205.432605492424,5.18,8116.772564901123,13.71,13797.547559624512,23.3
Colostethus panamansis,Amphibia,LC,792.9661412016359,0.07,479.77496328125,60.5,482.828996265625,60.89
Colostethus pratti,Amphibia,LC,702.4087755382117,0.06,476.629400875,67.86,480.907083125,68.47
Epipedobates boulengeri,Amphibia,LC,5289.9148846416665,0.46,117.48986625,2.22,394.92154625,7.47
Silverstoneia nubicola,Amphibia,VU,90277.1411495029,7.89,15747.27003273285,17.44,37218.49658989374,41.23
Andinobates bombetes,Amphibia,VU,5204.356914715621,0.46,144.13884984985353,2.77,957.3193930023804,18.39
Dendrobates auratus,Amphibia,LC,14.370979132591964,0,0,0,0,0
Dendrobates leucomelas,Amphibia,LC,12455.321457862012,1.09,253.36842075,2.03,8182.751269,65.7
Dendrobates truncatus,Amphibia,LC,118568.91677307343,10.37,13600.562600482031,11.47,43656.03782895341,36.82
Oophaga histrionica,Amphibia,CR,76165.76681397815,6.66,6009.9505505,7.89,8168.437427125,10.72
Oophaga sylvatica,Amphibia,NT,6222.346288684882,0.54,154.91471325,2.49,428.86431325,6.89
Ranitomeya variabilis,Amphibia,LC,106433.54811954784,9.31,17871.14090187866,16.79,18145.698030878662,17.05
Ranitomeya ventrimaculata,Amphibia,LC,0,0,0,NA,0,NA
Hyloxalus fuliginosus,Amphibia,EN,88.04083442416103,0.01,0,0,0,0
Hyloxalus pulchellus,Amphibia,NT,494.89772654378106,0.04,0,0,5.755686,1.16
Hyloxalus subpunctatus,Amphibia,LC,25999.98543643585,2.27,5478.2812319294435,21.07,5502.302069728027,21.16
Gastrotheca cornuta,Amphibia,CR,10655.502018286275,0.93,1966.4311431171875,18.45,2776.7985670507815,26.06
Hemiphractus fasciatus,Amphibia,VU,22.032145497359753,0,0,0,0,0
Hemiphractus johnsoni,Amphibia,EN,0,0,0,NA,0,NA
Hemiphractus scutatus,Amphibia,LC,0,0,0,NA,0,NA
Boana pellucens,Amphibia,LC,0,0,0,NA,0,NA
Dendropsophus bifurcus,Amphibia,LC,0,0,0,NA,0,NA
Dendropsophus bokermanni,Amphibia,LC,257669.24566338595,22.53,66399.8344219607,25.77,94306.78103426538,36.6
Dendropsophus brevifrons,Amphibia,LC,57554.61789424255,5.03,4752.220545446289,8.26,4762.171250446289,8.27
Dendropsophus columbianus,Amphibia,LC,10706.641329037582,0.94,588.4633759652099,5.5,1373.7890147789308,12.83
Dendropsophus ebraccatus,Amphibia,LC,340835.36250977055,29.8,42473.11367184881,12.46,91955.57333568655,26.98
Dendropsophus marmoratus,Amphibia,LC,289434.6166482637,25.31,71973.60044880836,24.87,101343.99903823803,35.01
Dendropsophus mathiassoni,Amphibia,LC,223714.31016457776,19.56,25751.41634585547,11.51,56686.13085438892,25.34
Dendropsophus microcephalus,Amphibia,LC,218805.89998987972,19.13,24354.74161232202,11.13,66791.5468969058,30.53
Dendropsophus minutus,Amphibia,LC,444536.41803957126,38.87,111913.73435055932,25.18,159260.44771691674,35.83
Dendropsophus rhodopeplus,Amphibia,LC,111517.42154607394,9.75,19483.69988680835,17.47,19965.14576780835,17.9
Dendropsophus sarayacuensis,Amphibia,LC,161429.9214885777,14.11,32868.718818456786,20.36,34799.880528456786,21.56
Hyloscirtus alytolylax,Amphibia,LC,9452.305190028215,0.83,260.9327745400391,2.76,2816.394790540039,29.8
Hyloscirtus phyllognathus,Amphibia,LC,138193.6816363459,12.08,22042.92433272992,15.95,36479.142079702026,26.4
Osteocephalus buckleyi,Amphibia,LC,3905.9327022026473,0.34,488.575456,12.51,939.472482,24.05
Osteocephalus deridens,Amphibia,LC,13189.47298204976,1.15,16.473452266601562,0.12,16.473452266601562,0.12
Osteocephalus leprieurii,Amphibia,LC,278049.1809838963,24.31,70219.21829833569,25.25,104544.65729864038,37.6
Osteocephalus oophagus,Amphibia,LC,0,0,0,NA,0,NA
Osteocephalus planiceps,Amphibia,LC,78160.10271342569,6.83,6667.3298358056645,8.53,8531.540900282227,10.92
Osteocephalus taurinus,Amphibia,LC,571619.7930099657,49.98,113892.77877951023,19.92,179193.92033095946,31.35
Osteocephalus verruciger,Amphibia,LC,27710.10092762619,2.42,7264.023064858643,26.21,9243.612029710694,33.36
Pseudis paradoxa,Amphibia,LC,168394.26346033585,14.72,15406.685497311037,9.15,41979.254170971195,24.93
Scarthyla vigilans,Amphibia,LC,248729.16947945044,21.75,24026.9554432366,9.66,68283.0050328872,27.45
Scinax funereus,Amphibia,LC,7666.940457796813,0.67,559.6828937370606,7.3,580.0470762370605,7.57
Scinax garbei,Amphibia,LC,129476.6599168898,11.32,21230.12816830835,16.4,21762.67510130835,16.81
Scinax quinquefasciatus,Amphibia,LC,5131.813157107223,0.45,67.0202255,1.31,337.76217725,6.58
Scinax rostratus,Amphibia,LC,519776.1973826486,45.45,72689.32616188,13.98,147601.28078450475,28.4
Scinax ruber,Amphibia,LC,935337.280612889,81.78,167492.80833167394,17.91,260622.2859899911,27.86
Scinax wandae,Amphibia,LC,133318.572718885,11.66,8363.206448413086,6.27,20345.982765606444,15.26
Smilisca phaeota,Amphibia,LC,123573.95507877693,10.8,21364.387544973357,17.29,29822.743368524993,24.13
Smilisca sila,Amphibia,LC,0,0,0,NA,0,NA
Sphaenorhynchus lacteus,Amphibia,LC,223099.51497308453,19.51,71995.904416,32.27,98504.502066,44.15
Trachycephalus jordani,Amphibia,LC,0,0,0,NA,0,NA
Agalychnis callidryas,Amphibia,LC,0,0,0,NA,0,NA
Callimedusa tomopterna,Amphibia,LC,167872.67403419042,14.68,37003.00721280835,22.04,42284.663907808346,25.19
Phyllomedusa bicolor,Amphibia,LC,127482.88510031476,11.15,35812.789824,28.09,47269.139968,37.08
Phyllomedusa tarsius,Amphibia,LC,61604.93465523013,5.39,4207.949147026367,6.83,7800.567797612304,12.66
Phyllomedusa vaillantii,Amphibia,LC,117809.98958024304,10.3,18447.67461255835,15.66,18536.18804155835,15.73
Edalorhina perezi,Amphibia,LC,352568.31905807694,30.83,87546.4557352002,24.83,122900.05780764551,34.86
Engystomops petersi,Amphibia,LC,196648.2379238475,17.19,47625.91299600366,24.22,73127.88975730835,37.19
Engystomops pustulosus,Amphibia,LC,207312.6450168139,18.13,22271.248815592775,10.74,52571.67373697852,25.36
Physalaemus fischeri,Amphibia,LC,177390.5554068169,15.51,15232.603302889647,8.59,31876.901871890623,17.97
Pleurodema brachyops,Amphibia,LC,68065.01269038867,5.95,5713.863369507812,8.39,33279.817111625,48.89
Pseudopaludicola boliviana,Amphibia,LC,0,0,0,NA,0,NA
Pseudopaludicola pusilla,Amphibia,LC,82921.47561406781,7.25,7001.530730644531,8.44,36740.87985455859,44.31
Adenomera andreae,Amphibia,LC,289641.7789425904,25.33,60976.622320975584,21.05,89806.8835984629,31.01
Adenomera hylaedactyla,Amphibia,LC,506848.6325398347,44.32,117900.37614259546,23.26,168857.58655567165,33.32
Leptodactylus bolivianus,Amphibia,LC,674360.180640893,58.96,106209.81334633402,15.75,215603.59974705824,31.97
Leptodactylus colombiensis,Amphibia,LC,321454.9718669692,28.11,35184.350658642456,10.95,82665.83533564612,25.72
Leptodactylus fragilis,Amphibia,LC,390310.5717728089,34.13,35244.36277286362,9.03,86285.13365447464,22.11
Leptodactylus fuscus,Amphibia,LC,639166.2613877148,55.89,103103.84483820396,16.13,206008.24384432315,32.23
Leptodactylus insularum,Amphibia,LC,384273.80618172995,33.6,36066.71269940109,9.39,87987.01198444754,22.9
Leptodactylus knudseni,Amphibia,LC,591934.4061581679,51.76,112023.79983699707,18.93,174972.26819541014,29.56
Leptodactylus leptodactyloides,Amphibia,LC,376539.0127096466,32.92,95908.838097965825,25.47,131266.3966057705,34.86
Leptodactylus longirostris,Amphibia,LC,0,0,0,NA,0,NA
Leptodactylus macrosternum,Amphibia,LC,158949.9961066533,13.9,8620.806085751465,5.42,12442.723717931152,7.83
Leptodactylus melanonotus,Amphibia,LC,224116.4066824004,19.6,68669.78979205927,30.64,119101.08811082166,53.14
Leptodactylus mystaceus,Amphibia,LC,672589.9945584827,58.81,130008.57639852952,19.33,197823.51278124293,29.41
Leptodactylus pentadactylus,Amphibia,LC,572453.2855992791,50.05,114356.2778691562,19.98,192829.2888256664,33.68
Leptodactylus petersii,Amphibia,LC,456025.5499649274,39.87,98736.4908733826,21.65,141775.05386682128,31.09
Leptodactylus poecilochilus,Amphibia,LC,2588.4948504706445,0.23,232.9884938125,9,365.25258653125,14.11
Leptodactylus rhodomystax,Amphibia,LC,2823.2649504033147,0.25,59.0488299296875,2.09,59.0488299296875,2.09
Leptodactylus rhodonotus,Amphibia,LC,0,0,0,NA,0,NA
Leptodactylus savagei,Amphibia,LC,214592.89342418013,18.76,25363.533775998047,11.82,48698.044027506105,22.69
Leptodactylus ventrimaculatus,Amphibia,LC,4860.149671285725,0.42,87.569889,1.8,304.171489,6.26
Leptodactylus wagneri,Amphibia,LC,316881.77076805616,27.71,76090.95093104272,24.01,106640.6900553474,33.65
Lithodytes lineatus,Amphibia,LC,669651.0701402391,58.55,134499.1097101318,20.08,199135.8040420543,29.74
Chiasmocleis bassleri,Amphibia,LC,136423.26052936955,11.93,29086.6245792666,21.32,29842.2141472666,21.87
Chiasmocleis carvalhoi,Amphibia,LC,0,0,0,NA,0,NA
Chiasmocleis ventrimaculata,Amphibia,LC,0,0,0,NA,0,NA
Ctenophryne geayi,Amphibia,LC,55196.5820376038,4.83,11369.144336196288,20.6,11655.556336196289,21.12
Hamptophryne boliviana,Amphibia,LC,480734.3228782272,42.03,103760.55699700335,21.58,149199.6697400268,31.04
Pipa pipa,Amphibia,LC,70355.04502755484,6.15,10121.560552,14.39,11133.205192,15.82
Lithobates palmipes,Amphibia,LC,412302.483853373,36.05,98044.903464291,23.78,150194.23683610742,36.43
Lithobates vaillanti,Amphibia,LC,100334.78722052736,8.77,8970.674277511718,8.94,22187.380163027345,22.11
Bolitoglossa altamazonica,Amphibia,NT,335354.4112155659,29.32,73769.31996457966,22,114719.7569721341,34.21
Bolitoglossa adspersa,Amphibia,NT,11354.72631623336,0.99,2607.1607065773924,22.96,2602.924325004394,22.92
Bolitoglossa equatoriana,Amphibia,LC,0,0,0,NA,0,NA
Bolitoglossa palmata,Amphibia,LC,101.71680784637428,0.01,0,0,0,0
Oedipina complex,Amphibia,LC,0,0,0,NA,0,NA
Caecilia orientalis,Amphibia,LC,2045.7321348752964,0.18,1157.41315025,56.58,1343.11599590625,65.65
Oscaecilia ochrocephala,Amphibia,LC,14409.804299501584,1.26,5313.246515953125,36.87,11721.685583972656,81.35
Siphonops annulatus,Amphibia,LC,346056.9304503053,30.26,81478.49342226806,23.54,136046.63358065087,39.31
Typhlonectes natans,Amphibia,LC,122283.71234473202,10.69,10795.123439473724,8.83,37092.60457822202,30.33
Alopoglossus angulatus,Squamata,LC,14985.882912789712,1.31,1090.309746145508,7.28,1387.3417463876954,9.26
Alopoglossus atriventris,Squamata,LC,346316.47747892706,30.28,85107.89860079346,24.58,125318.37726257324,36.19
Ameiva ameiva,Squamata,LC,1018978.2491716476,89.1,185665.9520626498,18.22,307337.6846944011,30.16
Ameiva bifrontata,Squamata,LC,101717.42480555996,8.89,7535.584510153534,7.41,40097.69106440506,39.42
Ameiva praesignis,Squamata,LC,278342.60908284475,24.34,28590.52123897168,10.27,72170.65946449414,25.93
Amphisbaena alba,Squamata,LC,98790.69188443066,8.64,4026.298179319336,4.08,7171.044164068848,7.26
Amphisbaena fuliginosa,Squamata,LC,477314.17623349087,41.73,103866.67293286732,21.76,152499.0450513621,31.95
Anadia bogotensis,Squamata,NT,26541.077805940484,2.32,5969.669769877197,22.49,7107.322993299561,26.78
Anadia ocellata,Squamata,LC,3420.4908621659797,0.3,760.372973375,22.23,1017.153165375,29.74
Anilius scytale,Squamata,LC,360675.99979964184,31.54,101990.94978661888,28.28,141323.5189889939,39.18
Anolis auratus,Squamata,LC,277863.6311862549,24.3,31003.69918759076,11.16,78854.16344242283,28.38
Anolis biporcatus,Squamata,LC,0,0,0,NA,0,NA
Anolis chloris,Squamata,LC,53756.69871254874,4.7,6619.852178418213,12.31,8216.857690027618,15.29
Anolis concolor,Squamata,LC,0,0,0,NA,0,NA
Anolis fitchi,Squamata,LC,7683.989039015804,0.67,1820.6136986338504,23.69,2427.986999786316,31.6
Anolis frenatus,Squamata,LC,2827.2084471771923,0.25,1068.7252071171874,37.8,1337.7245350507812,47.32
Anolis fuscoauratus,Squamata,LC,503583.9335099098,44.03,97345.71301891498,19.33,146732.0248235697,29.14
Anolis gaigei,Squamata,LC,7726.7165011012285,0.68,1226.6364514375,15.88,2026.0900681708983,26.22
Anolis gemmosus,Squamata,LC,27280.3994956012,2.39,3771.609318636963,13.83,7594.799558793213,27.84
Anolis granuliceps,Squamata,LC,84087.4317974246,7.35,8872.095043882813,10.55,10994.739233375,13.08
Anolis heterodermus,Squamata,LC,71811.08290918246,6.28,19506.90556851792,27.16,25752.07351499539,35.86
Anolis latifrons,Squamata,LC,82832.46883643609,7.24,13059.171608931883,15.77,16345.967778300294,19.73
Anolis lemurinus,Squamata,LC,0,0,0,NA,0,NA
Anolis maculiventris,Squamata,LC,273408.8857225777,23.91,41998.12322710821,15.36,75755.3540874165,27.71
Anolis notopholis,Squamata,LC,293314.9455797364,25.65,41588.09970909587,14.18,73084.77180551602,24.92
Anolis ortonii,Squamata,LC,416628.8427854351,36.43,79859.19686563984,19.17,133579.69936945525,32.06
Anolis pentaprion,Squamata,LC,0,0,0,NA,0,NA
Anolis peraccae,Squamata,LC,103019.20914182834,9.01,13137.20097556372,12.75,21055.57077068872,20.44
Anolis poecilopus,Squamata,LC,33486.672984441044,2.93,3786.9106878671873,11.31,13828.29338180078,41.29
Anolis punctatus,Squamata,LC,450103.0117912004,39.36,102867.03873591773,22.85,143802.57054529272,31.95
Anolis scypheus,Squamata,LC,257790.52698499485,22.54,27382.003961320555,10.62,45435.54023805982,17.62
Anolis transversalis,Squamata,LC,49774.07354844113,4.35,6271.9659700908205,12.6,7537.036687528321,15.14
Anolis tropidogaster,Squamata,LC,263563.5529299558,23.04,42259.05124106598,16.03,95781.88698838904,36.34
Anolis ventrimaculatus,Squamata,LC,17432.59375497046,1.52,6528.508269784424,37.45,7737.133552382264,44.38
Anolis vittigerus,Squamata,LC,98630.2822799495,8.62,14211.10996504297,14.41,40888.75012655859,41.46
Arthrosaura reticulata,Squamata,LC,8231.038907050643,0.72,1130.59504975,13.74,1219.7001935,14.82
Atractus crassicaudatus,Squamata,LC,5373.6233455178835,0.47,472.3627973817444,8.79,488.50942061349105,9.09
Atractus elaps,Squamata,LC,51059.55919511341,4.46,6900.348831687256,13.51,8279.656643124756,16.22
Atractus major,Squamata,LC,70744.96601023187,6.19,11298.760317078522,15.97,21872.528518040923,30.92
Bachia heteropa,Squamata,LC,0,0,0,NA,0,NA
Basiliscus basiliscus,Squamata,LC,477320.386941363,41.74,107787.11499889352,22.58,191301.59101216609,40.08
Basiliscus galeritus,Squamata,LC,239180.5175329256,20.91,31097.00021640808,13,63534.21514263391,26.56
Basiliscus vittatus,Squamata,LC,0,0,0,NA,0,NA
Boa constrictor,Squamata,LC,945624.4339664372,82.68,178071.2521767584,18.83,280365.5655356321,29.65
Boa imperator,Squamata,LC,12067.537279012322,1.06,1898.6750494921876,15.73,3843.871625300781,31.85
Bothriechis schlegelii,Squamata,LC,11737.318713922816,1.03,2484.24819384375,21.17,3238.8594574375,27.59
Bothrocophias hyoprora,Squamata,LC,64364.764441521234,5.63,11875.803193434422,18.45,18056.830892365513,28.05
Bothrops asper,Squamata,LC,115718.01601361476,10.12,16811.19204498242,14.53,27335.050754572265,23.62
Bothrops atrox,Squamata,LC,939697.4495826296,82.16,168148.55559947694,17.89,264414.8129503729,28.14
Bothrops bilineatus,Squamata,LC,81751.5904063039,7.15,18193.088862020508,22.25,18447.153390262694,22.56
Caiman crocodilus,Crocodylia,LC,717807.8896026255,62.76,129424.67428242892,18.03,215325.8146685994,30
Cercosaura argulus,Squamata,LC,477050.4356174376,41.71,119113.99724385278,24.97,175758.9083241982,36.84
Cercosaura ocellata,Squamata,LC,404119.9106981506,35.33,89637.89004195118,22.18,131988.5571830918,32.66
Chironius carinatus,Squamata,LC,877202.095757922,76.7,158975.3352665993,18.12,273512.1757659955,31.18
Chironius exoletus,Squamata,LC,785669.9534875663,68.7,145129.8307196784,18.47,258470.17346833923,32.9
Chironius fuscus,Squamata,LC,813813.6724972776,71.16,156196.33051841383,19.19,241849.2722330049,29.72
Chironius grandisquamis,Squamata,LC,165326.75216228203,14.46,28448.91898150121,17.21,43813.556086123455,26.5
Chironius monticola,Squamata,LC,172965.12020438685,15.12,39101.995406231115,22.61,59633.49552746281,34.48
Chironius multiventris,Squamata,LC,50087.786466283855,4.38,6889.314933687256,13.75,8235.754783124756,16.44
Chironius scurrulus,Squamata,LC,141217.7070243023,12.35,25291.855837062256,17.91,27053.988263499756,19.16
Clelia clelia,Squamata,LC,567897.101539613,49.65,124544.37962408582,21.93,183575.5767565038,32.33
Cnemidophorus lemniscatus,Squamata,LC,506996.1129492554,44.33,81366.64983084689,16.05,165979.11132592263,32.74
Corallus ruschenbergerii,Squamata,LC,0,0,0,NA,0,NA
Corytophanes cristatus,Squamata,LC,5627.243285100886,0.49,1473.3722951171876,26.18,2134.042575050781,37.92
Crocodylus acutus,Crocodylia,VU,0,0,0,NA,0,NA
Crotalus durissus,Squamata,LC,186690.7121648104,16.32,15456.82850063095,8.28,57370.173541085605,30.73
Ctenosaura similis,Squamata,LC,0,0,0,NA,0,NA
Dendrophidion percarinatum,Squamata,LC,169193.54543388917,14.79,21239.648712446167,12.55,56509.024585177795,33.4
Dipsas catesbyi,Squamata,LC,552598.2153326147,48.32,126103.20718984872,22.82,193404.9874539401,35
Dipsas indica,Squamata,LC,143716.34202091317,12.57,26327.063074560057,18.32,43068.196309823245,29.97
Drepanoides anomalus,Squamata,LC,105895.9646663399,9.26,19883.210542206787,18.78,20311.873698448973,19.18
Drymarchon corais,Squamata,LC,546491.3058726819,47.78,123287.60743761176,22.56,186524.74873088824,34.13
Drymobius rhombifer,Squamata,LC,613450.350776517,53.64,130648.88869038108,21.3,194557.42157072137,31.72
Drymoluber dichrous,Squamata,LC,586251.8017215081,51.26,113702.87822140843,19.39,165483.13092614478,28.23
Echinosaura horrida,Squamata,LC,116928.70461754274,10.22,16472.66438646179,14.09,36378.23623055426,31.11
Enyalioides heterolepis,Squamata,LC,46028.91332343756,4.02,9431.921398070312,20.49,14617.957634160157,31.76
Enyalioides laticeps,Squamata,LC,411101.49269040575,35.95,99517.51900882264,24.21,147314.15842317225,35.83
Epicrates cenchria,Squamata,LC,968913.2570351532,84.72,179680.44001237382,18.54,277469.08949481224,28.64
Epicrates maurus,Squamata,LC,0,0,0,NA,0,NA
Epictia tenella,Squamata,NA,0.8523676993409991,0,0.7709363125,90.45,0.7709363125,90.45
Erythrolamprus aesculapii,Squamata,LC,919656.5160335378,80.41,172111.51364563598,18.71,273536.96274171106,29.74
Erythrolamprus bizona,Squamata,LC,257852.5680506102,22.55,29958.827535568573,11.62,67988.94913885916,26.37
Erythrolamprus melanotus,Squamata,LC,0,0,0,NA,0,NA
Erythrolamprus reginae,Squamata,LC,540467.4220555371,47.26,107770.34781206494,19.94,159956.1268309473,29.6
Eunectes murinus,Squamata,LC,626978.4186036665,54.82,114099.43468563475,18.2,174303.37390508302,27.8
Gonatodes albogularis,Squamata,LC,147488.9039103262,12.9,18806.820750448456,12.75,54343.05536228299,36.85
Gonatodes caudiscutatus,Squamata,LC,3238.6060146870577,0.28,52.7995663359375,1.63,162.2973823359375,5.01
Gonatodes concinnatus,Squamata,LC,721930.3129657485,63.12,138358.00401091468,19.17,213198.01784552576,29.53
Gonatodes hasemani,Squamata,LC,0,0,0,NA,0,NA
Gonatodes humeralis,Squamata,LC,770546.4330370163,67.37,140489.74393004712,18.23,224420.55710509155,29.12
Gonatodes vittatus,Squamata,LC,0,0,0,NA,0,NA
Gymnophthalmus speciosus,Squamata,LC,266083.5107646046,23.27,25134.564158557616,9.45,70178.32413281055,26.37
Helicops angulatus,Squamata,LC,698479.1148078089,61.07,150598.2847910729,21.56,221328.14182935015,31.69
Helicops danieli,Squamata,LC,80080.36609297433,7,6405.477125765625,8,36413.42880643359,45.47
Hemidactylus frenatus,Squamata,LC,546430.4759993177,47.78,108284.52750372766,19.82,172406.23419351786,31.55
Hemidactylus mabouia,Squamata,LC,336324.2817067724,29.41,91101.28268299768,27.09,137170.2194539669,40.79
Hemidactylus palaichthus,Squamata,LC,38106.52232896805,3.33,3723.499882326172,9.77,3881.499443376953,10.19
Holcosus festivus,Squamata,LC,146987.80637326272,12.85,16159.896327939698,10.99,45289.671709573275,30.81
Holcosus leptophrys,Squamata,LC,4756.139240085338,0.42,1141.4703331484377,24,1830.465597113281,38.49
Holcosus septemlineatus,Squamata,LC,0,0,0,NA,0,NA
Hydrops triangularis,Squamata,LC,599299.0619466607,52.4,107743.06369425292,17.98,157750.1010378623,26.32
Iguana iguana,Squamata,LC,479924.6535331572,41.96,84575.88058750411,17.62,151567.27841071854,31.58
Imantodes cenchoa,Squamata,LC,1040314.9432391104,90.96,190119.47263326,18.28,309562.7211145344,29.76
Imantodes lentiferus,Squamata,LC,157486.36588085245,13.77,33465.37699271817,21.25,34572.87449903067,21.95
Iphisa elegans,Squamata,LC,124570.76504192843,10.89,26320.8173715166,21.13,26831.7882995166,21.54
Kentropyx altamazonica,Squamata,LC,273448.87406109326,23.91,66245.36085732812,24.23,105258.46957570311,38.49
Kentropyx pelviceps,Squamata,LC,334826.918477353,29.28,88359.75696664039,26.39,124466.37273293508,37.17
Kentropyx striata,Squamata,LC,123101.97660488302,10.76,11031.137987460936,8.96,19173.229427890627,15.58
Lachesis muta,Squamata,LC,903045.9387305386,78.96,173920.24504168684,19.26,271679.07032632513,30.08
Lepidoblepharis sanctaemartae,Squamata,LC,75860.9397652101,6.63,7667.733232957519,10.11,34736.730729116214,45.79
Lepidoblepharis xanthostigma,Squamata,LC,75147.31040919805,6.57,11339.873668442628,15.09,18880.710100542725,25.12
Lepidodactylus lugubris,Squamata,LC,27823.866436306667,2.43,6334.369564070313,22.77,11569.523148160157,41.58
Leptodeira annulata,Squamata,LC,972626.6609113564,85.04,180749.01071796744,18.58,286872.603324182,29.49
Leptophis ahaetulla,Squamata,LC,818298.7936591898,71.55,169480.56708572523,20.71,261386.75747801672,31.94
Liotyphlops albirostris,Squamata,LC,107863.27227727762,9.43,12541.617796195313,11.63,26232.79468307422,24.32
Loxopholis rugiceps,Squamata,LC,94663.24451211542,8.28,9889.34505066797,10.45,39705.72804009766,41.94
Loxopholis southi,Squamata,LC,0,0,0,NA,0,NA
Mastigodryas alternatus,Squamata,LC,0,0,0,NA,0,NA
Mastigodryas boddaerti,Squamata,LC,1587.643240193257,0.14,55.7816535,3.51,322.2974935,20.3
Melanosuchus niger,Crocodylia,LC,595034.6525242645,52.03,112282.137515042,18.87,164295.14882905665,27.61
Micrurus dumerilii,Squamata,LC,170138.56353760252,14.88,21351.005184105343,12.55,42378.05492173804,24.91
Micrurus lemniscatus,Squamata,LC,317511.7998205715,27.76,81970.08094367578,25.82,119676.04366489746,37.69
Micrurus mipartitus,Squamata,LC,627720.9685776106,54.89,81317.95202363678,12.95,166214.52556275463,26.48
Micrurus nigrocinctus,Squamata,LC,0,0,0,NA,0,NA
Micrurus ornatissimus,Squamata,LC,0,0,0,NA,0,NA
Micrurus surinamensis,Squamata,LC,354874.18119901133,31.03,99329.71050144116,27.99,137382.88775581616,38.71
Ninia atrata,Squamata,LC,152926.8476007843,13.37,58887.364882180416,38.51,92561.62034176927,60.53
Oxybelis aeneus,Squamata,LC,571532.5664697516,49.97,144077.33981925668,25.21,214014.94979926464,37.45
Oxybelis brevirostris,Squamata,LC,20444.06316282519,1.79,2881.95352896875,14.1,4197.66591746875,20.53
Oxyrhopus melanogenys,Squamata,LC,178935.9153339304,15.65,37201.881622954104,20.79,39051.9114560791,21.82
Oxyrhopus petolarius,Squamata,LC,327075.9952090282,28.6,68828.4983109285,21.04,107358.3344383295,32.82
Paleosuchus palpebrosus,Crocodylia,LC,269.51578576455745,0.02,7.241486,2.69,98.389806,36.51
Paleosuchus trigonatus,Crocodylia,LC,653032.8373261935,57.1,121419.11578608472,18.59,186487.3968206189,28.56
Plica umbra,Squamata,LC,259851.908497023,22.72,53889.19422104004,20.74,69857.39620841504,26.88
Pliocercus euryzonus,Squamata,LC,13080.734401003036,1.14,1918.5634326171876,14.67,2732.416437050781,20.89
Polychrus gutturosus,Squamata,LC,58306.33176629423,5.1,8793.212504496094,15.08,25225.470566703127,43.26
Porthidium lansbergii,Squamata,LC,197654.37089787875,17.28,22416.180015381626,11.34,64452.00995274936,32.61
Potamites ecpleopus,Squamata,LC,80417.7630648672,7.03,15684.930523048037,19.5,18353.98864243054,22.82
Pseudoboa neuwiedii,Squamata,LC,196265.04399612956,17.16,21655.42647856055,11.03,48294.35154606055,24.61
Pseudogonatodes guianensis,Squamata,LC,228119.2602249891,19.95,47846.37039853882,20.97,63764.002922073974,27.95
Riama striata,Squamata,LC,35258.02526710314,3.08,11206.871266595155,31.79,12401.271583361327,35.17
Sibon nebulatus,Squamata,LC,438557.9533544114,38.35,97077.10936855953,22.14,149204.81968017426,34.02
Siphlophis cervinus,Squamata,LC,14027.383130815902,1.23,2696.1746950078127,19.22,5612.033622847656,40.01
Siphlophis compressus,Squamata,LC,511750.49767309334,44.75,108196.62920046094,21.14,160008.33024737402,31.27
Sphaerodactylus lineolatus,Squamata,LC,223128.40140772588,19.51,36356.546808595594,16.29,73242.11171748453,32.83
Spilotes pullatus,Squamata,LC,877215.7745931724,76.7,166606.74159183248,18.99,260677.77759810063,29.72
Stenocercus guentheri,Squamata,LC,16297.069640229038,1.42,3229.8758594016113,19.82,5897.151843315673,36.19
Stenocercus iridescens,Squamata,LC,5959.357248323332,0.52,57.1595703125,0.96,166.5042309375,2.79
Stenocercus trachycephalus,Squamata,LC,18716.94673840944,1.64,4449.556876789306,23.77,5282.874623298828,28.23
Stenorrhina degenhardtii,Squamata,LC,0,0,0,NA,0,NA
Tantilla melanocephala,Squamata,LC,866199.5650863016,75.74,169626.68088105894,19.58,264112.15903680713,30.49
Thecadactylus rapicauda,Squamata,LC,624512.730093957,54.6,137766.5527374489,22.06,215685.5848808572,34.54
Thecadactylus solimoensis,Squamata,LC,24566.368528298288,2.15,2213.2872303134764,9.01,3097.3791883916015,12.61
Tretioscincus bifasciatus,Squamata,LC,329176.83451824554,28.78,67198.17241513422,20.41,120415.11109161706,36.58
Tupinambis cryptus,Squamata,NA,0,0,0,NA,0,NA
Tupinambis teguixin,Squamata,LC,864764.175486665,75.61,139687.8630862539,16.15,243683.84063679547,28.18
Uranoscodon superciliosus,Squamata,LC,224664.6071953473,19.64,28848.095341046876,12.84,33425.61893304688,14.88
Xenodon rabdocephalus,Squamata,LC,572350.746548964,50.04,113698.23732554309,19.87,184860.71231087923,32.3
Xenodon severus,Squamata,LC,232148.81211943147,20.3,47651.102111528104,20.53,75569.70913595609,32.55
Xenopholis scalaris,Squamata,LC,132030.6066334719,11.54,22393.79725434082,16.96,23601.00180377832,17.88
